Rank,EntryId,EntryName,TimeRemaining,Points,Lineup,,Player,Roster Position,%Drafted,FPTS
1,5213392994,Schlaurizzle (1/5),0,169.55,1B Pete Alonso 2B Jackson Holliday 3B Alex Bregman C Salvador Perez OF Ian Happ OF Leody Taveras OF Dylan Beavers P Connor Prielipp P Jacob Misiorowski SS Gunnar Henderson,,Jacob Misiorowski,P,73.06%,22.5
2,5213481517,Mangey4232 (2/2),0,164.29999,1B Pete Alonso 2B Nico Hoerner 3B Ezequiel Duran C Miguel Amaya OF Jake Bauers OF Jordan Walker OF Jackson Chourio P Matthew Boyd P Kumar Rocker SS Masyn Winn,,Pete Crow-Armstrong,OF,32.66%,11
3,5213489745,Choker12 (1/2),0,163.45,1B Alec Burleson 2B JJ Wetherholt 3B Ezequiel Duran C Ivan Herrera OF Tyler O'Neill OF Leody Taveras OF Colton Cowser P Matthew Boyd P Jacob Misiorowski SS Jackson Holliday,,Kumar Rocker,P,30.64%,-0.65
4,5213400503,Raiderfanatic2195 (3/8),0,157.25,1B Pete Alonso 2B Jackson Holliday 3B Ezequiel Duran C Miguel Amaya OF Leody Taveras OF Pete Crow-Armstrong OF Dylan Beavers P Jacob Misiorowski P Michael McGreevy SS Gunnar Henderson,,Matthew Boyd,P,23.23%,16.95
5,5213487913,Emac (7/8),0,153.55,1B Michael Busch 2B Jackson Holliday 3B Coby Mayo C Ivan Herrera OF Starling Marte OF Tyler O'Neill OF Pete Crow-Armstrong P Connor Prielipp P Jacob Misiorowski SS Gunnar Henderson,,Jake McCarthy,OF,21.55%,10
6,5213487911,Emac (5/8),0,153.2,1B Pete Alonso 2B JJ Wetherholt 3B Alex Bregman C Ivan Herrera OF Tyrone Taylor OF Ian Happ OF Pete Crow-Armstrong P Connor Prielipp P Cade Povich SS Dansby Swanson,,Steven Kwan,OF,20.88%,8
7,5213483276,smitch7821 (1/5),0,153.09999,1B Pete Alonso 2B Willi Castro 3B Coby Mayo C Ivan Herrera OF Ian Happ OF Jake McCarthy OF Pete Crow-Armstrong P Matthew Boyd P Cade Povich SS Masyn Winn,,Ivan Herrera,C,19.87%,16
7,5213483283,smitch7821 (2/5),0,153.09999,1B Pete Alonso 2B Willi Castro 3B Coby Mayo C Ivan Herrera OF Ian Happ OF Jake McCarthy OF Pete Crow-Armstrong P Matthew Boyd P Cade Povich SS Masyn Winn,,Michael McGreevy,P,19.19%,8.75
7,5213490523,smitch7821 (3/5),0,153.09999,1B Pete Alonso 2B Willi Castro 3B Coby Mayo C Ivan Herrera OF Ian Happ OF Jake McCarthy OF Pete Crow-Armstrong P Matthew Boyd P Cade Povich SS Masyn Winn,,Ezequiel Duran,3B,18.18%,6
7,5213490601,smitch7821 (4/5),0,153.09999,1B Pete Alonso 2B Willi Castro 3B Coby Mayo C Ivan Herrera OF Ian Happ OF Jake McCarthy OF Pete Crow-Armstrong P Matthew Boyd P Cade Povich SS Masyn Winn,,Ian Happ,OF,16.84%,24
7,5213490616,smitch7821 (5/5),0,153.09999,1B Pete Alonso 2B Willi Castro 3B Coby Mayo C Ivan Herrera OF Ian Happ OF Jake McCarthy OF Pete Crow-Armstrong P Matthew Boyd P Cade Povich SS Masyn Winn,,Angel Genao,2B,16.16%,4
12,5213400506,Raiderfanatic2195 (6/8),0,149.95,1B Pete Alonso 2B JJ Wetherholt 3B Coby Mayo C Ivan Herrera OF Bryan Torres OF Dylan Beavers OF Nathan Church P Joey Cantillo P Jacob Misiorowski SS Masyn Winn,,Alec Burleson,1B,16.16%,18
13,5213480949,Emac (1/8),0,148.95,1B Pete Alonso 2B Jackson Holliday 3B Nick Loftin C Ivan Herrera OF Colton Cowser OF Dylan Beavers OF Wyatt Langford P Joey Cantillo P Jacob Misiorowski SS Gunnar Henderson,,Michael Busch,1B,15.82%,15
14,5213487912,Emac (6/8),0,148.55,1B Pete Alonso 2B Jackson Holliday 3B Jose Ramirez C Patrick Bailey OF Steven Kwan OF Chase DeLauter OF Dylan Beavers P Connor Prielipp P Jacob Misiorowski SS Gunnar Henderson,,Jackson Holliday,2B,15.82%,17
15,5213454578,Dhawkins270,0,147.45,1B Michael Busch 2B Nico Hoerner 3B Coby Mayo C Miguel Amaya OF Starling Marte OF Michael Conforto OF Pete Crow-Armstrong P Matthew Boyd P Jacob Misiorowski SS Tyler Tolbert,,JJ Wetherholt,2B,15.82%,20
16,5213415056,jdcatman,0,142.7,1B Alec Burleson 2B Nico Hoerner 3B Jose Ramirez C Miguel Amaya OF Tyrone Taylor OF Ian Happ OF Pete Crow-Armstrong P Matthew Boyd P Michael McGreevy SS Ezequiel Duran,,Kyle Karros,3B,15.49%,3
17,5213479414,Mangey4232 (1/2),0,142.25,1B Alec Burleson 2B Nico Hoerner 3B Coby Mayo C Gary Sanchez OF Ian Happ OF Nathan Church OF Wyatt Langford P Jacob Misiorowski P Michael McGreevy SS Masyn Winn,,Andrew Vaughn,1B,15.15%,0
18,5213487159,dolan21,0,141.85,1B Alec Burleson 2B Nico Hoerner 3B Alex Bregman C Miguel Amaya OF Randal Grichuk OF Tyrone Taylor OF Ian Happ P Kumar Rocker P Jacob Misiorowski SS Gunnar Henderson,,Jordan Walker,OF,15.15%,8
19,5213489746,Choker12 (2/2),0,141.45,1B Michael Busch 2B Nico Hoerner 3B Alex Bregman C Carlos Narvaez OF Tyler O'Neill OF Pete Crow-Armstrong OF Colton Cowser P Matthew Boyd P Jacob Misiorowski SS Ezequiel Tovar,,Joey Cantillo,P,14.81%,4.45
20,5213476631,mbosse1970 (2/2),0,140.45,1B Michael Busch 2B Nico Hoerner 3B David Hamilton C Brett Sullivan OF Michael Conforto OF Jordan Walker OF Braden Montgomery P Matthew Boyd P Jacob Misiorowski SS Jackson Holliday,,Jackson Chourio,OF,14.81%,18
21,5213456514,PrimeTime39,0,138.65,1B Pete Alonso 2B Willi Castro 3B Jose Ramirez C Luke Maile OF Brandon Nimmo OF Michael Conforto OF Leody Taveras P Jacob Misiorowski P Cade Povich SS Gunnar Henderson,,Wyatt Langford,OF,14.14%,7
22,5213482596,FunkyKong (6/8),0,137.45,1B Andrew Vaughn 2B Nico Hoerner 3B Colson Montgomery C Miguel Amaya OF Tyrone Taylor OF Ian Happ OF Braden Montgomery P Matthew Boyd P Jacob Misiorowski SS Dansby Swanson,,Dansby Swanson,SS,14.14%,7
23,5213450099,ZIBANENASTY93,0,135.95,1B Pete Alonso 2B Jackson Holliday 3B Nick Loftin C Salvador Perez OF Starling Marte OF Tyler O'Neill OF Jac Caglianone P Joey Cantillo P Jacob Misiorowski SS Gunnar Henderson,,Chase DeLauter,OF,13.80%,6
24,5213418211,elshaba,0,135.85,1B Alec Burleson 2B JJ Wetherholt 3B Alex Bregman C Miguel Amaya OF Brandon Nimmo OF Michael Conforto OF Jose Fermin P Kumar Rocker P Jacob Misiorowski SS Masyn Winn,,Nick Loftin,3B,13.47%,0
25,5213490600,littlejoe_jr,0,134.95,1B Pete Alonso 2B JJ Wetherholt 3B Miguel Vargas C Carlos Narvaez OF Kyle Isbel OF Jordan Walker OF Colton Cowser P Joey Cantillo P Jacob Misiorowski SS Luisangel Acuna,,Masyn Winn,SS,13.47%,12
26,5213445790,elgumpo920,0,134.25,1B Jake Bauers 2B Brice Turang 3B Ezequiel Duran C Salvador Perez OF Starling Marte OF Tyler O'Neill OF Jackson Chourio P Jacob Misiorowski P Michael McGreevy SS Masyn Winn,,Salvador Perez,C,13.13%,5
27,5213421559,masononski,0,133.95,1B Pete Alonso 2B Jackson Holliday 3B Ezequiel Duran C Ivan Herrera OF Tyler O'Neill OF Steven Kwan OF Wyatt Langford P Davis Martin P Jacob Misiorowski SS Corey Seager,,Nico Hoerner,2B,12.79%,19
28,5213393453,Schlaurizzle (3/5),0,133.55,1B TJ Rumfield 2B Nico Hoerner 3B Alex Bregman C Brett Sullivan OF Ian Happ OF Jake McCarthy OF Cole Carrigg P Connor Prielipp P Jacob Misiorowski SS Ezequiel Tovar,,Alex Bregman,3B,12.79%,15
29,5213489607,FunkyKong (8/8),0,132.65,1B Michael Busch 2B JJ Wetherholt 3B Coby Mayo C Ivan Herrera OF Starling Marte OF Steven Kwan OF Jordan Walker P Jacob Misiorowski P Cade Povich SS Masyn Winn,,Cade Povich,P,12.46%,1.15
30,5213459903,Tf1960,0,131.7,1B Jake Bauers 2B Nico Hoerner 3B Ezequiel Duran C Ivan Herrera OF Brandon Nimmo OF Jake McCarthy OF Wyatt Langford P Matthew Boyd P Michael McGreevy SS Dansby Swanson,,Corey Seager,SS,11.78%,0
31,5213456162,kreller17 (1/5),0,131.29999,1B Michael Busch 2B Nico Hoerner 3B David Hamilton C Miguel Amaya OF Ian Happ OF Pete Crow-Armstrong OF Jackson Chourio P Matthew Boyd P Kumar Rocker SS Corey Seager,,Davis Martin,P,11.78%,0.45
32,5213485920,FantasyCrusader (6/8),0,130.25,1B Alec Burleson 2B JJ Wetherholt 3B Alex Bregman C Jimmy Crooks OF Tyrone Taylor OF Michael Conforto OF Ian Happ P Jacob Misiorowski P Michael McGreevy SS Dansby Swanson,,Jake Burger,1B,11.45%,7
33,5213485916,FantasyCrusader (2/8),0,129.65,1B Michael Busch 2B Jackson Holliday 3B Kyle Karros C Miguel Amaya OF Ian Happ OF Steven Kwan OF Pete Crow-Armstrong P Jacob Misiorowski P Cade Povich SS Dansby Swanson,,Brice Turang,2B,11.45%,7
34,5213475558,UWAlums03 (2/5),0,128.95,1B Andrew Vaughn 2B Jackson Holliday 3B Alex Bregman C Miguel Amaya OF Michael Conforto OF Pete Crow-Armstrong OF Colton Cowser P Joey Cantillo P Jacob Misiorowski SS Dansby Swanson,,Braden Montgomery,OF,11.45%,4
34,5213477938,keppermills (1/2),0,128.95,1B Pete Alonso 2B Angel Genao 3B Kyle Karros C Patrick Bailey OF Tyler O'Neill OF Pete Crow-Armstrong OF Chase DeLauter P Joey Cantillo P Jacob Misiorowski SS Jackson Holliday,,Bobby Witt Jr.,SS,10.77%,2
34,5213485761,keppermills (2/2),0,128.95,1B Pete Alonso 2B Angel Genao 3B Kyle Karros C Patrick Bailey OF Tyler O'Neill OF Pete Crow-Armstrong OF Chase DeLauter P Joey Cantillo P Jacob Misiorowski SS Jackson Holliday,,Cole Carrigg,OF,10.77%,7
37,5213486610,ppppzl,0,128.85,1B Michael Busch 2B Nico Hoerner 3B Alex Bregman C Jimmy Crooks OF Brandon Nimmo OF Tyrone Taylor OF Ian Happ P Kumar Rocker P Jacob Misiorowski SS Gunnar Henderson,,Tyrone Taylor,OF,10.77%,3
38,5213483257,757teaggs,0,127.55,1B Michael Busch 2B Jackson Holliday 3B Nick Loftin C Salvador Perez OF Tyler O'Neill OF Ian Happ OF Pete Crow-Armstrong P Connor Prielipp P Jacob Misiorowski SS Tyler Tolbert,,Jimmy Crooks,C,10.77%,2
39,5213459307,Do_Figolo_Chip (1/5),0,127.25,1B Michael Busch 2B Jackson Holliday 3B Alex Bregman C Ivan Herrera OF Jordan Walker OF Braden Montgomery OF Dylan Beavers P Jacob Misiorowski P Michael McGreevy SS Masyn Winn,,Gunnar Henderson,SS,10.77%,11
40,5213475902,sgwump,0,126.25,1B Andrew Vaughn 2B Angel Genao 3B Ezequiel Duran C Ivan Herrera OF Ian Happ OF Jake McCarthy OF Jackson Chourio P Jacob Misiorowski P Michael McGreevy SS Jackson Holliday,,Brandon Nimmo,OF,10.77%,18
41,5213453510,calcityHvg,0,125.45,1B Andrew Vaughn 2B Nico Hoerner 3B Kyle Karros C Edgar Quero OF Jake Bauers OF Ian Happ OF Braden Montgomery P Matthew Boyd P Jacob Misiorowski SS Dansby Swanson,,Nathan Church,OF,10.10%,8
41,5213485917,FantasyCrusader (3/8),0,125.45,1B Michael Busch 2B Jackson Holliday 3B Kyle Karros C Miguel Amaya OF Tyrone Taylor OF Pete Crow-Armstrong OF Dylan Beavers P Matthew Boyd P Jacob Misiorowski SS Dansby Swanson,,William Contreras,C,10.10%,0
43,5213431919,CaptainMorgan59,0,123.65,1B Alec Burleson 2B JJ Wetherholt 3B Nick Loftin C Jimmy Crooks OF Ian Happ OF Pete Crow-Armstrong OF Nathan Church P Michael Lorenzen P Jacob Misiorowski SS Jackson Holliday,,Michael Conforto,OF,9.76%,10
44,5213395428,LadyNoLuck,0,123.45,1B Nathaniel Lowe 2B Jackson Holliday 3B Ezequiel Duran C Ivan Herrera OF Tyler O'Neill OF Steven Kwan OF Wyatt Langford P Matthew Boyd P Jacob Misiorowski SS Masyn Winn,,Nathaniel Lowe,1B,9.76%,2
44,5213462525,IAMFARKD,0,123.45,1B Jac Caglianone 2B Brice Turang 3B Ezequiel Duran C Ivan Herrera OF Tyler O'Neill OF Leody Taveras OF Dylan Beavers P Matthew Boyd P Jacob Misiorowski SS Jackson Holliday,,Tyler O'Neill,OF,9.43%,16
46,5213448817,likenoah (1/8),0,123.25,1B Alec Burleson 2B Jackson Holliday 3B Alex Bregman C Ivan Herrera OF Tyrone Taylor OF Steven Kwan OF Braden Montgomery P Jacob Misiorowski P Michael McGreevy SS Gunnar Henderson,,Jose Fermin,3B,8.75%,0
46,5213455568,likenoah (2/8),0,123.25,1B Alec Burleson 2B Jackson Holliday 3B Alex Bregman C Ivan Herrera OF Tyrone Taylor OF Steven Kwan OF Braden Montgomery P Jacob Misiorowski P Michael McGreevy SS Gunnar Henderson,,Connor Prielipp,P,8.75%,15.05
46,5213455569,likenoah (3/8),0,123.25,1B Alec Burleson 2B Jackson Holliday 3B Alex Bregman C Ivan Herrera OF Tyrone Taylor OF Steven Kwan OF Braden Montgomery P Jacob Misiorowski P Michael McGreevy SS Gunnar Henderson,,Jose Ramirez,3B,8.75%,15
46,5213455570,likenoah (4/8),0,123.25,1B Alec Burleson 2B Jackson Holliday 3B Alex Bregman C Ivan Herrera OF Tyrone Taylor OF Steven Kwan OF Braden Montgomery P Jacob Misiorowski P Michael McGreevy SS Gunnar Henderson,,Mickey Moniak,OF,8.42%,3
46,5213455571,likenoah (5/8),0,123.25,1B Alec Burleson 2B Jackson Holliday 3B Alex Bregman C Ivan Herrera OF Tyrone Taylor OF Steven Kwan OF Braden Montgomery P Jacob Misiorowski P Michael McGreevy SS Gunnar Henderson,,Willi Castro,2B,8.42%,7
46,5213455572,likenoah (6/8),0,123.25,1B Alec Burleson 2B Jackson Holliday 3B Alex Bregman C Ivan Herrera OF Tyrone Taylor OF Steven Kwan OF Braden Montgomery P Jacob Misiorowski P Michael McGreevy SS Gunnar Henderson,,Jackson Holliday,SS,8.42%,17
46,5213455573,likenoah (7/8),0,123.25,1B Alec Burleson 2B Jackson Holliday 3B Alex Bregman C Ivan Herrera OF Tyrone Taylor OF Steven Kwan OF Braden Montgomery P Jacob Misiorowski P Michael McGreevy SS Gunnar Henderson,,Starling Marte,OF,8.08%,16
46,5213455574,likenoah (8/8),0,123.25,1B Alec Burleson 2B Jackson Holliday 3B Alex Bregman C Ivan Herrera OF Tyrone Taylor OF Steven Kwan OF Braden Montgomery P Jacob Misiorowski P Michael McGreevy SS Gunnar Henderson,,Miguel Amaya,C,8.08%,21
54,5213464039,paul1647,0,122.95,1B Jake Burger 2B JJ Wetherholt 3B Coby Mayo C Jimmy Crooks OF Brandon Nimmo OF Leody Taveras OF Jackson Chourio P Davis Martin P Jacob Misiorowski SS Gunnar Henderson,,Ezequiel Duran,SS,7.74%,6
55,5213473382,jbamat,0,122.85,1B Michael Busch 2B Nico Hoerner 3B Jose Ramirez C Miguel Amaya OF Michael Conforto OF Steven Kwan OF Chase DeLauter P Kumar Rocker P Jacob Misiorowski SS Dansby Swanson,,Pete Alonso,1B,7.41%,41
56,5213489248,downhomedogg,0,122.8,1B Alec Burleson 2B JJ Wetherholt 3B Ezequiel Duran C Ivan Herrera OF Steven Kwan OF Pete Crow-Armstrong OF Jordan Walker P Connor Prielipp P Michael McGreevy SS Masyn Winn,,Luke Maile,C,7.07%,3
57,5213437579,RyderCup616 (1/2),0,120.45,1B Michael Busch 2B Royce Lewis 3B Ezequiel Duran C Gary Sanchez OF Mickey Moniak OF Colton Cowser OF Cam Cauley P Matthew Boyd P Jacob Misiorowski SS Jackson Holliday,,Miguel Vargas,3B,6.06%,11
58,5213482854,okelly36 (1/2),0,120.25,1B Michael Busch 2B Michael Massey 3B Nick Loftin C Salvador Perez OF Starling Marte OF Ian Happ OF Pete Crow-Armstrong P Jacob Misiorowski P Michael McGreevy SS Dansby Swanson,,Hunter Goodman,C,5.72%,19
58,5213487866,Foleyface (2/2),0,120.25,1B Michael Busch 2B Michael Massey 3B Nick Loftin C Salvador Perez OF Starling Marte OF Ian Happ OF Pete Crow-Armstrong P Jacob Misiorowski P Michael McGreevy SS Dansby Swanson,,TJ Rumfield,1B,5.39%,0
60,5213402005,nathan_vanthof,0,119.5,1B Michael Busch 2B Jackson Holliday 3B Miguel Vargas C Ivan Herrera OF Ian Happ OF Steven Kwan OF Pete Crow-Armstrong P Davis Martin P Connor Prielipp SS Bobby Witt Jr.,,Colton Cowser,OF,5.39%,21
61,5213475970,mbosse1970 (1/2),0,119.45,1B Alec Burleson 2B Michael Massey 3B David Hamilton C Carlos Narvaez OF Michael Conforto OF Jordan Walker OF Braden Montgomery P Matthew Boyd P Jacob Misiorowski SS Jackson Holliday,,Jac Caglianone,1B,5.39%,3
62,5213469318,mtwurth,0,119.25,1B TJ Rumfield 2B JJ Wetherholt 3B Jose Fermin C Ivan Herrera OF Ian Happ OF Jac Caglianone OF Nathan Church P Jacob Misiorowski P Michael McGreevy SS Jackson Holliday,,Edgar Quero,C,5.05%,6
63,5213475559,UWAlums03 (3/5),0,118.85,1B Michael Busch 2B JJ Wetherholt 3B Alex Bregman C Miguel Amaya OF Tyrone Taylor OF Bryan Torres OF Jordan Walker P Kumar Rocker P Jacob Misiorowski SS Masyn Winn,,Travis Bazzana,2B,5.05%,2
63,5213487848,Foleyface (1/2),0,118.85,1B Salvador Perez 2B Michael Massey 3B Alex Bregman C Miguel Amaya OF Starling Marte OF Ian Happ OF Jac Caglianone P Kumar Rocker P Jacob Misiorowski SS Bobby Witt Jr.,,Randal Grichuk,OF,5.05%,9
65,5213400501,Raiderfanatic2195 (1/8),0,118.65,1B Pete Alonso 2B Jackson Holliday 3B Nick Loftin C Salvador Perez OF Starling Marte OF Pete Crow-Armstrong OF Jac Caglianone P Jacob Misiorowski P Cade Povich SS Tyler Tolbert,,Gary Sanchez,C,5.05%,9
66,5213435834,FoxyGrandpa252 (3/8),0,118.3,1B Michael Busch 2B JJ Wetherholt 3B Alex Bregman C Jimmy Crooks OF Ian Happ OF Pete Crow-Armstrong OF Nathan Church P Matthew Boyd P Kumar Rocker SS Dansby Swanson,,Jac Caglianone,OF,5.05%,3
66,5213479471,hoodfunded,0,118.299995,1B Jake Bauers 2B Royce Lewis 3B Brooks Lee C Luke Maile OF Brandon Nimmo OF Jake McCarthy OF Pete Crow-Armstrong P Matthew Boyd P Kumar Rocker SS Colson Montgomery,,Colson Montgomery,SS,5.05%,20
68,5213487466,kimberlylair (6/7),0,118.1,1B Michael Busch 2B Nico Hoerner 3B Alex Bregman C Miguel Amaya OF Starling Marte OF Leody Taveras OF Kyle Isbel P Matthew Boyd P Cade Povich SS Tyler Tolbert,,Ezequiel Tovar,SS,4.71%,0
69,5213473481,bacon15,0,117.7,1B Alec Burleson 2B Jackson Holliday 3B Miguel Vargas C Jimmy Crooks OF Brenton Doyle OF Pete Crow-Armstrong OF Jackson Chourio P Matthew Boyd P Michael McGreevy SS Corey Seager,,Tyler Tolbert,SS,4.71%,2
70,5213435839,FoxyGrandpa252 (8/8),0,117.65,1B Alec Burleson 2B JJ Wetherholt 3B Kyle Karros C Ivan Herrera OF Bryan Torres OF Brenton Doyle OF Nathan Church P Jacob Misiorowski P Cade Povich SS Gunnar Henderson,,Brandon Lockridge,OF,4.71%,0
71,5213459579,Do_Figolo_Chip (3/5),0,116.95,1B Nathaniel Lowe 2B Nico Hoerner 3B Jose Fermin C Miguel Amaya OF Michael Conforto OF Pete Crow-Armstrong OF Colton Cowser P Joey Cantillo P Jacob Misiorowski SS Ezequiel Duran,,Coby Mayo,3B,4.71%,14
72,5213408276,penguin488,0,115.8,1B Michael Busch 2B JJ Wetherholt 3B Alex Bregman C Miguel Amaya OF Pete Crow-Armstrong OF Jordan Walker OF Alan Roden P Connor Prielipp P Michael McGreevy SS Bobby Witt Jr.,,Jake Bauers,OF,4.71%,23
73,5213463635,raiderras,0,115.65,1B Pete Alonso 2B Willi Castro 3B David Hamilton C Ivan Herrera OF Brandon Nimmo OF Jose Fermin OF Mickey Moniak P Jacob Misiorowski P Cade Povich SS Ezequiel Tovar,,Patrick Bailey,C,4.38%,4
74,5213483251,toby2977,0,115.2,1B Alec Burleson 2B Kody Clemens 3B Jose Ramirez C Salvador Perez OF Ian Happ OF Jake McCarthy OF Chase DeLauter P Joey Cantillo P Michael McGreevy SS Ezequiel Duran,,Willi Castro,3B,4.38%,7
75,5213435832,FoxyGrandpa252 (1/8),0,114.85,1B Michael Busch 2B Willi Castro 3B Kyle Karros C Miguel Amaya OF Michael Conforto OF Ian Happ OF Pete Crow-Armstrong P Kumar Rocker P Jacob Misiorowski SS Tyler Tolbert,,Munetaka Murakami,1B,4.38%,9
76,5213469182,heat00veride,0,113.9,1B Alec Burleson 2B JJ Wetherholt 3B Willi Castro C William Contreras OF Jordan Walker OF Colton Cowser OF Jackson Chourio P Davis Martin P Joey Cantillo SS Jackson Holliday,,Leody Taveras,OF,4.04%,10
77,5213466573,cokeman2014,0,113.85,1B Nathaniel Lowe 2B Michael Massey 3B Nick Loftin C Jimmy Crooks OF Jake Bauers OF Ian Happ OF Jackson Chourio P Kumar Rocker P Jacob Misiorowski SS Masyn Winn,,Jo Adell,OF,4.04%,2
78,5213477730,mzinsmaster,0,113.65,1B Pete Alonso 2B Willi Castro 3B Kyle Karros C Carlos Narvaez OF Tyler O'Neill OF Steven Kwan OF Jordan Walker P Jacob Misiorowski P Cade Povich SS Bobby Witt Jr.,,David Hamilton,3B,4.04%,7
79,5213479912,scudder25,0,113.45,1B Andrew Vaughn 2B Jackson Holliday 3B Jose Fermin C Ivan Herrera OF Bryan Torres OF Jackson Chourio OF Nathan Church P Matthew Boyd P Jacob Misiorowski SS Masyn Winn,,Luis Lara,OF,4.04%,0
80,5213424540,FunkyKong (3/8),0,112.55,1B Salvador Perez 2B Michael Massey 3B Willi Castro C Brett Sullivan OF Starling Marte OF Jake McCarthy OF Jac Caglianone P Connor Prielipp P Jacob Misiorowski SS Bobby Witt Jr.,,Brenton Doyle,OF,3.70%,15
81,5213400507,Raiderfanatic2195 (7/8),0,112.299995,1B Michael Busch 2B Justin Foscue 3B Alex Bregman C Miguel Amaya OF Ian Happ OF Pete Crow-Armstrong OF Wyatt Langford P Matthew Boyd P Kumar Rocker SS Corey Seager,,Bryan Torres,OF,3.70%,3
82,5213435836,FoxyGrandpa252 (5/8),0,112.25,1B Michael Busch 2B Nico Hoerner 3B Nick Loftin C Miguel Amaya OF Michael Conforto OF Pete Crow-Armstrong OF Jac Caglianone P Jacob Misiorowski P Michael McGreevy SS Tyler Tolbert,,Luisangel Acuna,SS,3.70%,0
83,5213468462,packkiller (1/2),0,112.15,1B Jac Caglianone 2B JJ Wetherholt 3B Ezequiel Duran C Gary Sanchez OF Tyler O'Neill OF Steven Kwan OF Chase DeLauter P Randy Dobnak P Jacob Misiorowski SS Jackson Holliday,,Justin Foscue,2B,3.37%,3
84,5213477403,claytankgunner (1/8),0,111.8,1B Alec Burleson 2B JJ Wetherholt 3B Jose Ramirez C Ivan Herrera OF Jo Adell OF Nathan Church OF Wyatt Langford P Connor Prielipp P Michael McGreevy SS Bobby Witt Jr.,,Brayan Rocchio,SS,3.37%,3
85,5213435838,FoxyGrandpa252 (7/8),0,111.399994,1B Nathaniel Lowe 2B Travis Bazzana 3B Alex Bregman C Miguel Amaya OF Ian Happ OF Steven Kwan OF Pete Crow-Armstrong P Matthew Boyd P Joey Cantillo SS Dansby Swanson,,Dylan Beavers,OF,3.37%,9
86,5213463183,bleeski,0,111.1,1B Munetaka Murakami 2B Royce Lewis 3B Miguel Vargas C Edgar Quero OF Brandon Nimmo OF Pete Crow-Armstrong OF Jackson Chourio P Michael Lorenzen P Matthew Boyd SS Colson Montgomery,,Randy Dobnak,P,3.37%,4.65
87,5213480687,hbuhler (1/2),0,110.95,1B Andrew Vaughn 2B Jackson Holliday 3B Alex Bregman C Ivan Herrera OF Steven Kwan OF Colton Cowser OF Wyatt Langford P Joey Cantillo P Jacob Misiorowski SS Corey Seager,,Michael Massey,2B,3.37%,11
87,5213487161,Moneygenius83,0,110.95,1B Andrew Vaughn 2B Jackson Holliday 3B Alex Bregman C Ivan Herrera OF Steven Kwan OF Colton Cowser OF Wyatt Langford P Joey Cantillo P Jacob Misiorowski SS Corey Seager,,Jake Bauers,1B,3.37%,23
89,5213490547,kingthurl (1/2),0,109.8,1B Munetaka Murakami 2B Angel Genao 3B Willi Castro C Hunter Goodman OF Kody Clemens OF Pete Crow-Armstrong OF Jackson Chourio P Connor Prielipp P Michael McGreevy SS Ezequiel Tovar,,Royce Lewis,2B,3.37%,0
90,5213431332,tomasricardos (1/2),0,109.65,1B Andrew Vaughn 2B Brice Turang 3B Willi Castro C Brett Sullivan OF Tyler O'Neill OF Jake McCarthy OF Jordan Walker P Jacob Misiorowski P Cade Povich SS Jackson Holliday,,Luke Keaschall,OF,3.03%,5
90,5213431333,tomasricardos (2/2),0,109.65,1B Andrew Vaughn 2B Brice Turang 3B Willi Castro C Brett Sullivan OF Tyler O'Neill OF Jake McCarthy OF Jordan Walker P Jacob Misiorowski P Cade Povich SS Jackson Holliday,,Victor Caratini,C,3.03%,8
90,5213445441,nickster1311,0,109.65,1B Jake Bauers 2B Angel Genao 3B Ezequiel Duran C William Contreras OF Brandon Nimmo OF Brandon Lockridge OF Jackson Chourio P Jacob Misiorowski P Cade Povich SS Jackson Holliday,,Elias Diaz,C,2.69%,0
93,5213481538,BucManBucFan,0,109.45,1B Munetaka Murakami 2B Brice Turang 3B Kyle Karros C Edgar Quero OF Randal Grichuk OF Brandon Nimmo OF Brenton Doyle P Matthew Boyd P Jacob Misiorowski SS Brayan Rocchio,,Carlos Narvaez,C,2.69%,5
94,5213394970,collincaleb (1/4),0,109.15,1B Jake Burger 2B JJ Wetherholt 3B Ezequiel Duran C Gary Sanchez OF Randal Grichuk OF Colton Cowser OF Nathan Church P Randy Dobnak P Jacob Misiorowski SS Bobby Witt Jr.,,Royce Lewis,1B,2.69%,0
94,5213397523,collincaleb (2/4),0,109.15,1B Jake Burger 2B JJ Wetherholt 3B Ezequiel Duran C Gary Sanchez OF Randal Grichuk OF Colton Cowser OF Nathan Church P Randy Dobnak P Jacob Misiorowski SS Bobby Witt Jr.,,Cam Cauley,2B,2.36%,10
96,5213407435,jblanks07,0,108.95,1B Jake Bauers 2B Angel Genao 3B Jose Ramirez C Luke Maile OF Starling Marte OF Steven Kwan OF Chase DeLauter P Joey Cantillo P Jacob Misiorowski SS Dansby Swanson,,Kyle Isbel,OF,2.36%,2
97,5213480007,schromcak,0,108.45,1B Michael Busch 2B Travis Bazzana 3B Kyle Karros C Salvador Perez OF Tyler O'Neill OF Colton Cowser OF Luke Keaschall P Matthew Boyd P Jacob Misiorowski SS Bobby Witt Jr.,,Brett Sullivan,C,2.02%,21
98,5213477527,claytankgunner (4/8),0,108,1B Alec Burleson 2B JJ Wetherholt 3B Jose Fermin C Hunter Goodman OF Jake McCarthy OF Kody Clemens OF Cole Carrigg P Randy Dobnak P Kumar Rocker SS Masyn Winn,,Michael Lorenzen,P,2.02%,1.15
99,5213396573,Schlaurizzle (4/5),0,107.95,1B Michael Busch 2B Jackson Holliday 3B Nick Loftin C Salvador Perez OF Starling Marte OF Ian Happ OF Kyle Isbel P Joey Cantillo P Jacob Misiorowski SS Bobby Witt Jr.,,Brooks Lee,3B,1.68%,17
99,5213450246,freake420,0,107.95,1B Munetaka Murakami 2B Jackson Holliday 3B Ezequiel Duran C Luke Maile OF Jake Bauers OF Steven Kwan OF Wyatt Langford P Davis Martin P Jacob Misiorowski SS Masyn Winn,,Kody Clemens,2B,1.68%,18
99,5213489221,55FireKisser,0,107.95,1B Alec Burleson 2B Jackson Holliday 3B David Hamilton C Patrick Bailey OF Mickey Moniak OF Colton Cowser OF Luis Lara P Joey Cantillo P Jacob Misiorowski SS Gunnar Henderson,,Alan Roden,OF,1.35%,0
102,5213485921,FantasyCrusader (7/8),0,107.65,1B Andrew Vaughn 2B Nico Hoerner 3B Alex Bregman C Gary Sanchez OF Michael Conforto OF Ian Happ OF Luis Lara P Jacob Misiorowski P Cade Povich SS Dansby Swanson,,Josh Bell,1B,1.35%,4
103,5213488149,ashray,0,107.600006,1B Munetaka Murakami 2B Angel Genao 3B Kyle Karros C Hunter Goodman OF Michael Conforto OF Jake McCarthy OF Pete Crow-Armstrong P Matthew Boyd P Randy Dobnak SS Colson Montgomery,,Trevor Larnach,OF,1.35%,0
104,5213479738,DicVec (2/2),0,107.45,1B Andrew Vaughn 2B JJ Wetherholt 3B Jose Fermin C Jimmy Crooks OF Bryan Torres OF Jackson Chourio OF Nathan Church P Matthew Boyd P Jacob Misiorowski SS Jackson Holliday,,Colson Montgomery,3B,1.35%,20
104,5213485918,FantasyCrusader (4/8),0,107.45,1B Alec Burleson 2B JJ Wetherholt 3B Jose Fermin C Jimmy Crooks OF Tyrone Taylor OF Michael Conforto OF Nathan Church P Matthew Boyd P Jacob Misiorowski SS Dansby Swanson,,Kody Clemens,OF,1.35%,18
106,5213432663,dcrookham,0,107.25,1B Michael Busch 2B Jackson Holliday 3B Ezequiel Duran C Jimmy Crooks OF Michael Conforto OF Pete Crow-Armstrong OF Jac Caglianone P Jacob Misiorowski P Michael McGreevy SS Masyn Winn,,Salvador Perez,1B,1.01%,5
107,5213477531,claytankgunner (8/8),0,107.200005,1B Alec Burleson 2B JJ Wetherholt 3B Willi Castro C Ivan Herrera OF Mickey Moniak OF Jordan Walker OF Cole Carrigg P Connor Prielipp P Cade Povich SS Masyn Winn,,Jose Fermin,OF,1.01%,0
108,5213474626,kimberlylair (1/7),0,106.95,1B Munetaka Murakami 2B Travis Bazzana 3B Miguel Vargas C Edgar Quero OF Randal Grichuk OF Colton Cowser OF Chase DeLauter P Davis Martin P Jacob Misiorowski SS Colson Montgomery,,Ryan Kreidler,SS,1.01%,0
109,5213465674,Do_Figolo_Chip (4/5),0,106.7,1B Alec Burleson 2B Brice Turang 3B Jose Ramirez C Elias Diaz OF Tyler O'Neill OF Jackson Chourio OF Wyatt Langford P Matthew Boyd P Michael McGreevy SS Corey Seager,,Cam Cauley,OF,0.67%,10
110,5213393354,Schlaurizzle (2/5),0,106.55,1B Jake Burger 2B Nico Hoerner 3B Alex Bregman C Elias Diaz OF Brandon Nimmo OF Tyrone Taylor OF Wyatt Langford P Connor Prielipp P Jacob Misiorowski SS Corey Seager,,Sam Antonacci,OF,0.67%,6
110,5213448631,bunit1388,0,106.55,1B Michael Busch 2B Justin Foscue 3B Alex Bregman C Salvador Perez OF Starling Marte OF Tyrone Taylor OF Michael Conforto P Connor Prielipp P Jacob Misiorowski SS Bobby Witt Jr.,,Victor Caratini,1B,0.34%,8
110,5213477530,claytankgunner (7/8),0,106.55,1B Jake Burger 2B Willi Castro 3B Nick Loftin C Brett Sullivan OF Jake McCarthy OF Brenton Doyle OF Cole Carrigg P Connor Prielipp P Jacob Misiorowski SS Bobby Witt Jr.,,,
110,5213486349,ed8802,0,106.55,1B Michael Busch 2B Angel Genao 3B Nick Loftin C Salvador Perez OF Tyrone Taylor OF Ian Happ OF Pete Crow-Armstrong P Connor Prielipp P Jacob Misiorowski SS Dansby Swanson,,,
114,5213419375,chris661 (2/2),0,106.45,1B Andrew Vaughn 2B Angel Genao 3B Ezequiel Duran C Carlos Narvaez OF Jordan Walker OF Jackson Chourio OF Dylan Beavers P Matthew Boyd P Jacob Misiorowski SS Jackson Holliday,,,
114,5213474016,sp2898,0,106.45,1B Jake Burger 2B Willi Castro 3B Ezequiel Duran C Luke Maile OF Jake Bauers OF Braden Montgomery OF Luke Keaschall P Matthew Boyd P Jacob Misiorowski SS Masyn Winn,,,
116,5213449760,Ray-Ray1101,0,106.299995,1B Pete Alonso 2B Royce Lewis 3B Nick Loftin C Salvador Perez OF Jake McCarthy OF Pete Crow-Armstrong OF Jac Caglianone P Matthew Boyd P Kumar Rocker SS Colson Montgomery,,,
117,5213481250,hbuhler (2/2),0,105.95,1B Andrew Vaughn 2B Jackson Holliday 3B Alex Bregman C Ivan Herrera OF Starling Marte OF Steven Kwan OF Wyatt Langford P Joey Cantillo P Jacob Misiorowski SS Corey Seager,,,
118,5213456745,anelson33,0,105.45,1B TJ Rumfield 2B Jackson Holliday 3B Willi Castro C Jimmy Crooks OF Pete Crow-Armstrong OF Dylan Beavers OF Nathan Church P Matthew Boyd P Jacob Misiorowski SS Masyn Winn,,,
119,5213487134,FunkyKong (7/8),0,104.6,1B Alec Burleson 2B Jackson Holliday 3B Kyle Karros C Ivan Herrera OF Ian Happ OF Steven Kwan OF Pete Crow-Armstrong P Joey Cantillo P Cade Povich SS Bobby Witt Jr.,,,
120,5213430772,takeitdown2,0,104.45,1B Alec Burleson 2B Cam Cauley 3B Jose Fermin C Jimmy Crooks OF Bryan Torres OF Jackson Chourio OF Nathan Church P Matthew Boyd P Jacob Misiorowski SS Ezequiel Duran,,,
120,5213479737,DicVec (1/2),0,104.45,1B Alec Burleson 2B Cam Cauley 3B Jose Fermin C Jimmy Crooks OF Bryan Torres OF Jackson Chourio OF Nathan Church P Matthew Boyd P Jacob Misiorowski SS Ezequiel Duran,,,
122,5213435833,FoxyGrandpa252 (2/8),0,104.25,1B Jac Caglianone 2B JJ Wetherholt 3B Nick Loftin C Salvador Perez OF Starling Marte OF Tyrone Taylor OF Ian Happ P Jacob Misiorowski P Michael McGreevy SS Bobby Witt Jr.,,,
123,5213455081,MOTIVE81,0,103.85,1B Michael Busch 2B JJ Wetherholt 3B Jose Fermin C Miguel Amaya OF Tyrone Taylor OF Michael Conforto OF Pete Crow-Armstrong P Kumar Rocker P Jacob Misiorowski SS Tyler Tolbert,,,
124,5213412588,jmack0304,0,103.45,1B Jake Burger 2B Willi Castro 3B Ezequiel Duran C William Contreras OF Starling Marte OF Brandon Nimmo OF Leody Taveras P Matthew Boyd P Jacob Misiorowski SS Corey Seager,,,
125,5213481954,HeathS23,0,103.399994,1B Josh Bell 2B Brice Turang 3B Nick Loftin C Salvador Perez OF Brandon Nimmo OF Ian Happ OF Jackson Chourio P Matthew Boyd P Joey Cantillo SS Ezequiel Duran,,,
126,5213468838,MichaelBayneTech (3/3),0,103.25,1B Alec Burleson 2B Nico Hoerner 3B Ezequiel Duran C Patrick Bailey OF Mickey Moniak OF Steven Kwan OF Jo Adell P Jacob Misiorowski P Michael McGreevy SS Masyn Winn,,,
127,5213453650,rwdw0822,0,102.85,1B Alec Burleson 2B JJ Wetherholt 3B Nick Loftin C Jimmy Crooks OF Tyler O'Neill OF Jake McCarthy OF Mickey Moniak P Kumar Rocker P Jacob Misiorowski SS Masyn Winn,,,
128,5213485922,FantasyCrusader (8/8),0,102.65,1B Alec Burleson 2B JJ Wetherholt 3B Nick Loftin C Salvador Perez OF Starling Marte OF Michael Conforto OF Nathan Church P Jacob Misiorowski P Cade Povich SS Bobby Witt Jr.,,,
129,5213392154,Aoteoroa (1/2),0,102.45,1B Jake Burger 2B Willi Castro 3B Jose Fermin C Ivan Herrera OF Brandon Nimmo OF Braden Montgomery OF Nathan Church P Matthew Boyd P Jacob Misiorowski SS Brayan Rocchio,,,
129,5213395735,Aoteoroa (2/2),0,102.45,1B Jake Burger 2B Willi Castro 3B Jose Fermin C Ivan Herrera OF Brandon Nimmo OF Braden Montgomery OF Nathan Church P Matthew Boyd P Jacob Misiorowski SS Brayan Rocchio,,,
131,5213486112,moonch78 (1/2),0,102.25,1B Jac Caglianone 2B JJ Wetherholt 3B Jose Fermin C Jimmy Crooks OF Brandon Nimmo OF Steven Kwan OF Jordan Walker P Jacob Misiorowski P Michael McGreevy SS Masyn Winn,,,
132,5213461005,Istand13 (1/5),0,102.1,1B Jake Burger 2B Nico Hoerner 3B Ezequiel Duran C William Contreras OF Jake Bauers OF Pete Crow-Armstrong OF Jordan Walker P Kumar Rocker P Michael McGreevy SS Colson Montgomery,,,
132,5213467910,Istand13 (2/5),0,102.1,1B Jake Burger 2B Nico Hoerner 3B Ezequiel Duran C William Contreras OF Jake Bauers OF Pete Crow-Armstrong OF Jordan Walker P Kumar Rocker P Michael McGreevy SS Colson Montgomery,,,
132,5213468124,Istand13 (3/5),0,102.1,1B Jake Burger 2B Nico Hoerner 3B Ezequiel Duran C William Contreras OF Jake Bauers OF Pete Crow-Armstrong OF Jordan Walker P Kumar Rocker P Michael McGreevy SS Colson Montgomery,,,
132,5213468130,Istand13 (4/5),0,102.1,1B Jake Burger 2B Nico Hoerner 3B Ezequiel Duran C William Contreras OF Jake Bauers OF Pete Crow-Armstrong OF Jordan Walker P Kumar Rocker P Michael McGreevy SS Colson Montgomery,,,
132,5213468168,Istand13 (5/5),0,102.1,1B Jake Burger 2B Nico Hoerner 3B Ezequiel Duran C William Contreras OF Jake Bauers OF Pete Crow-Armstrong OF Jordan Walker P Kumar Rocker P Michael McGreevy SS Colson Montgomery,,,
137,5213481902,flschreib,0,101.65,1B Jake Burger 2B Kody Clemens 3B Ezequiel Duran C Salvador Perez OF Jake McCarthy OF Pete Crow-Armstrong OF Colton Cowser P Jacob Misiorowski P Cade Povich SS Luisangel Acuna,,,
138,5213423504,MichaelBayneTech (1/3),0,101.25,1B Alec Burleson 2B Nico Hoerner 3B Ezequiel Duran C Elias Diaz OF Mickey Moniak OF Steven Kwan OF Braden Montgomery P Jacob Misiorowski P Michael McGreevy SS Masyn Winn,,,
138,5213483238,bobbyrock,0,101.25,1B Andrew Vaughn 2B Angel Genao 3B Coby Mayo C Hunter Goodman OF Brenton Doyle OF Jordan Walker OF Jac Caglianone P Jacob Misiorowski P Michael McGreevy SS Dansby Swanson,,,
140,5213473878,packkiller (2/2),0,101,1B Royce Lewis 2B Nico Hoerner 3B Brooks Lee C Jimmy Crooks OF Pete Crow-Armstrong OF Jordan Walker OF Luke Keaschall P Matthew Boyd P Connor Prielipp SS Dansby Swanson,,,
141,5213448743,russo2000,0,100.45,1B TJ Rumfield 2B Angel Genao 3B Willi Castro C Edgar Quero OF Ian Happ OF Chase DeLauter OF Cole Carrigg P Matthew Boyd P Jacob Misiorowski SS Dansby Swanson,,,
142,5213462586,pallen,0,99.95,1B Jake Burger 2B Michael Massey 3B Ezequiel Duran C Hunter Goodman OF Starling Marte OF Jake McCarthy OF Steven Kwan P Davis Martin P Jacob Misiorowski SS Corey Seager,,,
143,5213423442,thewho82,0,99.85,1B Jake Burger 2B Willi Castro 3B Ezequiel Duran C Edgar Quero OF Brandon Nimmo OF Jake Bauers OF Pete Crow-Armstrong P Kumar Rocker P Jacob Misiorowski SS Ezequiel Tovar,,,
143,5213487598,peterjpacheco (1/6),0,99.85,1B Michael Busch 2B Nico Hoerner 3B Alex Bregman C Luke Maile OF Tyrone Taylor OF Jordan Walker OF Nathan Church P Kumar Rocker P Jacob Misiorowski SS Dansby Swanson,,,
143,5213487601,peterjpacheco (4/6),0,99.85,1B Alec Burleson 2B JJ Wetherholt 3B Nick Loftin C Jimmy Crooks OF Brandon Nimmo OF Leody Taveras OF Jordan Walker P Kumar Rocker P Jacob Misiorowski SS Tyler Tolbert,,,
146,5213487914,Emac (8/8),0,99.5,1B Nathaniel Lowe 2B Angel Genao 3B Jose Ramirez C Hunter Goodman OF Ian Happ OF Steven Kwan OF Chase DeLauter P Joey Cantillo P Connor Prielipp SS Bobby Witt Jr.,,,
147,5213414964,chris661 (1/2),0,99.4,1B Andrew Vaughn 2B Jackson Holliday 3B Coby Mayo C Carlos Narvaez OF Pete Crow-Armstrong OF Jackson Chourio OF Chase DeLauter P Matthew Boyd P Davis Martin SS Gunnar Henderson,,,
147,5213490589,kingthurl (2/2),0,99.4,1B Josh Bell 2B Angel Genao 3B Willi Castro C William Contreras OF Kody Clemens OF Jackson Chourio OF Cole Carrigg P Matthew Boyd P Joey Cantillo SS Colson Montgomery,,,
149,5213489445,ToNyOnTiLt,0,98.25,1B Andrew Vaughn 2B Brice Turang 3B Nick Loftin C Jimmy Crooks OF Jake Bauers OF Jackson Chourio OF Luis Lara P Jacob Misiorowski P Michael McGreevy SS Jackson Holliday,,,
150,5213490605,jsamtoy (5/8),0,98.1,1B Alec Burleson 2B JJ Wetherholt 3B Jose Fermin C Victor Caratini OF Brandon Nimmo OF Jordan Walker OF Chase DeLauter P Kumar Rocker P Michael McGreevy SS Masyn Winn,,,
151,5213487603,peterjpacheco (6/6),0,97.85,1B Alec Burleson 2B Angel Genao 3B Nick Loftin C Ivan Herrera OF Jake McCarthy OF Jordan Walker OF Nathan Church P Kumar Rocker P Jacob Misiorowski SS Masyn Winn,,,
152,5213451681,eharig09 (2/6),0,97.55,1B Munetaka Murakami 2B Cam Cauley 3B Willi Castro C Jimmy Crooks OF Randal Grichuk OF Michael Conforto OF Pete Crow-Armstrong P Connor Prielipp P Jacob Misiorowski SS Tyler Tolbert,,,
153,5213482874,MSmith1984,0,97.45,1B Andrew Vaughn 2B Angel Genao 3B Ezequiel Duran C Gary Sanchez OF Brandon Nimmo OF Brandon Lockridge OF Jackson Chourio P Matthew Boyd P Jacob Misiorowski SS Brayan Rocchio,,,
154,5213481880,krambra,0,97.2,1B Michael Busch 2B Brice Turang 3B Miguel Vargas C William Contreras OF Ian Happ OF Brandon Lockridge OF Pete Crow-Armstrong P Davis Martin P Michael McGreevy SS Colson Montgomery,,,
155,5213477528,claytankgunner (5/8),0,97.1,1B Munetaka Murakami 2B Royce Lewis 3B Miguel Vargas C Hunter Goodman OF Trevor Larnach OF Kody Clemens OF Brenton Doyle P Davis Martin P Randy Dobnak SS Colson Montgomery,,,
156,5213446086,chelterbrand,0,96.85,1B Nathaniel Lowe 2B JJ Wetherholt 3B Nick Loftin C Ivan Herrera OF Jake McCarthy OF Steven Kwan OF Wyatt Langford P Kumar Rocker P Jacob Misiorowski SS Masyn Winn,,,
157,5213441622,jakethesnake83,0,96.25,1B Andrew Vaughn 2B Jackson Holliday 3B Ezequiel Duran C Jimmy Crooks OF Brandon Nimmo OF Jordan Walker OF Jac Caglianone P Jacob Misiorowski P Michael McGreevy SS Gunnar Henderson,,,
158,5213475560,UWAlums03 (4/5),0,95.95,1B Andrew Vaughn 2B Jackson Holliday 3B Jose Fermin C Ivan Herrera OF Steven Kwan OF Jordan Walker OF Nathan Church P Joey Cantillo P Jacob Misiorowski SS Masyn Winn,,,
159,5213379610,ivymoose (3/3),0,95.85,1B Andrew Vaughn 2B Nico Hoerner 3B Nick Loftin C Luke Maile OF Michael Conforto OF Ian Happ OF Pete Crow-Armstrong P Kumar Rocker P Jacob Misiorowski SS Dansby Swanson,,,
159,5213485919,FantasyCrusader (5/8),0,95.85,1B Michael Busch 2B Angel Genao 3B Jose Ramirez C Patrick Bailey OF Michael Conforto OF Steven Kwan OF Pete Crow-Armstrong P Kumar Rocker P Jacob Misiorowski SS Dansby Swanson,,,
161,5213429082,ammnj,0,95.65,1B Nathaniel Lowe 2B Willi Castro 3B Ezequiel Duran C Hunter Goodman OF Jake McCarthy OF Mickey Moniak OF Steven Kwan P Michael Lorenzen P Jacob Misiorowski SS Jackson Holliday,,,
162,5213477525,claytankgunner (2/8),0,95.4,1B TJ Rumfield 2B Jackson Holliday 3B Kyle Karros C Hunter Goodman OF Jake McCarthy OF Pete Crow-Armstrong OF Cole Carrigg P Matthew Boyd P Davis Martin SS Gunnar Henderson,,,
163,5213403773,bfinley111,0,95.25,1B Jake Bauers 2B Brice Turang 3B Jose Fermin C William Contreras OF Starling Marte OF Brandon Lockridge OF Jackson Chourio P Jacob Misiorowski P Michael McGreevy SS Luisangel Acuna,,,
164,5213438187,Cybore,0,94.95,1B Jake Burger 2B Angel Genao 3B Jose Ramirez C Luke Maile OF Ian Happ OF Jo Adell OF Chase DeLauter P Davis Martin P Jacob Misiorowski SS Gunnar Henderson,,,
165,5213406034,Prparent (1/2),0,94.85,1B Michael Busch 2B Nico Hoerner 3B Jose Fermin C Luke Maile OF Michael Conforto OF Pete Crow-Armstrong OF Nathan Church P Kumar Rocker P Jacob Misiorowski SS Dansby Swanson,,,
165,5213433038,brown_007,0,94.85,1B Michael Busch 2B Nico Hoerner 3B Jose Fermin C Luke Maile OF Michael Conforto OF Pete Crow-Armstrong OF Nathan Church P Kumar Rocker P Jacob Misiorowski SS Dansby Swanson,,,
167,5213414019,solar71,0,94.45,1B TJ Rumfield 2B Angel Genao 3B Kyle Karros C Hunter Goodman OF Starling Marte OF Jake McCarthy OF Mickey Moniak P Matthew Boyd P Jacob Misiorowski SS Luisangel Acuna,,,
168,5213476659,beisbol7,0,94.4,1B TJ Rumfield 2B Kody Clemens 3B Willi Castro C Hunter Goodman OF Mickey Moniak OF Chase DeLauter OF Cole Carrigg P Matthew Boyd P Davis Martin SS Jackson Holliday,,,
169,5213471579,angryorange22,0,93.95,1B Andrew Vaughn 2B Jackson Holliday 3B David Hamilton C William Contreras OF Brandon Nimmo OF Jake Bauers OF Jo Adell P Joey Cantillo P Jacob Misiorowski SS Ezequiel Tovar,,,
169,5213485780,Trckrdd,0,93.95,1B Andrew Vaughn 2B Jackson Holliday 3B Ezequiel Duran C Ivan Herrera OF Jake McCarthy OF Brenton Doyle OF Wyatt Langford P Davis Martin P Jacob Misiorowski SS Corey Seager,,,
169,5213489981,RealMclovin,0,93.95,1B Michael Busch 2B Angel Genao 3B Alex Bregman C Luke Maile OF Brandon Nimmo OF Jake McCarthy OF Chase DeLauter P Davis Martin P Jacob Misiorowski SS Corey Seager,,,
172,5213379609,ivymoose (2/3),0,93.85,1B Salvador Perez 2B Nico Hoerner 3B Nick Loftin C Luke Maile OF Tyrone Taylor OF Ian Happ OF Pete Crow-Armstrong P Kumar Rocker P Jacob Misiorowski SS Dansby Swanson,,,
173,5213479658,DodgerLou,0,93.65,1B Jac Caglianone 2B Nico Hoerner 3B Kyle Karros C Ivan Herrera OF Tyler O'Neill OF Cole Carrigg OF Sam Antonacci P Jacob Misiorowski P Cade Povich SS Corey Seager,,,
174,5213400505,Raiderfanatic2195 (5/8),0,93.45,1B Nathaniel Lowe 2B Travis Bazzana 3B Miguel Vargas C Patrick Bailey OF Randal Grichuk OF Steven Kwan OF Brenton Doyle P Matthew Boyd P Jacob Misiorowski SS Brayan Rocchio,,,
175,5213488982,lenn221,0,92.9,1B TJ Rumfield 2B Nico Hoerner 3B Willi Castro C Hunter Goodman OF Jake McCarthy OF Chase DeLauter OF Cole Carrigg P Davis Martin P Joey Cantillo SS Colson Montgomery,,,
176,5213456851,eharig09 (6/6),0,92.65,1B Andrew Vaughn 2B Jackson Holliday 3B Miguel Vargas C William Contreras OF Michael Conforto OF Tyler O'Neill OF Jordan Walker P Jacob Misiorowski P Cade Povich SS Dansby Swanson,,,
177,5213456166,kreller17 (5/5),0,91.95,1B Nathaniel Lowe 2B Angel Genao 3B Jose Ramirez C Gary Sanchez OF Tyler O'Neill OF Steven Kwan OF Luis Lara P Joey Cantillo P Jacob Misiorowski SS Gunnar Henderson,,,
178,5213416777,collincaleb (4/4),0,91.85,1B Jake Burger 2B JJ Wetherholt 3B Miguel Vargas C Ivan Herrera OF Randal Grichuk OF Braden Montgomery OF Jac Caglianone P Kumar Rocker P Jacob Misiorowski SS Ezequiel Tovar,,,
179,5213487903,kimberlylair (7/7),0,91.65,1B Jake Bauers 2B Brice Turang 3B Brooks Lee C William Contreras OF Tyrone Taylor OF Jackson Chourio OF Alan Roden P Michael Lorenzen P Jacob Misiorowski SS Ryan Kreidler,,,
180,5213481272,Bulldawg633,0,90.85,1B Michael Busch 2B Angel Genao 3B Nick Loftin C Salvador Perez OF Tyrone Taylor OF Ian Happ OF Pete Crow-Armstrong P Kumar Rocker P Jacob Misiorowski SS Dansby Swanson,,,
180,5213489678,okelly36 (2/2),0,90.85,1B Michael Busch 2B Angel Genao 3B Nick Loftin C Salvador Perez OF Tyrone Taylor OF Ian Happ OF Pete Crow-Armstrong P Kumar Rocker P Jacob Misiorowski SS Dansby Swanson,,,
182,5213486131,moonch78 (2/2),0,90.600006,1B Jac Caglianone 2B JJ Wetherholt 3B Jose Fermin C Patrick Bailey OF Jake McCarthy OF Jordan Walker OF Jackson Chourio P Matthew Boyd P Randy Dobnak SS Ezequiel Duran,,,
183,5213487602,peterjpacheco (5/6),0,90.45,1B Andrew Vaughn 2B JJ Wetherholt 3B Jose Fermin C Jimmy Crooks OF Bryan Torres OF Nathan Church OF Wyatt Langford P Matthew Boyd P Jacob Misiorowski SS Gunnar Henderson,,,
184,5213406035,Prparent (2/2),0,89.85,1B Michael Busch 2B Nico Hoerner 3B Jose Fermin C Luke Maile OF Michael Conforto OF Bryan Torres OF Pete Crow-Armstrong P Kumar Rocker P Jacob Misiorowski SS Dansby Swanson,,,
185,5213451683,eharig09 (4/6),0,89.45,1B Nathaniel Lowe 2B Travis Bazzana 3B Miguel Vargas C Carlos Narvaez OF Michael Conforto OF Jake McCarthy OF Steven Kwan P Matthew Boyd P Jacob Misiorowski SS Tyler Tolbert,,,
186,5213395067,Sanford71,0,89.25,1B Nathaniel Lowe 2B Angel Genao 3B Alex Bregman C Jimmy Crooks OF Jake McCarthy OF Steven Kwan OF Pete Crow-Armstrong P Jacob Misiorowski P Michael McGreevy SS Ezequiel Duran,,,
186,5213479469,Simonm33,0,89.25,1B Jake Bauers 2B Brice Turang 3B David Hamilton C William Contreras OF Jose Fermin OF Braden Montgomery OF Luis Lara P Jacob Misiorowski P Michael McGreevy SS Jackson Holliday,,,
188,5213415077,Audisav,0,88.95,1B Alec Burleson 2B Willi Castro 3B Jose Fermin C Jimmy Crooks OF Jake McCarthy OF Leody Taveras OF Nathan Church P Joey Cantillo P Jacob Misiorowski SS Dansby Swanson,,,
188,5213415850,Smick1978,0,88.95,1B TJ Rumfield 2B Royce Lewis 3B Coby Mayo C Patrick Bailey OF Jake McCarthy OF Jac Caglianone OF Jackson Chourio P Davis Martin P Jacob Misiorowski SS Jackson Holliday,,,
188,5213442215,ohiocore,0,88.95,1B Munetaka Murakami 2B Brice Turang 3B Miguel Vargas C Edgar Quero OF Randal Grichuk OF Tyler O'Neill OF Jordan Walker P Davis Martin P Jacob Misiorowski SS Ezequiel Tovar,,,
191,5213490652,dukeboys69,0,88.45,1B Jake Burger 2B Brice Turang 3B Kyle Karros C Jimmy Crooks OF Tyrone Taylor OF Tyler O'Neill OF Pete Crow-Armstrong P Matthew Boyd P Jacob Misiorowski SS Ryan Kreidler,,,
192,5213490470,ctippets,0,88.15,1B Alec Burleson 2B Angel Genao 3B Kyle Karros C Patrick Bailey OF Jake McCarthy OF Mickey Moniak OF Wyatt Langford P Randy Dobnak P Jacob Misiorowski SS Masyn Winn,,,
193,5213469808,mtkat1963,0,88.1,1B Jac Caglianone 2B JJ Wetherholt 3B Colson Montgomery C Gary Sanchez OF Jake McCarthy OF Pete Crow-Armstrong OF Wyatt Langford P Kumar Rocker P Michael McGreevy SS Corey Seager,,,
194,5213400502,Raiderfanatic2195 (2/8),0,87.85,1B TJ Rumfield 2B Michael Massey 3B Kyle Karros C Hunter Goodman OF Starling Marte OF Jake McCarthy OF Cole Carrigg P Kumar Rocker P Jacob Misiorowski SS Corey Seager,,,
194,5213414476,hondo777,0,87.85,1B Jake Burger 2B Angel Genao 3B Ezequiel Duran C William Contreras OF Brandon Nimmo OF Ian Happ OF Wyatt Langford P Kumar Rocker P Jacob Misiorowski SS Corey Seager,,,
196,5213390476,modernstreetcarlover,0,87.45,1B Nathaniel Lowe 2B Cam Cauley 3B Kyle Karros C Edgar Quero OF Mickey Moniak OF Chase DeLauter OF Wyatt Langford P Matthew Boyd P Jacob Misiorowski SS Gunnar Henderson,,,
197,5213490607,jsamtoy (7/8),0,86.5,1B Jake Burger 2B JJ Wetherholt 3B Kyle Karros C Victor Caratini OF Brandon Nimmo OF Chase DeLauter OF Cole Carrigg P Kumar Rocker P Cade Povich SS Jackson Holliday,,,
198,5213477722,Tokyobill,0,86.4,1B Jac Caglianone 2B Michael Massey 3B Alex Bregman C Salvador Perez OF Tyler O'Neill OF Kyle Isbel OF Pete Crow-Armstrong P Matthew Boyd P Joey Cantillo SS Bobby Witt Jr.,,,
199,5213487405,phfact0r49,0,85.95,1B Victor Caratini 2B Angel Genao 3B Kyle Karros C Carlos Narvaez OF Jake McCarthy OF Pete Crow-Armstrong OF Jackson Chourio P Joey Cantillo P Jacob Misiorowski SS Ezequiel Tovar,,,
200,5213469696,devastato,0,85.9,1B Jake Burger 2B JJ Wetherholt 3B Ezequiel Duran C Ivan Herrera OF Jordan Walker OF Chase DeLauter OF Wyatt Langford P Davis Martin P Joey Cantillo SS Gunnar Henderson,,,
201,5213410236,cappncrunch (1/2),0,85.85,1B Jake Burger 2B Royce Lewis 3B Nick Loftin C Salvador Perez OF Ian Happ OF Pete Crow-Armstrong OF Luke Keaschall P Kumar Rocker P Jacob Misiorowski SS Masyn Winn,,,
201,5213410237,cappncrunch (2/2),0,85.85,1B Jake Burger 2B Royce Lewis 3B Nick Loftin C Salvador Perez OF Ian Happ OF Pete Crow-Armstrong OF Luke Keaschall P Kumar Rocker P Jacob Misiorowski SS Masyn Winn,,,
201,5213485886,FantasyCrusader (1/8),0,85.85,1B Michael Busch 2B Angel Genao 3B Nick Loftin C Miguel Amaya OF Tyrone Taylor OF Pete Crow-Armstrong OF Jac Caglianone P Kumar Rocker P Jacob Misiorowski SS Dansby Swanson,,,
204,5213488913,rmur,0,85.7,1B Michael Busch 2B Willi Castro 3B Ezequiel Duran C Salvador Perez OF Mickey Moniak OF Jo Adell OF Pete Crow-Armstrong P Matthew Boyd P Michael McGreevy SS Gunnar Henderson,,,
205,5213412133,Aubsas,0,85.45,1B Nathaniel Lowe 2B Brice Turang 3B Jose Ramirez C Edgar Quero OF Jake McCarthy OF Chase DeLauter OF Alan Roden P Matthew Boyd P Jacob Misiorowski SS Luisangel Acuna,,,
206,5213413397,Martymart33,0,84.95,1B TJ Rumfield 2B Angel Genao 3B Kyle Karros C Miguel Amaya OF Jake McCarthy OF Pete Crow-Armstrong OF Cole Carrigg P Davis Martin P Jacob Misiorowski SS Ezequiel Duran,,,
206,5213489001,Nellie64,0,84.95,1B TJ Rumfield 2B Willi Castro 3B Ezequiel Duran C Luke Maile OF Braden Montgomery OF Jackson Chourio OF Wyatt Langford P Davis Martin P Jacob Misiorowski SS Jackson Holliday,,,
208,5213490602,jsamtoy (2/8),0,84.5,1B Alec Burleson 2B JJ Wetherholt 3B Kyle Karros C Victor Caratini OF Jake McCarthy OF Chase DeLauter OF Cole Carrigg P Kumar Rocker P Cade Povich SS Masyn Winn,,,
209,5213432683,chemicalsofdemocracy,0,84.45,1B TJ Rumfield 2B Angel Genao 3B Willi Castro C Gary Sanchez OF Steven Kwan OF Braden Montgomery OF Chase DeLauter P Matthew Boyd P Jacob Misiorowski SS Dansby Swanson,,,
209,5213489422,jamari01,0,84.45,1B Nathaniel Lowe 2B Angel Genao 3B Jose Ramirez C Elias Diaz OF Steven Kwan OF Braden Montgomery OF Chase DeLauter P Matthew Boyd P Jacob Misiorowski SS Ezequiel Duran,,,
211,5213400508,Raiderfanatic2195 (8/8),0,84.399994,1B Nathaniel Lowe 2B Travis Bazzana 3B Jose Ramirez C Hunter Goodman OF Jake McCarthy OF Steven Kwan OF Pete Crow-Armstrong P Kumar Rocker P Connor Prielipp SS Brayan Rocchio,,,
212,5213487478,sima0038,0,84.15,1B Jac Caglianone 2B Justin Foscue 3B Jose Ramirez C Edgar Quero OF Tyler O'Neill OF Jordan Walker OF Braden Montgomery P Randy Dobnak P Jacob Misiorowski SS Tyler Tolbert,,,
213,5213465856,Do_Figolo_Chip (5/5),0,83.95,1B Jake Bauers 2B Willi Castro 3B Miguel Vargas C Elias Diaz OF Jordan Walker OF Braden Montgomery OF Nathan Church P Davis Martin P Jacob Misiorowski SS Luisangel Acuna,,,
213,5213478147,TwoLeggedLOTTO,0,83.95,1B TJ Rumfield 2B Willi Castro 3B Kyle Karros C Ivan Herrera OF Jordan Walker OF Nathan Church OF Cole Carrigg P Davis Martin P Jacob Misiorowski SS Masyn Winn,,,
215,5213418197,bobbyharrell,0,83.65,1B Andrew Vaughn 2B JJ Wetherholt 3B Kyle Karros C Ivan Herrera OF Jake McCarthy OF Mickey Moniak OF Steven Kwan P Jacob Misiorowski P Cade Povich SS Ezequiel Tovar,,,
216,5213461727,MichaelBayneTech (2/3),0,83.25,1B Nathaniel Lowe 2B Nico Hoerner 3B Ezequiel Duran C Salvador Perez OF Mickey Moniak OF Steven Kwan OF Chase DeLauter P Jacob Misiorowski P Michael McGreevy SS Brayan Rocchio,,,
216,5213481838,flegs42,0,83.25,1B Alec Burleson 2B Travis Bazzana 3B David Hamilton C Gary Sanchez OF Kyle Isbel OF Brandon Lockridge OF Jordan Walker P Jacob Misiorowski P Michael McGreevy SS Ezequiel Duran,,,
218,5213440235,Cobra777666777,0,82.95,1B Michael Busch 2B Angel Genao 3B Ezequiel Duran C Luke Maile OF Steven Kwan OF Chase DeLauter OF Cole Carrigg P Joey Cantillo P Jacob Misiorowski SS Dansby Swanson,,,
218,5213481017,wcmart,0,82.95,1B Royce Lewis 2B Angel Genao 3B Ezequiel Duran C Luke Maile OF Jake Bauers OF Jake McCarthy OF Cole Carrigg P Davis Martin P Jacob Misiorowski SS Dansby Swanson,,,
220,5213451680,eharig09 (1/6),0,82.65,1B Munetaka Murakami 2B Angel Genao 3B Nick Loftin C Salvador Perez OF Randal Grichuk OF Ian Happ OF Chase DeLauter P Jacob Misiorowski P Cade Povich SS Tyler Tolbert,,,
220,5213482690,oicu812bwr,0,82.65,1B Jake Bauers 2B Brice Turang 3B Kyle Karros C William Contreras OF Steven Kwan OF Jackson Chourio OF Luis Lara P Michael Lorenzen P Jacob Misiorowski SS Ezequiel Tovar,,,
222,5213480709,jtoakdale209,0,82.45,1B Andrew Vaughn 2B Jackson Holliday 3B Nick Loftin C Salvador Perez OF Brandon Lockridge OF Pete Crow-Armstrong OF Braden Montgomery P Matthew Boyd P Jacob Misiorowski SS Ezequiel Duran,,,
223,5213480854,HappyShart,0,82.3,1B Royce Lewis 2B Angel Genao 3B Miguel Vargas C Ivan Herrera OF Jake McCarthy OF Pete Crow-Armstrong OF Wyatt Langford P Matthew Boyd P Kumar Rocker SS Dansby Swanson,,,
224,5213443398,maplin45,0,81.95,1B Andrew Vaughn 2B Brice Turang 3B Kyle Karros C Ivan Herrera OF Tyler O'Neill OF Jake McCarthy OF Jac Caglianone P Joey Cantillo P Jacob Misiorowski SS Luisangel Acuna,,,
224,5213486688,Bakal1,0,81.95,1B Andrew Vaughn 2B Jackson Holliday 3B David Hamilton C William Contreras OF Randal Grichuk OF Brenton Doyle OF Pete Crow-Armstrong P Davis Martin P Jacob Misiorowski SS Corey Seager,,,
226,5213413332,bigwoodysmurf,0,81.85,1B Andrew Vaughn 2B JJ Wetherholt 3B Nick Loftin C Salvador Perez OF Randal Grichuk OF Starling Marte OF Jordan Walker P Kumar Rocker P Jacob Misiorowski SS Bobby Witt Jr.,,,
227,5213477987,kimberlylair (3/7),0,81.5,1B Michael Busch 2B Travis Bazzana 3B Jose Ramirez C William Contreras OF Steven Kwan OF Brenton Doyle OF Pete Crow-Armstrong P Davis Martin P Connor Prielipp SS Luisangel Acuna,,,
227,5213481539,kimberlylair (4/7),0,81.5,1B Josh Bell 2B Kody Clemens 3B David Hamilton C Victor Caratini OF Trevor Larnach OF Pete Crow-Armstrong OF Jackson Chourio P Davis Martin P Connor Prielipp SS Ryan Kreidler,,,
227,5213483197,jsamtoy (1/8),0,81.5,1B Alec Burleson 2B Jackson Holliday 3B Ezequiel Duran C Victor Caratini OF Jordan Walker OF Chase DeLauter OF Cole Carrigg P Kumar Rocker P Cade Povich SS Gunnar Henderson,,,
227,5213490603,jsamtoy (3/8),0,81.5,1B Alec Burleson 2B JJ Wetherholt 3B Jose Fermin C Victor Caratini OF Jake McCarthy OF Chase DeLauter OF Cole Carrigg P Kumar Rocker P Cade Povich SS Masyn Winn,,,
231,5213414157,Kramsta21,0,81.1,1B Alec Burleson 2B Travis Bazzana 3B Jose Ramirez C Luke Maile OF Tyler O'Neill OF Pete Crow-Armstrong OF Chase DeLauter P Kumar Rocker P Michael McGreevy SS Bobby Witt Jr.,,,
232,5213489634,Roho829,0,80.9,1B Munetaka Murakami 2B Angel Genao 3B Jose Ramirez C Ivan Herrera OF Jake McCarthy OF Jordan Walker OF Cole Carrigg P Michael McGreevy P Cade Povich SS Bobby Witt Jr.,,,
233,5213379608,ivymoose (1/3),0,80.85,1B Michael Busch 2B Brice Turang 3B Nick Loftin C Edgar Quero OF Tyrone Taylor OF Michael Conforto OF Pete Crow-Armstrong P Kumar Rocker P Jacob Misiorowski SS Dansby Swanson,,,
234,5213435837,FoxyGrandpa252 (6/8),0,80.8,1B Nathaniel Lowe 2B JJ Wetherholt 3B Jose Ramirez C Hunter Goodman OF Steven Kwan OF Chase DeLauter OF Wyatt Langford P Joey Cantillo P Kumar Rocker SS Corey Seager,,,
235,5213406854,jdfalk,0,80.45,1B Andrew Vaughn 2B Angel Genao 3B Kyle Karros C Jimmy Crooks OF Steven Kwan OF Pete Crow-Armstrong OF Wyatt Langford P Matthew Boyd P Jacob Misiorowski SS Ezequiel Duran,,,
236,5213490606,jsamtoy (6/8),0,80.1,1B Jake Burger 2B JJ Wetherholt 3B Ezequiel Duran C Victor Caratini OF Brandon Nimmo OF Chase DeLauter OF Wyatt Langford P Kumar Rocker P Michael McGreevy SS Corey Seager,,,
237,5213481466,tybubs24,0,79.95,1B Nathaniel Lowe 2B JJ Wetherholt 3B Jose Fermin C Patrick Bailey OF Leody Taveras OF Mickey Moniak OF Steven Kwan P Joey Cantillo P Jacob Misiorowski SS Ezequiel Duran,,,
238,5213487909,Emac (3/8),0,79.5,1B Royce Lewis 2B Michael Massey 3B Nick Loftin C Salvador Perez OF Ian Happ OF Pete Crow-Armstrong OF Wyatt Langford P Joey Cantillo P Connor Prielipp SS Bobby Witt Jr.,,,
239,5213432053,melreed,0,79.25,1B Nathaniel Lowe 2B Angel Genao 3B Kyle Karros C Patrick Bailey OF Jake McCarthy OF Pete Crow-Armstrong OF Jordan Walker P Jacob Misiorowski P Michael McGreevy SS Ezequiel Duran,,,
240,5213479683,FunkyKong (5/8),0,78.85,1B Alec Burleson 2B Angel Genao 3B Jose Fermin C Ivan Herrera OF Mickey Moniak OF Jordan Walker OF Nathan Church P Kumar Rocker P Jacob Misiorowski SS Luisangel Acuna,,,
241,5213477529,claytankgunner (6/8),0,78.5,1B Jake Burger 2B Willi Castro 3B Nick Loftin C Hunter Goodman OF Jake McCarthy OF Wyatt Langford OF Cole Carrigg P Joey Cantillo P Connor Prielipp SS Bobby Witt Jr.,,,
242,5213479702,DoddFrank,0,78.1,1B Michael Busch 2B Travis Bazzana 3B Miguel Vargas C Salvador Perez OF Jo Adell OF Pete Crow-Armstrong OF Jackson Chourio P Kumar Rocker P Michael McGreevy SS Ezequiel Duran,,,
243,5213490586,jrayba23 (1/3),0,77.85,1B Nathaniel Lowe 2B Brice Turang 3B Kyle Karros C Ivan Herrera OF Jake McCarthy OF Steven Kwan OF Braden Montgomery P Kumar Rocker P Jacob Misiorowski SS Ezequiel Duran,,,
243,5213490644,jrayba23 (2/3),0,77.85,1B Nathaniel Lowe 2B Brice Turang 3B Kyle Karros C Ivan Herrera OF Jake McCarthy OF Steven Kwan OF Braden Montgomery P Kumar Rocker P Jacob Misiorowski SS Ezequiel Duran,,,
243,5213490664,jrayba23 (3/3),0,77.85,1B Nathaniel Lowe 2B Brice Turang 3B Kyle Karros C Ivan Herrera OF Jake McCarthy OF Steven Kwan OF Braden Montgomery P Kumar Rocker P Jacob Misiorowski SS Ezequiel Duran,,,
246,5213435835,FoxyGrandpa252 (4/8),0,77.65,1B Nathaniel Lowe 2B Brice Turang 3B David Hamilton C Gary Sanchez OF Steven Kwan OF Brandon Lockridge OF Jackson Chourio P Jacob Misiorowski P Cade Povich SS Brayan Rocchio,,,
247,5213490604,jsamtoy (4/8),0,77.5,1B Alec Burleson 2B JJ Wetherholt 3B Kyle Karros C Victor Caratini OF Mickey Moniak OF Chase DeLauter OF Cole Carrigg P Kumar Rocker P Cade Povich SS Masyn Winn,,,
248,5213431001,mbs1973,0,76.85,1B Jake Burger 2B Nico Hoerner 3B Ezequiel Duran C Salvador Perez OF Brandon Lockridge OF Jordan Walker OF Wyatt Langford P Kumar Rocker P Jacob Misiorowski SS Brayan Rocchio,,,
248,5213483163,rcarena (2/4),0,76.85,1B Jac Caglianone 2B Cam Cauley 3B Ezequiel Duran C Salvador Perez OF Brandon Nimmo OF Chase DeLauter OF Wyatt Langford P Kumar Rocker P Jacob Misiorowski SS Corey Seager,,,
250,5213422354,truesinger2021,0,76.45,1B Josh Bell 2B Royce Lewis 3B Colson Montgomery C Elias Diaz OF Trevor Larnach OF Steven Kwan OF Luke Keaschall P Matthew Boyd P Jacob Misiorowski SS Corey Seager,,,
250,5213424538,FunkyKong (1/8),0,76.45,1B Jake Burger 2B Justin Foscue 3B Ezequiel Duran C Jimmy Crooks OF Steven Kwan OF Braden Montgomery OF Wyatt Langford P Matthew Boyd P Jacob Misiorowski SS Corey Seager,,,
252,5213432432,ladyfingers,0,75.85,1B Jac Caglianone 2B Angel Genao 3B Kyle Karros C Ivan Herrera OF Steven Kwan OF Jo Adell OF Jackson Chourio P Kumar Rocker P Jacob Misiorowski SS Corey Seager,,,
252,5213486067,Mtins,0,75.85,1B Andrew Vaughn 2B Jackson Holliday 3B Kyle Karros C Salvador Perez OF Jake McCarthy OF Steven Kwan OF Pete Crow-Armstrong P Kumar Rocker P Jacob Misiorowski SS Corey Seager,,,
254,5213487600,peterjpacheco (3/6),0,74.95,1B Munetaka Murakami 2B Angel Genao 3B Miguel Vargas C Luke Maile OF Wyatt Langford OF Cole Carrigg OF Luke Keaschall P Davis Martin P Jacob Misiorowski SS Ezequiel Duran,,,
255,5213490608,jsamtoy (8/8),0,74.1,1B Alec Burleson 2B Justin Foscue 3B Ezequiel Duran C Victor Caratini OF Brandon Nimmo OF Chase DeLauter OF Wyatt Langford P Kumar Rocker P Michael McGreevy SS Corey Seager,,,
256,5213407768,collincaleb (3/4),0,73.95,1B Jac Caglianone 2B Brice Turang 3B Ezequiel Duran C Edgar Quero OF Mickey Moniak OF Kyle Isbel OF Braden Montgomery P Davis Martin P Jacob Misiorowski SS Colson Montgomery,,,
256,5213437955,phatandy14,0,73.95,1B Andrew Vaughn 2B Cam Cauley 3B Ezequiel Duran C William Contreras OF Jake McCarthy OF Brandon Lockridge OF Jackson Chourio P Davis Martin P Jacob Misiorowski SS Dansby Swanson,,,
256,5213477586,kimberlylair (2/7),0,73.95,1B Nathaniel Lowe 2B Angel Genao 3B Miguel Vargas C Patrick Bailey OF Jo Adell OF Jackson Chourio OF Sam Antonacci P Joey Cantillo P Jacob Misiorowski SS Luisangel Acuna,,,
259,5213477526,claytankgunner (3/8),0,73.4,1B Michael Busch 2B Willi Castro 3B Kyle Karros C William Contreras OF Jake McCarthy OF Mickey Moniak OF Cole Carrigg P Matthew Boyd P Davis Martin SS Gunnar Henderson,,,
260,5213482186,MiltonHenry,0,72.95,1B TJ Rumfield 2B Angel Genao 3B Kyle Karros C Jimmy Crooks OF Jake McCarthy OF Mickey Moniak OF Cole Carrigg P Joey Cantillo P Jacob Misiorowski SS Jackson Holliday,,,
261,5213490525,rcarena (4/4),0,72.85,1B Nathaniel Lowe 2B Angel Genao 3B Jose Ramirez C Salvador Perez OF Randal Grichuk OF Steven Kwan OF Chase DeLauter P Kumar Rocker P Jacob Misiorowski SS Bobby Witt Jr.,,,
262,5213483184,Patsqueen_5,0,72.6,1B Jac Caglianone 2B Nico Hoerner 3B Colson Montgomery C William Contreras OF Leody Taveras OF Pete Crow-Armstrong OF Jordan Walker P Davis Martin P Cade Povich SS Corey Seager,,,
263,5213434294,filmcritic,0,72.25,1B Andrew Vaughn 2B Brice Turang 3B Nick Loftin C Salvador Perez OF Brandon Lockridge OF Jackson Chourio OF Luis Lara P Jacob Misiorowski P Michael McGreevy SS Gunnar Henderson,,,
264,5213419477,RockyLodema,0,71.85,1B Andrew Vaughn 2B Justin Foscue 3B Ezequiel Duran C Ivan Herrera OF Jake McCarthy OF Nathan Church OF Wyatt Langford P Kumar Rocker P Jacob Misiorowski SS Corey Seager,,,
264,5213437626,RyderCup616 (2/2),0,71.85,1B Jake Burger 2B Justin Foscue 3B Ezequiel Duran C William Contreras OF Jake McCarthy OF Cam Cauley OF Wyatt Langford P Kumar Rocker P Jacob Misiorowski SS Dansby Swanson,,,
264,5213483153,rcarena (1/4),0,71.85,1B Jake Burger 2B Angel Genao 3B Kyle Karros C Elias Diaz OF Brandon Nimmo OF Pete Crow-Armstrong OF Wyatt Langford P Kumar Rocker P Jacob Misiorowski SS Corey Seager,,,
264,5213490515,rcarena (3/4),0,71.85,1B Jake Burger 2B Angel Genao 3B Kyle Karros C Elias Diaz OF Brandon Nimmo OF Pete Crow-Armstrong OF Wyatt Langford P Kumar Rocker P Jacob Misiorowski SS Corey Seager,,,
268,5213451473,kchomer,0,71.15,1B Jac Caglianone 2B Cam Cauley 3B Nick Loftin C Salvador Perez OF Brandon Nimmo OF Kyle Isbel OF Braden Montgomery P Randy Dobnak P Jacob Misiorowski SS Bobby Witt Jr.,,,
269,5213487599,peterjpacheco (2/6),0,70.95,1B Royce Lewis 2B Angel Genao 3B Miguel Vargas C Luke Maile OF Jake McCarthy OF Wyatt Langford OF Cole Carrigg P Davis Martin P Jacob Misiorowski SS Ezequiel Duran,,,
270,5213423526,jsw1264 (1/2),0,70.85,1B Andrew Vaughn 2B Willi Castro 3B Kyle Karros C Salvador Perez OF Pete Crow-Armstrong OF Braden Montgomery OF Cole Carrigg P Kumar Rocker P Jacob Misiorowski SS Masyn Winn,,,
271,5213456165,kreller17 (4/5),0,70.8,1B Michael Busch 2B Brice Turang 3B Alex Bregman C Gary Sanchez OF Tyrone Taylor OF Pete Crow-Armstrong OF Luis Lara P Joey Cantillo P Kumar Rocker SS Dansby Swanson,,,
272,5213424539,FunkyKong (2/8),0,69.95,1B Nathaniel Lowe 2B Travis Bazzana 3B Jose Ramirez C Edgar Quero OF Michael Conforto OF Jo Adell OF Chase DeLauter P Joey Cantillo P Jacob Misiorowski SS Ezequiel Tovar,,,
273,5213417934,BeeGizzle72,0,69.85,1B TJ Rumfield 2B Angel Genao 3B Kyle Karros C Luke Maile OF Brandon Nimmo OF Mickey Moniak OF Pete Crow-Armstrong P Kumar Rocker P Jacob Misiorowski SS Ezequiel Duran,,,
274,5213435816,Boozard,0,69.8,1B Royce Lewis 2B JJ Wetherholt 3B Ezequiel Duran C Gary Sanchez OF Jackson Chourio OF Chase DeLauter OF Wyatt Langford P Joey Cantillo P Kumar Rocker SS Corey Seager,,,
274,5213451684,eharig09 (5/6),0,69.8,1B Alec Burleson 2B Justin Foscue 3B Nick Loftin C Hunter Goodman OF Jake McCarthy OF Mickey Moniak OF Wyatt Langford P Joey Cantillo P Kumar Rocker SS Ezequiel Duran,,,
276,5213431731,jsw1264 (2/2),0,69.65,1B Jac Caglianone 2B Willi Castro 3B Kyle Karros C Luke Maile OF Jake McCarthy OF Chase DeLauter OF Cole Carrigg P Jacob Misiorowski P Cade Povich SS Dansby Swanson,,,
277,5213475557,UWAlums03 (1/5),0,69.5,1B Royce Lewis 2B Kody Clemens 3B Brooks Lee C Ivan Herrera OF Trevor Larnach OF Pete Crow-Armstrong OF Luke Keaschall P Kumar Rocker P Cade Povich SS Bobby Witt Jr.,,,
278,5213441664,ddutt1,0,67.85,1B Nathaniel Lowe 2B Royce Lewis 3B Ezequiel Duran C Ivan Herrera OF Jake McCarthy OF Steven Kwan OF Braden Montgomery P Kumar Rocker P Jacob Misiorowski SS Corey Seager,,,
279,5213389616,zak11b,0,66.95,1B Jake Burger 2B Justin Foscue 3B Kyle Karros C Jimmy Crooks OF Mickey Moniak OF Nathan Church OF Cole Carrigg P Joey Cantillo P Jacob Misiorowski SS Dansby Swanson,,,
280,5213482589,iamtheky,0,66.5,1B Munetaka Murakami 2B Brice Turang 3B Alex Bregman C William Contreras OF Jake McCarthy OF Jackson Chourio OF Cole Carrigg P Michael Lorenzen P Kumar Rocker SS Corey Seager,,,
281,5213479682,FunkyKong (4/8),0,65.95,1B Andrew Vaughn 2B Brice Turang 3B Nick Loftin C William Contreras OF Tyler O'Neill OF Jackson Chourio OF Luis Lara P Davis Martin P Jacob Misiorowski SS Tyler Tolbert,,,
281,5213487153,buxley85,0,65.95,1B Andrew Vaughn 2B Jackson Holliday 3B Kyle Karros C Edgar Quero OF Pete Crow-Armstrong OF Braden Montgomery OF Luis Lara P Davis Martin P Jacob Misiorowski SS Bobby Witt Jr.,,,
283,5213378038,Koolkeeph1,0,65.85,1B Jake Burger 2B Travis Bazzana 3B Kyle Karros C Edgar Quero OF Michael Conforto OF Wyatt Langford OF Cole Carrigg P Kumar Rocker P Jacob Misiorowski SS Bobby Witt Jr.,,,
283,5213396768,Schlaurizzle (5/5),0,65.85,1B Nathaniel Lowe 2B Angel Genao 3B Alex Bregman C Salvador Perez OF Steven Kwan OF Jo Adell OF Chase DeLauter P Kumar Rocker P Jacob Misiorowski SS Bobby Witt Jr.,,,
283,5213451682,eharig09 (3/6),0,65.85,1B Andrew Vaughn 2B Jackson Holliday 3B Ezequiel Duran C William Contreras OF Mickey Moniak OF Brandon Lockridge OF Jackson Chourio P Kumar Rocker P Jacob Misiorowski SS Ezequiel Tovar,,,
286,5213456163,kreller17 (2/5),0,64.8,1B Michael Busch 2B Travis Bazzana 3B Jose Ramirez C Salvador Perez OF Steven Kwan OF Jo Adell OF Pete Crow-Armstrong P Joey Cantillo P Kumar Rocker SS Brayan Rocchio,,,
287,5213456164,kreller17 (3/5),0,64.1,1B Andrew Vaughn 2B Brice Turang 3B Jose Ramirez C William Contreras OF Steven Kwan OF Jackson Chourio OF Chase DeLauter P Kumar Rocker P Michael McGreevy SS Bobby Witt Jr.,,,
288,5213400504,Raiderfanatic2195 (4/8),0,63.85,1B Andrew Vaughn 2B Brice Turang 3B David Hamilton C Salvador Perez OF Brandon Lockridge OF Jac Caglianone OF Jackson Chourio P Kumar Rocker P Jacob Misiorowski SS Tyler Tolbert,,,
288,5213459496,Do_Figolo_Chip (2/5),0,63.85,1B Andrew Vaughn 2B Travis Bazzana 3B Nick Loftin C Jimmy Crooks OF Randal Grichuk OF Starling Marte OF Pete Crow-Armstrong P Kumar Rocker P Jacob Misiorowski SS Bobby Witt Jr.,,,
290,5213482176,kimberlylair (5/7),0,61.65,1B Royce Lewis 2B Brice Turang 3B Brooks Lee C Gary Sanchez OF Brandon Lockridge OF Alan Roden OF Luke Keaschall P Jacob Misiorowski P Cade Povich SS Luisangel Acuna,,,
291,5213490465,Spawnpeeks,0,60.85,1B Andrew Vaughn 2B Justin Foscue 3B Jose Fermin C Jimmy Crooks OF Bryan Torres OF Pete Crow-Armstrong OF Jordan Walker P Kumar Rocker P Jacob Misiorowski SS Masyn Winn,,,
292,5213490708,tomigirl1951,0,56.85,1B Jac Caglianone 2B Brice Turang 3B Kyle Karros C Jimmy Crooks OF Jake McCarthy OF Bryan Torres OF Cole Carrigg P Kumar Rocker P Jacob Misiorowski SS Corey Seager,,,
293,5213487910,Emac (4/8),0,56.4,1B Nathaniel Lowe 2B Travis Bazzana 3B Jose Ramirez C Jimmy Crooks OF Jo Adell OF Pete Crow-Armstrong OF Chase DeLauter P Kumar Rocker P Connor Prielipp SS Bobby Witt Jr.,,,
294,5213456389,gregthegifted,0,55.85,1B Andrew Vaughn 2B Brice Turang 3B Jose Fermin C William Contreras OF Randal Grichuk OF Jackson Chourio OF Luis Lara P Kumar Rocker P Jacob Misiorowski SS Ezequiel Tovar,,,
295,5213487908,Emac (2/8),0,53.800003,1B Andrew Vaughn 2B Brice Turang 3B Jose Ramirez C William Contreras OF Tyrone Taylor OF Jackson Chourio OF Wyatt Langford P Joey Cantillo P Kumar Rocker SS Corey Seager,,,
296,5213475561,UWAlums03 (5/5),0,45.85,1B Andrew Vaughn 2B Brice Turang 3B Nick Loftin C William Contreras OF Brandon Lockridge OF Brenton Doyle OF Luis Lara P Kumar Rocker P Jacob Misiorowski SS Bobby Witt Jr.,,,
297,5213472462,cbright6,0,0,,,,
