Position,Name + ID,Name,ID,Roster Position,Salary,Game Info,TeamAbbrev,AvgPointsPerGame,Status,Starting
SP,Jacob Misiorowski (43695648),Jacob Misiorowski,43695648,P,12000,MIL@SF 07/28/2026 09:45PM ET,MIL,29.38,,
SP,Chase Burns (43695649),Chase Burns,43695649,P,11000,CLE@CIN 07/28/2026 07:10PM ET,CIN,21.52,,
SP,Chris Sale (43695154),Chris Sale,43695154,P,10800,ATL@NYM 07/28/2026 07:10PM ET,ATL,22.71,,P
SP,Tyler Glasnow (43695650),Tyler Glasnow,43695650,P,10800,SEA@LAD 07/28/2026 10:10PM ET,LAD,22.21,IL,
SP,Joe Ryan (43695651),Joe Ryan,43695651,P,10600,KC@MIN 07/28/2026 07:40PM ET,MIN,17.43,,
SP,Yoshinobu Yamamoto (43695652),Yoshinobu Yamamoto,43695652,P,10300,SEA@LAD 07/28/2026 10:10PM ET,LAD,22.09,,
SP,Gerrit Cole (43695155),Gerrit Cole,43695155,P,9800,NYY@CWS 07/28/2026 07:40PM ET,NYY,17.1,,P
SP,Ranger Suarez (43695653),Ranger Suarez,43695653,P,9800,BOS@ATH 07/28/2026 09:40PM ET,BOS,16.96,,
SP,Cam Schlittler (43695654),Cam Schlittler,43695654,P,9800,NYY@CWS 07/28/2026 07:40PM ET,NYY,23.26,,
SP,Logan Gilbert (43695655),Logan Gilbert,43695655,P,9600,SEA@LAD 07/28/2026 10:10PM ET,SEA,19.37,,
SP,Bryce Miller (43695656),Bryce Miller,43695656,P,9600,SEA@LAD 07/28/2026 10:10PM ET,SEA,19.34,,
SP,Logan Webb (43695657),Logan Webb,43695657,P,9600,MIL@SF 07/28/2026 09:45PM ET,SF,15.16,,
SP,Logan Henderson (43695156),Logan Henderson,43695156,P,9500,MIL@SF 07/28/2026 09:45PM ET,MIL,18.51,,P
RP,Kyle Harrison (43695658),Kyle Harrison,43695658,P,9500,MIL@SF 07/28/2026 09:45PM ET,MIL,18.23,IL,
SP,Brandon Woodruff (43695659),Brandon Woodruff,43695659,P,9500,MIL@SF 07/28/2026 09:45PM ET,MIL,16.73,IL,
SP,Nick Pivetta (43695660),Nick Pivetta,43695660,P,9400,COL@SD 07/28/2026 09:40PM ET,SD,15.3,IL,
SP,Gavin Williams (43695157),Gavin Williams,43695157,P,9300,CLE@CIN 07/28/2026 07:10PM ET,CLE,21.22,,P
SP,Nolan McLean (43695661),Nolan McLean,43695661,P,9300,ATL@NYM 07/28/2026 07:10PM ET,NYM,19.28,,
SP,Peter Lambert (43695158),Peter Lambert,43695158,P,9000,HOU@LAA 07/28/2026 09:38PM ET,HOU,17.9,,P
SP,Hunter Brown (43695662),Hunter Brown,43695662,P,9000,HOU@LAA 07/28/2026 09:38PM ET,HOU,15.48,,
SP,Justin Wrobleski (43695159),Justin Wrobleski,43695159,P,8800,SEA@LAD 07/28/2026 10:10PM ET,LAD,18.55,,P
SP,Garrett Crochet (43695663),Garrett Crochet,43695663,P,8800,BOS@ATH 07/28/2026 09:40PM ET,BOS,13.78,IL,
SP,Spencer Schwellenbach (43695664),Spencer Schwellenbach,43695664,P,8800,ATL@NYM 07/28/2026 07:10PM ET,ATL,0,IL,
SP,Blake Snell (43695665),Blake Snell,43695665,P,8800,SEA@LAD 07/28/2026 10:10PM ET,LAD,3.95,IL,
SP,Sonny Gray (43695666),Sonny Gray,43695666,P,8800,BOS@ATH 07/28/2026 09:40PM ET,BOS,17.46,,
SP,Payton Tolle (43695667),Payton Tolle,43695667,P,8800,BOS@ATH 07/28/2026 09:40PM ET,BOS,17.9,,
SP,Carlos Rodon (43695668),Carlos Rodon,43695668,P,8800,NYY@CWS 07/28/2026 07:40PM ET,NYY,17.21,IL,
SP,Max Fried (43695669),Max Fried,43695669,P,8800,NYY@CWS 07/28/2026 07:40PM ET,NYY,16.75,,
SP,Taj Bradley (43695160),Taj Bradley,43695160,P,8600,KC@MIN 07/28/2026 07:40PM ET,MIN,18.64,,P
SP,Bryan Woo (43695670),Bryan Woo,43695670,P,8600,SEA@LAD 07/28/2026 10:10PM ET,SEA,16.16,,
SP,George Kirby (43695671),George Kirby,43695671,P,8600,SEA@LAD 07/28/2026 10:10PM ET,SEA,15.86,,
SP,Robbie Ray (43695672),Robbie Ray,43695672,P,8600,MIL@SF 07/28/2026 09:45PM ET,SF,15.56,,
SP,Mick Abel (43695673),Mick Abel,43695673,P,8600,KC@MIN 07/28/2026 07:40PM ET,MIN,14.19,IL,
SP,Michael King (43695161),Michael King,43695161,P,8400,COL@SD 07/28/2026 09:40PM ET,SD,15.39,,P
SP,Joe Musgrove (43695674),Joe Musgrove,43695674,P,8400,COL@SD 07/28/2026 09:40PM ET,SD,0,IL,
SP,Tylor Megill (43695675),Tylor Megill,43695675,P,8300,ATL@NYM 07/28/2026 07:10PM ET,NYM,0,IL,
SP,Zac Thornton (43695676),Zac Thornton,43695676,P,8300,ATL@NYM 07/28/2026 07:10PM ET,NYM,17.31,,
RP,Clay Holmes (43695677),Clay Holmes,43695677,P,8300,ATL@NYM 07/28/2026 07:10PM ET,NYM,17.9,IL,
SP,Parker Messick (43695678),Parker Messick,43695678,P,8300,CLE@CIN 07/28/2026 07:10PM ET,CLE,19.4,,
SP,Sean Burke (43695679),Sean Burke,43695679,P,8300,NYY@CWS 07/28/2026 07:40PM ET,CWS,18.39,,
SP,Davis Martin (43695680),Davis Martin,43695680,P,8300,NYY@CWS 07/28/2026 07:40PM ET,CWS,15.58,,
SP,Cole Ragans (43695681),Cole Ragans,43695681,P,8300,KC@MIN 07/28/2026 07:40PM ET,KC,13.19,IL,
SP,Kris Bubic (43695682),Kris Bubic,43695682,P,8300,KC@MIN 07/28/2026 07:40PM ET,KC,15.94,IL,
SP,Michael Wacha (43695683),Michael Wacha,43695683,P,8300,KC@MIN 07/28/2026 07:40PM ET,KC,15.42,,
RP,Ben Brown (43695684),Ben Brown,43695684,P,8200,CHC@STL 07/28/2026 07:45PM ET,CHC,11.57,IL,
SP,Justin Steele (43695685),Justin Steele,43695685,P,8200,CHC@STL 07/28/2026 07:45PM ET,CHC,0,IL,
SP,Reid Detmers (43695162),Reid Detmers,43695162,P,8100,HOU@LAA 07/28/2026 09:38PM ET,LAA,17.23,,P
RP,Walbert Urena (43695686),Walbert Urena,43695686,P,8100,HOU@LAA 07/28/2026 09:38PM ET,LAA,14.65,,
SP,Jose Soriano (43695687),Jose Soriano,43695687,P,8100,HOU@LAA 07/28/2026 09:38PM ET,LAA,17.27,,
SP,Hunter Greene (43695688),Hunter Greene,43695688,P,8000,CLE@CIN 07/28/2026 07:10PM ET,CIN,15.84,,
SP,Cristian Javier (43695689),Cristian Javier,43695689,P,8000,HOU@LAA 07/28/2026 09:38PM ET,HOU,4.42,,
SP,Ronel Blanco (43695690),Ronel Blanco,43695690,P,8000,HOU@LAA 07/28/2026 09:38PM ET,HOU,10.65,,
SP,Spencer Arrighetti (43695691),Spencer Arrighetti,43695691,P,8000,HOU@LAA 07/28/2026 09:38PM ET,HOU,13.58,IL,
SP,Jake Bennett (43695163),Jake Bennett,43695163,P,7800,BOS@ATH 07/28/2026 09:40PM ET,BOS,17.27,,P
RP,Ryan Weathers (43695692),Ryan Weathers,43695692,P,7800,NYY@CWS 07/28/2026 07:40PM ET,NYY,15.85,,
RP,AJ Smith-Shawver (43695693),AJ Smith-Shawver,43695693,P,7800,ATL@NYM 07/28/2026 07:10PM ET,ATL,0,IL,
RP,Spencer Strider (43695694),Spencer Strider,43695694,P,7800,ATL@NYM 07/28/2026 07:10PM ET,ATL,14.67,IL,
SP,Will Warren (43695695),Will Warren,43695695,P,7800,NYY@CWS 07/28/2026 07:40PM ET,NYY,13.01,,
SP,Clarke Schmidt (43695696),Clarke Schmidt,43695696,P,7800,NYY@CWS 07/28/2026 07:40PM ET,NYY,0,IL,
SP,Matthew Boyd (43695697),Matthew Boyd,43695697,P,7700,CHC@STL 07/28/2026 07:45PM ET,CHC,15.5,,
SP,Landen Roupp (43695164),Landen Roupp,43695164,P,7600,MIL@SF 07/28/2026 09:45PM ET,SF,16.1,,P
SP,Pablo Lopez (43695698),Pablo Lopez,43695698,P,7600,KC@MIN 07/28/2026 07:40PM ET,MIN,0,IL,
SP,Bailey Ober (43695699),Bailey Ober,43695699,P,7600,KC@MIN 07/28/2026 07:40PM ET,MIN,12.76,,
SP,Emerson Hancock (43695700),Emerson Hancock,43695700,P,7600,SEA@LAD 07/28/2026 10:10PM ET,SEA,16.58,,
SP,Tyler Mahle (43695701),Tyler Mahle,43695701,P,7600,MIL@SF 07/28/2026 09:45PM ET,SF,11.68,,
RP,Trevor McDonald (43695702),Trevor McDonald,43695702,P,7600,MIL@SF 07/28/2026 09:45PM ET,SF,10.13,IL,
SP,Carson Whisenhunt (43695703),Carson Whisenhunt,43695703,P,7600,MIL@SF 07/28/2026 09:45PM ET,SF,13.35,,
SP,Connor Prielipp (43695704),Connor Prielipp,43695704,P,7600,KC@MIN 07/28/2026 07:40PM ET,MIN,13.67,,
SP,Zebby Matthews (43695705),Zebby Matthews,43695705,P,7600,KC@MIN 07/28/2026 07:40PM ET,MIN,11.98,,
SP,Emmet Sheehan (43695706),Emmet Sheehan,43695706,P,7500,SEA@LAD 07/28/2026 10:10PM ET,LAD,13.51,,
SP,Roki Sasaki (43695707),Roki Sasaki,43695707,P,7500,SEA@LAD 07/28/2026 10:10PM ET,LAD,13.4,,
SP,Dustin May (43695708),Dustin May,43695708,P,7500,CHC@STL 07/28/2026 07:45PM ET,STL,13.63,,
SP,Michael McGreevy (43695709),Michael McGreevy,43695709,P,7500,CHC@STL 07/28/2026 07:45PM ET,STL,13.29,,P
RP,Kyle Leahy (43695710),Kyle Leahy,43695710,P,7500,CHC@STL 07/28/2026 07:45PM ET,STL,13.37,,
RP,Shane Drohan (43695711),Shane Drohan,43695711,P,7500,MIL@SF 07/28/2026 09:45PM ET,MIL,11.61,,
RP,Zach Agnos (43695712),Zach Agnos,43695712,P,7500,COL@SD 07/28/2026 09:40PM ET,COL,2.5,,
SP,Robert Gasser (43695713),Robert Gasser,43695713,P,7500,MIL@SF 07/28/2026 09:45PM ET,MIL,12.89,,
SP,Brandon Sproat (43695714),Brandon Sproat,43695714,P,7500,MIL@SF 07/28/2026 09:45PM ET,MIL,11.28,,
SP,Chad Patrick (43695715),Chad Patrick,43695715,P,7500,MIL@SF 07/28/2026 09:45PM ET,MIL,6.27,,
SP,Colton Gordon (43695716),Colton Gordon,43695716,P,7500,MIL@SF 07/28/2026 09:45PM ET,MIL,1,,
SP,Quinn Priester (43695717),Quinn Priester,43695717,P,7500,MIL@SF 07/28/2026 09:45PM ET,MIL,0,IL,
RP,Gabriel Hughes (43695718),Gabriel Hughes,43695718,P,7500,COL@SD 07/28/2026 09:40PM ET,COL,14.08,,
SP,Walker Buehler (43695719),Walker Buehler,43695719,P,7400,COL@SD 07/28/2026 09:40PM ET,SD,10.95,,
SP,Randy Vasquez (43695720),Randy Vasquez,43695720,P,7400,COL@SD 07/28/2026 09:40PM ET,SD,8.76,,
SP,German Marquez (43695721),German Marquez,43695721,P,7400,COL@SD 07/28/2026 09:40PM ET,SD,8.3,,
SP,Lucas Giolito (43695722),Lucas Giolito,43695722,P,7400,COL@SD 07/28/2026 09:40PM ET,SD,6.16,IL,
SP,JP Sears (43695723),JP Sears,43695723,P,7400,COL@SD 07/28/2026 09:40PM ET,SD,12.87,,
SP,Christian Scott (43695165),Christian Scott,43695165,P,7300,ATL@NYM 07/28/2026 07:10PM ET,NYM,15.39,,P
RP,David Sandlin (43695724),David Sandlin,43695724,P,7300,NYY@CWS 07/28/2026 07:40PM ET,CWS,12.62,,
SP,Sean Manaea (43695725),Sean Manaea,43695725,P,7300,ATL@NYM 07/28/2026 07:10PM ET,NYM,9.14,,
SP,Freddy Peralta (43695726),Freddy Peralta,43695726,P,7300,ATL@NYM 07/28/2026 07:10PM ET,NYM,12.57,,
SP,Slade Cecconi (43695727),Slade Cecconi,43695727,P,7300,CLE@CIN 07/28/2026 07:10PM ET,CLE,10.77,,
RP,Joey Cantillo (43695728),Joey Cantillo,43695728,P,7300,CLE@CIN 07/28/2026 07:10PM ET,CLE,14.25,,
SP,Tanner Bibee (43695729),Tanner Bibee,43695729,P,7300,CLE@CIN 07/28/2026 07:10PM ET,CLE,13.33,,
SP,Jonathan Cannon (43695730),Jonathan Cannon,43695730,P,7300,NYY@CWS 07/28/2026 07:40PM ET,CWS,-3.8,,
RP,Shane Smith (43695731),Shane Smith,43695731,P,7300,NYY@CWS 07/28/2026 07:40PM ET,CWS,2.52,,
SP,Shota Imanaga (43695732),Shota Imanaga,43695732,P,7200,CHC@STL 07/28/2026 07:45PM ET,CHC,16.32,,
SP,Javier Assad (43695733),Javier Assad,43695733,P,7200,CHC@STL 07/28/2026 07:45PM ET,CHC,9.06,,
SP,Edward Cabrera (43695734),Edward Cabrera,43695734,P,7200,CHC@STL 07/28/2026 07:45PM ET,CHC,12.11,IL,
SP,Jameson Taillon (43695735),Jameson Taillon,43695735,P,7200,CHC@STL 07/28/2026 07:45PM ET,CHC,10.13,,
SP,Cade Horton (43695736),Cade Horton,43695736,P,7200,CHC@STL 07/28/2026 07:45PM ET,CHC,10.45,IL,
SP,Gage Jump (43695166),Gage Jump,43695166,P,7100,BOS@ATH 07/28/2026 09:40PM ET,ATH,14.17,,P
RP,J.T. Ginn (43695737),J.T. Ginn,43695737,P,7100,BOS@ATH 07/28/2026 09:40PM ET,ATH,14.11,IL,
SP,Yusei Kikuchi (43695738),Yusei Kikuchi,43695738,P,7100,HOU@LAA 07/28/2026 09:38PM ET,LAA,9.39,IL,
SP,Chase Silseth (43695739),Chase Silseth,43695739,P,7100,HOU@LAA 07/28/2026 09:38PM ET,LAA,3.01,,
SP,Nick Lodolo (43695740),Nick Lodolo,43695740,P,7000,CLE@CIN 07/28/2026 07:10PM ET,CIN,10.75,IL,
SP,Andrew Abbott (43695741),Andrew Abbott,43695741,P,7000,CLE@CIN 07/28/2026 07:10PM ET,CIN,12.58,,
SP,Tatsuya Imai (43695742),Tatsuya Imai,43695742,P,7000,HOU@LAA 07/28/2026 09:38PM ET,HOU,11.17,,
SP,Brandon Walter (43695743),Brandon Walter,43695743,P,7000,HOU@LAA 07/28/2026 09:38PM ET,HOU,0,IL,
RP,AJ Blubaugh (43695744),AJ Blubaugh,43695744,P,7000,HOU@LAA 07/28/2026 09:38PM ET,HOU,4.93,,
RP,Kai-Wei Teng (43695745),Kai-Wei Teng,43695745,P,7000,HOU@LAA 07/28/2026 09:38PM ET,HOU,7.2,,
RP,Hayden Wesneski (43695746),Hayden Wesneski,43695746,P,7000,HOU@LAA 07/28/2026 09:38PM ET,HOU,0,IL,
SP,Mike Burrows (43695747),Mike Burrows,43695747,P,7000,HOU@LAA 07/28/2026 09:38PM ET,HOU,9.02,IL,
RP,Jason Alexander (43695748),Jason Alexander,43695748,P,7000,HOU@LAA 07/28/2026 09:38PM ET,HOU,4.31,IL,
SP,Seth Lugo (43695167),Seth Lugo,43695167,P,6800,KC@MIN 07/28/2026 07:40PM ET,KC,12.15,,P
SP,Tanner Houck (43695749),Tanner Houck,43695749,P,6800,BOS@ATH 07/28/2026 09:40PM ET,BOS,0,IL,
SP,Kutter Crawford (43695750),Kutter Crawford,43695750,P,6800,BOS@ATH 07/28/2026 09:40PM ET,BOS,0,IL,
SP,Patrick Sandoval (43695751),Patrick Sandoval,43695751,P,6800,BOS@ATH 07/28/2026 09:40PM ET,BOS,11.23,,
RP,Eduardo Rivera (43695752),Eduardo Rivera,43695752,P,6800,BOS@ATH 07/28/2026 09:40PM ET,BOS,5.03,,
RP,Owen Murphy (43695753),Owen Murphy,43695753,P,6800,ATL@NYM 07/28/2026 07:10PM ET,ATL,5.2,,
RP,Didier Fuentes (43695754),Didier Fuentes,43695754,P,6800,ATL@NYM 07/28/2026 07:10PM ET,ATL,4.51,,
SP,JR Ritchie (43695755),JR Ritchie,43695755,P,6800,ATL@NYM 07/28/2026 07:10PM ET,ATL,9.15,,
RP,Grant Holmes (43695756),Grant Holmes,43695756,P,6800,ATL@NYM 07/28/2026 07:10PM ET,ATL,12.3,,
RP,Reynaldo Lopez (43695757),Reynaldo Lopez,43695757,P,6800,ATL@NYM 07/28/2026 07:10PM ET,ATL,8.04,,
SP,Bryce Elder (43695758),Bryce Elder,43695758,P,6800,ATL@NYM 07/28/2026 07:10PM ET,ATL,14.47,,
RP,Martin Perez (43695759),Martin Perez,43695759,P,6800,ATL@NYM 07/28/2026 07:10PM ET,ATL,11.37,,
SP,Hurston Waldrep (43695760),Hurston Waldrep,43695760,P,6800,ATL@NYM 07/28/2026 07:10PM ET,ATL,2.33,IL,
RP,Paul Blackburn (43695761),Paul Blackburn,43695761,P,6800,NYY@CWS 07/28/2026 07:40PM ET,NYY,4.47,,
RP,Ryan Yarbrough (43695762),Ryan Yarbrough,43695762,P,6800,NYY@CWS 07/28/2026 07:40PM ET,NYY,3.25,,
SP,Luis Gil (43695763),Luis Gil,43695763,P,6800,NYY@CWS 07/28/2026 07:40PM ET,NYY,5.52,IL,
SP,Elmer Rodriguez (43695764),Elmer Rodriguez,43695764,P,6800,NYY@CWS 07/28/2026 07:40PM ET,NYY,5.11,,
RP,Stephen Kolek (43695765),Stephen Kolek,43695765,P,6800,KC@MIN 07/28/2026 07:40PM ET,KC,11.51,IL,
SP,Noah Cameron (43695766),Noah Cameron,43695766,P,6800,KC@MIN 07/28/2026 07:40PM ET,KC,12.59,,
1B/OF,Shohei Ohtani (43695174),Shohei Ohtani,43695174,1B/OF,6700,SEA@LAD 07/28/2026 10:10PM ET,LAD,9.26,,
SP,Luis Castillo (43695168),Luis Castillo,43695168,P,6600,SEA@LAD 07/28/2026 10:10PM ET,SEA,11.18,,P
SP,Blade Tidwell (43695767),Blade Tidwell,43695767,P,6600,MIL@SF 07/28/2026 09:45PM ET,SF,3.82,,
RP,Carson Seymour (43695768),Carson Seymour,43695768,P,6600,MIL@SF 07/28/2026 09:45PM ET,SF,-4.03,,
SP,Keaton Winn (43695769),Keaton Winn,43695769,P,6600,MIL@SF 07/28/2026 09:45PM ET,SF,2.54,,
RP,Tristan Beck (43695770),Tristan Beck,43695770,P,6600,MIL@SF 07/28/2026 09:45PM ET,SF,1.08,,
SP,Adrian Houser (43695771),Adrian Houser,43695771,P,6600,MIL@SF 07/28/2026 09:45PM ET,SF,7.57,,
RP,Dylan Smith (43695772),Dylan Smith,43695772,P,6600,MIL@SF 07/28/2026 09:45PM ET,SF,2.93,,
RP,Jose Butto (43695773),Jose Butto,43695773,P,6600,MIL@SF 07/28/2026 09:45PM ET,SF,-0.5,IL,
RP,JT Brubaker (43695774),JT Brubaker,43695774,P,6600,MIL@SF 07/28/2026 09:45PM ET,SF,3.79,,
RP,Hayden Birdsong (43695775),Hayden Birdsong,43695775,P,6600,MIL@SF 07/28/2026 09:45PM ET,SF,0,IL,
SP,Caleb Kilian (43695776),Caleb Kilian,43695776,P,6600,MIL@SF 07/28/2026 09:45PM ET,SF,3.03,,
SP,Logan Evans (43695777),Logan Evans,43695777,P,6600,SEA@LAD 07/28/2026 10:10PM ET,SEA,0,IL,
RP,Cooper Criswell (43695778),Cooper Criswell,43695778,P,6600,SEA@LAD 07/28/2026 10:10PM ET,SEA,2.95,IL,
SP,Luis Morales (43695779),Luis Morales,43695779,P,6600,BOS@ATH 07/28/2026 09:40PM ET,ATH,0.12,,
SP,Kade Morris (43695780),Kade Morris,43695780,P,6600,BOS@ATH 07/28/2026 09:40PM ET,ATH,-2.17,,
RP,Yunior Tur (43695781),Yunior Tur,43695781,P,6600,BOS@ATH 07/28/2026 09:40PM ET,ATH,-12.8,,
SP,Luis Severino (43695782),Luis Severino,43695782,P,6600,BOS@ATH 07/28/2026 09:40PM ET,ATH,13.72,IL,
SP,Gunnar Hoglund (43695783),Gunnar Hoglund,43695783,P,6600,BOS@ATH 07/28/2026 09:40PM ET,ATH,0,IL,
RP,Jack Perkins (43695784),Jack Perkins,43695784,P,6600,BOS@ATH 07/28/2026 09:40PM ET,ATH,6.28,,
RP,Joey Estes (43695785),Joey Estes,43695785,P,6600,BOS@ATH 07/28/2026 09:40PM ET,ATH,6.15,,
RP,Jack Anderson (43695786),Jack Anderson,43695786,P,6600,KC@MIN 07/28/2026 07:40PM ET,MIN,5.38,,
RP,Marco Raya (43695787),Marco Raya,43695787,P,6600,KC@MIN 07/28/2026 07:40PM ET,MIN,4.23,,
RP,Mike Paredes (43695788),Mike Paredes,43695788,P,6600,KC@MIN 07/28/2026 07:40PM ET,MIN,5.34,IL,
SP,David Festa (43695789),David Festa,43695789,P,6600,KC@MIN 07/28/2026 07:40PM ET,MIN,0,IL,
RP,Kendry Rojas (43695790),Kendry Rojas,43695790,P,6600,KC@MIN 07/28/2026 07:40PM ET,MIN,8.15,,
RP,Yoendrys Gomez (43695791),Yoendrys Gomez,43695791,P,6600,KC@MIN 07/28/2026 07:40PM ET,MIN,2.87,,
SP,Hunter Dobbins (43695169),Hunter Dobbins,43695169,P,6500,CHC@STL 07/28/2026 07:45PM ET,STL,13.25,,
OF,Yordan Alvarez (43695176),Yordan Alvarez,43695176,OF,6500,HOU@LAA 07/28/2026 09:38PM ET,HOU,10.48,,
RP,Matthew Liberatore (43695792),Matthew Liberatore,43695792,P,6500,CHC@STL 07/28/2026 07:45PM ET,STL,11.08,,
RP,Andre Pallante (43695793),Andre Pallante,43695793,P,6500,CHC@STL 07/28/2026 07:45PM ET,STL,14.05,,
SP,Coleman Crow (43695794),Coleman Crow,43695794,P,6500,MIL@SF 07/28/2026 09:45PM ET,MIL,4.64,,
RP,DL Hall (43695795),DL Hall,43695795,P,6500,MIL@SF 07/28/2026 09:45PM ET,MIL,4.01,IL,
RP,Bryse Wilson (43695796),Bryse Wilson,43695796,P,6500,MIL@SF 07/28/2026 09:45PM ET,MIL,5.97,,
SP,Matt Waldron (43695797),Matt Waldron,43695797,P,6400,COL@SD 07/28/2026 09:40PM ET,SD,4.97,,
RP,Jhony Brito (43695798),Jhony Brito,43695798,P,6400,COL@SD 07/28/2026 09:40PM ET,SD,4.33,,
SP,Kyle Hart (43695799),Kyle Hart,43695799,P,6400,COL@SD 07/28/2026 09:40PM ET,SD,2.98,,
SP,Griffin Canning (43695800),Griffin Canning,43695800,P,6400,COL@SD 07/28/2026 09:40PM ET,SD,7.45,,
SP,Anthony Kay (43695170),Anthony Kay,43695170,P,6300,NYY@CWS 07/28/2026 07:40PM ET,CWS,10.61,,P
OF,Pete Crow-Armstrong (43695177),Pete Crow-Armstrong,43695177,OF,6300,CHC@STL 07/28/2026 07:45PM ET,CHC,10.28,,
RP,Grant Taylor (43695801),Grant Taylor,43695801,P,6300,NYY@CWS 07/28/2026 07:40PM ET,CWS,5.59,,
RP,Mike Vasil (43695802),Mike Vasil,43695802,P,6300,NYY@CWS 07/28/2026 07:40PM ET,CWS,0,IL,
RP,Trevor Richards (43695803),Trevor Richards,43695803,P,6300,NYY@CWS 07/28/2026 07:40PM ET,CWS,4.34,,
RP,Joe Rock (43695804),Joe Rock,43695804,P,6300,NYY@CWS 07/28/2026 07:40PM ET,CWS,6.21,,
SP,Noah Schultz (43695805),Noah Schultz,43695805,P,6300,NYY@CWS 07/28/2026 07:40PM ET,CWS,9.02,,
RP,Osvaldo Bido (43695806),Osvaldo Bido,43695806,P,6300,NYY@CWS 07/28/2026 07:40PM ET,CWS,2.6,,
RP,Justin Hagenman (43695807),Justin Hagenman,43695807,P,6300,ATL@NYM 07/28/2026 07:10PM ET,NYM,0,IL,
SP,Tobias Myers (43695808),Tobias Myers,43695808,P,6300,ATL@NYM 07/28/2026 07:10PM ET,NYM,2.58,,
SP,Kodai Senga (43695809),Kodai Senga,43695809,P,6300,ATL@NYM 07/28/2026 07:10PM ET,NYM,5.28,,
RP,Xzavion Curry (43695810),Xzavion Curry,43695810,P,6300,ATL@NYM 07/28/2026 07:10PM ET,NYM,3.32,,
SP,Jonah Tong (43695811),Jonah Tong,43695811,P,6300,ATL@NYM 07/28/2026 07:10PM ET,NYM,7.83,,
SP,Logan Allen (43695812),Logan Allen,43695812,P,6300,CLE@CIN 07/28/2026 07:10PM ET,CLE,11.75,,
SP,Colin Rea (43695171),Colin Rea,43695171,P,6200,CHC@STL 07/28/2026 07:45PM ET,CHC,10.46,,P
OF,Byron Buxton (43695178),Byron Buxton,43695178,OF,6200,KC@MIN 07/28/2026 07:40PM ET,MIN,9.51,,
SP,David Peterson (43695813),David Peterson,43695813,P,6200,CHC@STL 07/28/2026 07:45PM ET,CHC,8.61,,
RP,Aaron Civale (43695814),Aaron Civale,43695814,P,6200,CHC@STL 07/28/2026 07:45PM ET,CHC,8.29,,
SP,Jordan Wicks (43695815),Jordan Wicks,43695815,P,6200,CHC@STL 07/28/2026 07:45PM ET,CHC,0.66,,
RP,Ethan Roberts (43695816),Ethan Roberts,43695816,P,6200,CHC@STL 07/28/2026 07:45PM ET,CHC,1.93,IL,
SP,Joey Lucchesi (43695817),Joey Lucchesi,43695817,P,6100,HOU@LAA 07/28/2026 09:38PM ET,LAA,-0.58,,
RP,Sam Aldegheri (43695818),Sam Aldegheri,43695818,P,6100,HOU@LAA 07/28/2026 09:38PM ET,LAA,7.15,,
SP,Grayson Rodriguez (43695819),Grayson Rodriguez,43695819,P,6100,HOU@LAA 07/28/2026 09:38PM ET,LAA,4.59,,
SP,Caden Dana (43695820),Caden Dana,43695820,P,6100,HOU@LAA 07/28/2026 09:38PM ET,LAA,0,,
SP,George Klassen (43695821),George Klassen,43695821,P,6100,HOU@LAA 07/28/2026 09:38PM ET,LAA,0.15,,
RP,Mitch Farris (43695822),Mitch Farris,43695822,P,6100,HOU@LAA 07/28/2026 09:38PM ET,LAA,5.11,,
RP,Ryan Johnson (43695823),Ryan Johnson,43695823,P,6100,HOU@LAA 07/28/2026 09:38PM ET,LAA,5.65,,
SP,Jack Kochanowicz (43695824),Jack Kochanowicz,43695824,P,6100,HOU@LAA 07/28/2026 09:38PM ET,LAA,7.26,IL,
SP,Brady Singer (43695172),Brady Singer,43695172,P,6000,CLE@CIN 07/28/2026 07:10PM ET,CIN,11.7,,PLR
OF,Fernando Tatis Jr. (43695179),Fernando Tatis Jr.,43695179,OF,6000,COL@SD 07/28/2026 09:40PM ET,SD,8.24,,
OF,Aaron Judge (43695466),Aaron Judge,43695466,OF,6000,NYY@CWS 07/28/2026 07:40PM ET,NYY,9.71,IL,
SP,Brandon Williamson (43695825),Brandon Williamson,43695825,P,6000,CLE@CIN 07/28/2026 07:10PM ET,CIN,6.93,IL,
SP,Chase Petty (43695826),Chase Petty,43695826,P,6000,CLE@CIN 07/28/2026 07:10PM ET,CIN,3.33,,PO
RP,Jose Franco (43695827),Jose Franco,43695827,P,6000,CLE@CIN 07/28/2026 07:10PM ET,CIN,2.7,,
SP,Connor Phillips (43695828),Connor Phillips,43695828,P,6000,CLE@CIN 07/28/2026 07:10PM ET,CIN,2.28,,
SP,Rhett Lowder (43695829),Rhett Lowder,43695829,P,6000,CLE@CIN 07/28/2026 07:10PM ET,CIN,8.01,,
1B,Ben Rice (43695180),Ben Rice,43695180,1B,5900,NYY@CWS 07/28/2026 07:40PM ET,NYY,9.7,,
SS,Elly De La Cruz (43695181),Elly De La Cruz,43695181,SS,5800,CLE@CIN 07/28/2026 07:10PM ET,CIN,9.88,,
SP,Alec Marsh (43695830),Alec Marsh,43695830,P,5800,KC@MIN 07/28/2026 07:40PM ET,KC,0,IL,
SP,Ben Kudrna (43695831),Ben Kudrna,43695831,P,5800,KC@MIN 07/28/2026 07:40PM ET,KC,0,IL,
RP,Daniel Lynch IV (43695832),Daniel Lynch IV,43695832,P,5800,KC@MIN 07/28/2026 07:40PM ET,KC,3.17,,
RP,Ryan Bergert (43695833),Ryan Bergert,43695833,P,5800,KC@MIN 07/28/2026 07:40PM ET,KC,0,IL,
RP,Mitch Spence (43695834),Mitch Spence,43695834,P,5800,KC@MIN 07/28/2026 07:40PM ET,KC,-9.27,,
RP,Mason Black (43695835),Mason Black,43695835,P,5800,KC@MIN 07/28/2026 07:40PM ET,KC,3.1,,
RP,Randy Dobnak (43695836),Randy Dobnak,43695836,P,5800,KC@MIN 07/28/2026 07:40PM ET,KC,10.29,,
SP,Johan Oviedo (43695837),Johan Oviedo,43695837,P,5800,BOS@ATH 07/28/2026 09:40PM ET,BOS,1.45,IL,
SP,Brayan Bello (43695838),Brayan Bello,43695838,P,5800,BOS@ATH 07/28/2026 09:40PM ET,BOS,8.56,,
SP,River Ryan (43695839),River Ryan,43695839,P,5800,SEA@LAD 07/28/2026 10:10PM ET,LAD,0,IL,
SP,Gavin Stone (43695840),Gavin Stone,43695840,P,5800,SEA@LAD 07/28/2026 10:10PM ET,LAD,0,IL,
SP,Bobby Miller (43695841),Bobby Miller,43695841,P,5800,SEA@LAD 07/28/2026 10:10PM ET,LAD,0,IL,
SP,Landon Knack (43695842),Landon Knack,43695842,P,5800,SEA@LAD 07/28/2026 10:10PM ET,LAD,1.92,,
RP,Eric Lauer (43695843),Eric Lauer,43695843,P,5800,SEA@LAD 07/28/2026 10:10PM ET,LAD,9.84,,
RP,Chayce McDermott (43695844),Chayce McDermott,43695844,P,5800,SEA@LAD 07/28/2026 10:10PM ET,LAD,0.72,,
RP,Joey Wentz (43695845),Joey Wentz,43695845,P,5800,ATL@NYM 07/28/2026 07:10PM ET,ATL,0,IL,
RP,Connor Thomas (43695846),Connor Thomas,43695846,P,5800,ATL@NYM 07/28/2026 07:10PM ET,ATL,-10.18,,
RP,Victor Mederos (43695847),Victor Mederos,43695847,P,5800,ATL@NYM 07/28/2026 07:10PM ET,ATL,4.15,,
RP,Luinder Avila (43695848),Luinder Avila,43695848,P,5800,KC@MIN 07/28/2026 07:40PM ET,KC,7.64,,
1B,Nick Kurtz (43695182),Nick Kurtz,43695182,1B,5700,BOS@ATH 07/28/2026 09:40PM ET,ATH,9.55,,
C,Ryan Jeffers (43695183),Ryan Jeffers,43695183,C,5700,KC@MIN 07/28/2026 07:40PM ET,MIN,8.87,,
OF,Juan Soto (43695468),Juan Soto,43695468,OF,5700,ATL@NYM 07/28/2026 07:10PM ET,NYM,9.27,IL,
OF,Jordan Walker (43695184),Jordan Walker,43695184,OF,5600,CHC@STL 07/28/2026 07:45PM ET,STL,9.4,,
1B,Munetaka Murakami (43695185),Munetaka Murakami,43695185,1B,5600,NYY@CWS 07/28/2026 07:40PM ET,CWS,9.57,,
SS,Bobby Witt Jr. (43695467),Bobby Witt Jr.,43695467,SS,5600,KC@MIN 07/28/2026 07:40PM ET,KC,9.18,IL,
SP,Luis Medina (43695849),Luis Medina,43695849,P,5600,BOS@ATH 07/28/2026 09:40PM ET,ATH,4.19,,
RP,Jose Suarez (43695850),Jose Suarez,43695850,P,5600,BOS@ATH 07/28/2026 09:40PM ET,ATH,3.79,,
RP,Jeffrey Springs (43695851),Jeffrey Springs,43695851,P,5600,BOS@ATH 07/28/2026 09:40PM ET,ATH,8.68,DTD,
RP,Jacob Lopez (43695852),Jacob Lopez,43695852,P,5600,BOS@ATH 07/28/2026 09:40PM ET,ATH,7.31,,
RP,Mason Barnett (43695853),Mason Barnett,43695853,P,5600,BOS@ATH 07/28/2026 09:40PM ET,ATH,4.22,,
SP,Michael Lorenzen (43695173),Michael Lorenzen,43695173,P,5500,COL@SD 07/28/2026 09:40PM ET,COL,6.07,,P
1B,Freddie Freeman (43695186),Freddie Freeman,43695186,1B,5500,SEA@LAD 07/28/2026 10:10PM ET,LAD,8.37,,
3B,Miguel Vargas (43695187),Miguel Vargas,43695187,3B,5500,NYY@CWS 07/28/2026 07:40PM ET,CWS,9.05,,
OF,Ronald Acuna Jr. (43695469),Ronald Acuna Jr.,43695469,OF,5500,ATL@NYM 07/28/2026 07:10PM ET,ATL,8.98,,
SP,Ryan Feltner (43695854),Ryan Feltner,43695854,P,5500,COL@SD 07/28/2026 09:40PM ET,COL,8.44,,
SP,Chase Dollander (43695855),Chase Dollander,43695855,P,5500,COL@SD 07/28/2026 09:40PM ET,COL,13.1,IL,
RP,Tanner Gordon (43695856),Tanner Gordon,43695856,P,5500,COL@SD 07/28/2026 09:40PM ET,COL,7.61,,
SP,Antonio Senzatela (43695857),Antonio Senzatela,43695857,P,5500,COL@SD 07/28/2026 09:40PM ET,COL,5.07,,
SP,Pierson Ohl (43695858),Pierson Ohl,43695858,P,5500,COL@SD 07/28/2026 09:40PM ET,COL,0,IL,
SP,Sean Sullivan (43695859),Sean Sullivan,43695859,P,5500,COL@SD 07/28/2026 09:40PM ET,COL,1.89,,
RP,Jose Quintana (43695860),Jose Quintana,43695860,P,5500,COL@SD 07/28/2026 09:40PM ET,COL,6.05,IL,
SP,Tomoyuki Sugano (43695861),Tomoyuki Sugano,43695861,P,5500,COL@SD 07/28/2026 09:40PM ET,COL,10.43,,
SP,Tink Hence (43695862),Tink Hence,43695862,P,5500,CHC@STL 07/28/2026 07:45PM ET,STL,0,,
SP,Tekoah Roby (43695863),Tekoah Roby,43695863,P,5500,CHC@STL 07/28/2026 07:45PM ET,STL,0,IL,
SP,Brycen Mautz (43695864),Brycen Mautz,43695864,P,5500,CHC@STL 07/28/2026 07:45PM ET,STL,3.15,,
SP,Richard Fitts (43695865),Richard Fitts,43695865,P,5500,CHC@STL 07/28/2026 07:45PM ET,STL,0,IL,
SP,Bruce Zimmermann (43695866),Bruce Zimmermann,43695866,P,5500,CHC@STL 07/28/2026 07:45PM ET,STL,5.05,,
SP,Kyle Freeland (43695867),Kyle Freeland,43695867,P,5500,COL@SD 07/28/2026 09:40PM ET,COL,7.2,,
3B,Max Muncy (43695188),Max Muncy,43695188,3B,5400,SEA@LAD 07/28/2026 10:10PM ET,LAD,7.57,,
1B,Willson Contreras (43695189),Willson Contreras,43695189,1B,5400,BOS@ATH 07/28/2026 09:40PM ET,BOS,8.88,,
OF,Mike Trout (43695190),Mike Trout,43695190,OF,5300,HOU@LAA 07/28/2026 09:38PM ET,LAA,8.97,,
C,Drake Baldwin (43695191),Drake Baldwin,43695191,C,5300,ATL@NYM 07/28/2026 07:10PM ET,ATL,9.07,,
SP,Erick Fedde (43695868),Erick Fedde,43695868,P,5300,NYY@CWS 07/28/2026 07:40PM ET,CWS,9.51,,
RP,Daniel Espino (43695869),Daniel Espino,43695869,P,5300,CLE@CIN 07/28/2026 07:10PM ET,CLE,3.69,,
3B,Jose Ramirez (43695192),Jose Ramirez,43695192,3B,5200,CLE@CIN 07/28/2026 07:10PM ET,CLE,8.83,,
1B,Matt Olson (43695193),Matt Olson,43695193,1B,5200,ATL@NYM 07/28/2026 07:10PM ET,ATL,8.96,,
2B/OF,Kody Clemens (43695194),Kody Clemens,43695194,2B/OF,5200,KC@MIN 07/28/2026 07:40PM ET,MIN,7.72,,
C,Hunter Goodman (43695196),Hunter Goodman,43695196,C,5100,COL@SD 07/28/2026 09:40PM ET,COL,9.05,,
OF,Andy Pages (43695197),Andy Pages,43695197,OF,5100,SEA@LAD 07/28/2026 10:10PM ET,LAD,8.49,,
2B,JJ Wetherholt (43695198),JJ Wetherholt,43695198,2B,5100,CHC@STL 07/28/2026 07:45PM ET,STL,8.04,,
OF,Jackson Chourio (43695199),Jackson Chourio,43695199,OF,5000,MIL@SF 07/28/2026 09:45PM ET,MIL,9.19,,
OF,Mickey Moniak (43695200),Mickey Moniak,43695200,OF,5000,COL@SD 07/28/2026 09:40PM ET,COL,7.81,,
2B,Brice Turang (43695201),Brice Turang,43695201,2B,5000,MIL@SF 07/28/2026 09:45PM ET,MIL,9.36,,
SS,Mookie Betts (43695202),Mookie Betts,43695202,SS,4900,SEA@LAD 07/28/2026 10:10PM ET,LAD,7.22,,
3B,Manny Machado (43695203),Manny Machado,43695203,3B,4900,COL@SD 07/28/2026 09:40PM ET,SD,7.56,,
2B/3B,Curtis Mead (43695204),Curtis Mead,43695204,2B/3B,4900,BOS@ATH 07/28/2026 09:40PM ET,BOS,7.8,DTD,
1B/3B,Sal Stewart (43695206),Sal Stewart,43695206,1B/3B,4800,CLE@CIN 07/28/2026 07:10PM ET,CIN,8.69,,
OF,Randy Arozarena (43695208),Randy Arozarena,43695208,OF,4800,SEA@LAD 07/28/2026 10:10PM ET,SEA,8.86,,
SS,Zach Neto (43695209),Zach Neto,43695209,SS,4800,HOU@LAA 07/28/2026 09:38PM ET,LAA,8.55,,
OF,Michael Harris II (43695210),Michael Harris II,43695210,OF,4800,ATL@NYM 07/28/2026 07:10PM ET,ATL,8.09,,
OF,Seiya Suzuki (43695211),Seiya Suzuki,43695211,OF,4800,CHC@STL 07/28/2026 07:45PM ET,CHC,8.49,,
C,Shea Langeliers (43695470),Shea Langeliers,43695470,C,4800,BOS@ATH 07/28/2026 09:40PM ET,ATH,8.56,IL,
OF,Cody Bellinger (43695471),Cody Bellinger,43695471,OF,4800,NYY@CWS 07/28/2026 07:40PM ET,NYY,7.79,IL,
2B/3B,Tommy Edman (43695212),Tommy Edman,43695212,2B/3B,4700,SEA@LAD 07/28/2026 10:10PM ET,LAD,7.81,,
OF,Tyler Soderstrom (43695214),Tyler Soderstrom,43695214,OF,4700,BOS@ATH 07/28/2026 09:40PM ET,ATH,7.77,,
SS,Jeremy Pena (43695215),Jeremy Pena,43695215,SS,4700,HOU@LAA 07/28/2026 09:38PM ET,HOU,9.27,,
OF,Wilyer Abreu (43695216),Wilyer Abreu,43695216,OF,4700,BOS@ATH 07/28/2026 09:40PM ET,BOS,7.66,,
C,Carter Jensen (43695217),Carter Jensen,43695217,C,4600,KC@MIN 07/28/2026 07:40PM ET,KC,6.71,,
1B,Alec Burleson (43695218),Alec Burleson,43695218,1B,4600,CHC@STL 07/28/2026 07:45PM ET,STL,8.14,,
OF,Christian Yelich (43695219),Christian Yelich,43695219,OF,4600,MIL@SF 07/28/2026 09:45PM ET,MIL,8.04,,
SS,Colson Montgomery (43695220),Colson Montgomery,43695220,SS,4600,NYY@CWS 07/28/2026 07:40PM ET,CWS,7.72,,
OF,Kyle Tucker (43695221),Kyle Tucker,43695221,OF,4500,SEA@LAD 07/28/2026 10:10PM ET,LAD,7.21,,
2B,Ozzie Albies (43695222),Ozzie Albies,43695222,2B,4500,ATL@NYM 07/28/2026 07:10PM ET,ATL,7.79,,
OF,Sam Antonacci (43695223),Sam Antonacci,43695223,OF,4500,NYY@CWS 07/28/2026 07:40PM ET,CWS,7.84,,
2B,Jazz Chisholm Jr. (43695224),Jazz Chisholm Jr.,43695224,2B,4400,NYY@CWS 07/28/2026 07:40PM ET,NYY,8.15,,
3B,Casey Schmitt (43695225),Casey Schmitt,43695225,3B,4400,MIL@SF 07/28/2026 09:45PM ET,SF,8.02,OUT,
1B/OF,Jake Bauers (43695226),Jake Bauers,43695226,1B/OF,4400,MIL@SF 07/28/2026 09:45PM ET,MIL,8.4,,
OF,Roman Anthony (43695472),Roman Anthony,43695472,OF,4400,BOS@ATH 07/28/2026 09:40PM ET,BOS,6.1,IL,
OF,Jac Caglianone (43695228),Jac Caglianone,43695228,OF,4300,KC@MIN 07/28/2026 07:40PM ET,KC,6.69,,
OF,Julio Rodriguez (43695229),Julio Rodriguez,43695229,OF,4300,SEA@LAD 07/28/2026 10:10PM ET,SEA,7.74,,
2B,Luis Arraez (43695230),Luis Arraez,43695230,2B,4300,MIL@SF 07/28/2026 09:45PM ET,SF,7.82,,
1B,Rafael Devers (43695231),Rafael Devers,43695231,1B,4300,MIL@SF 07/28/2026 09:45PM ET,SF,7.81,,
3B,Bo Bichette (43695232),Bo Bichette,43695232,3B,4300,ATL@NYM 07/28/2026 07:10PM ET,NYM,6.72,,
2B,Travis Bazzana (43695233),Travis Bazzana,43695233,2B,4200,CLE@CIN 07/28/2026 07:10PM ET,CLE,7.93,,
OF,Trent Grisham (43695234),Trent Grisham,43695234,OF,4200,NYY@CWS 07/28/2026 07:40PM ET,NYY,7.13,,
OF,Heliot Ramos (43695235),Heliot Ramos,43695235,OF,4200,MIL@SF 07/28/2026 09:45PM ET,SF,6.93,,
1B,Michael Busch (43695236),Michael Busch,43695236,1B,4200,CHC@STL 07/28/2026 07:45PM ET,CHC,7.55,,
OF,Ceddanne Rafaela (43695237),Ceddanne Rafaela,43695237,OF,4200,BOS@ATH 07/28/2026 09:40PM ET,BOS,7.71,,
3B,Brooks Lee (43695238),Brooks Lee,43695238,3B,4200,KC@MIN 07/28/2026 07:40PM ET,MIN,7.2,,
C,William Contreras (43695239),William Contreras,43695239,C,4200,MIL@SF 07/28/2026 09:45PM ET,MIL,7.17,,
SS,Jacob Wilson (43695240),Jacob Wilson,43695240,SS,4200,BOS@ATH 07/28/2026 09:40PM ET,ATH,6.97,,
3B/SS,Maikel Garcia (43695473),Maikel Garcia,43695473,3B/SS,4200,KC@MIN 07/28/2026 07:40PM ET,KC,6.84,IL,
OF,Giancarlo Stanton (43695475),Giancarlo Stanton,43695475,OF,4200,NYY@CWS 07/28/2026 07:40PM ET,NYY,6.79,IL,
2B,Jose Altuve (43695241),Jose Altuve,43695241,2B,4100,HOU@LAA 07/28/2026 09:38PM ET,HOU,6.81,,
C,Ivan Herrera (43695242),Ivan Herrera,43695242,C,4100,CHC@STL 07/28/2026 07:45PM ET,STL,7.64,,
3B,Alex Bregman (43695243),Alex Bregman,43695243,3B,4100,CHC@STL 07/28/2026 07:45PM ET,CHC,7.16,,
SS,Brayan Rocchio (43695244),Brayan Rocchio,43695244,SS,4100,CLE@CIN 07/28/2026 07:10PM ET,CLE,6.95,,
1B/OF,Spencer Steer (43695245),Spencer Steer,43695245,1B/OF,4100,CLE@CIN 07/28/2026 07:10PM ET,CIN,6.84,IL,
3B/OF,Zack Gelof (43695476),Zack Gelof,43695476,3B/OF,4100,BOS@ATH 07/28/2026 09:40PM ET,ATH,7.55,IL,
OF,Jake McCarthy (43695247),Jake McCarthy,43695247,OF,4000,COL@SD 07/28/2026 09:40PM ET,COL,8.34,,
C,Dalton Rushing (43695248),Dalton Rushing,43695248,C,4000,SEA@LAD 07/28/2026 10:10PM ET,LAD,6.21,,
OF,Ian Happ (43695249),Ian Happ,43695249,OF,4000,CHC@STL 07/28/2026 07:45PM ET,CHC,7.69,,
3B,Isaac Paredes (43695250),Isaac Paredes,43695250,3B,4000,HOU@LAA 07/28/2026 09:38PM ET,HOU,7.29,,
OF,Angel Martinez (43695251),Angel Martinez,43695251,OF,4000,CLE@CIN 07/28/2026 07:10PM ET,CLE,6.62,,
OF,Jackson Merrill (43695252),Jackson Merrill,43695252,OF,4000,COL@SD 07/28/2026 09:40PM ET,SD,7.5,,
SS,Francisco Lindor (43695253),Francisco Lindor,43695253,SS,4000,ATL@NYM 07/28/2026 07:10PM ET,NYM,7.54,,
OF,Trevor Larnach (43695254),Trevor Larnach,43695254,OF,4000,KC@MIN 07/28/2026 07:40PM ET,MIN,6.9,,
1B,Vinnie Pasquantino (43695255),Vinnie Pasquantino,43695255,1B,4000,KC@MIN 07/28/2026 07:40PM ET,KC,6.54,,
C,Will Smith (43695478),Will Smith,43695478,C,4000,SEA@LAD 07/28/2026 10:10PM ET,LAD,6.21,IL,
RP,Robinson Ortiz (43695870),Robinson Ortiz,43695870,P,4000,SEA@LAD 07/28/2026 10:10PM ET,SEA,0,,
SP,Henry Baez (43695871),Henry Baez,43695871,P,4000,BOS@ATH 07/28/2026 09:40PM ET,ATH,0,,
RP,Dylan Ross (43695872),Dylan Ross,43695872,P,4000,ATL@NYM 07/28/2026 07:10PM ET,NYM,0,,
RP,Garrett Hawkins (43695873),Garrett Hawkins,43695873,P,4000,COL@SD 07/28/2026 09:40PM ET,SD,0,,
SP,Braden Nett (43695874),Braden Nett,43695874,P,4000,BOS@ATH 07/28/2026 09:40PM ET,ATH,0,,
SP,Miguel Mendez (43695875),Miguel Mendez,43695875,P,4000,COL@SD 07/28/2026 09:40PM ET,SD,0,,
RP,Adbert Alzolay (43695876),Adbert Alzolay,43695876,P,4000,ATL@NYM 07/28/2026 07:10PM ET,NYM,0,,
RP,Pedro Avila (43695877),Pedro Avila,43695877,P,4000,CLE@CIN 07/28/2026 07:10PM ET,CLE,0,,
RP,Tyler Beede (43695878),Tyler Beede,43695878,P,4000,CHC@STL 07/28/2026 07:45PM ET,CHC,0,,
SP,Austin Peterson (43695879),Austin Peterson,43695879,P,4000,CLE@CIN 07/28/2026 07:10PM ET,CLE,0,,
RP,Antoine Kelly (43695880),Antoine Kelly,43695880,P,4000,CHC@STL 07/28/2026 07:45PM ET,CHC,0,,
RP,Jefry Yan (43695881),Jefry Yan,43695881,P,4000,ATL@NYM 07/28/2026 07:10PM ET,NYM,0,,
RP,Aaron Sanchez (43695882),Aaron Sanchez,43695882,P,4000,KC@MIN 07/28/2026 07:40PM ET,KC,0,,
SP,Ky Bush (43695883),Ky Bush,43695883,P,4000,NYY@CWS 07/28/2026 07:40PM ET,CWS,0,IL,
RP,James McArthur (43695884),James McArthur,43695884,P,4000,KC@MIN 07/28/2026 07:40PM ET,KC,0,IL,
RP,Drew Smith (43695885),Drew Smith,43695885,P,4000,KC@MIN 07/28/2026 07:40PM ET,MIN,0,,
SP,Drew Thorpe (43695886),Drew Thorpe,43695886,P,4000,NYY@CWS 07/28/2026 07:40PM ET,CWS,0,IL,
SP,Nick Margevicius (43695887),Nick Margevicius,43695887,P,4000,MIL@SF 07/28/2026 09:45PM ET,SF,0,,
RP,Joe Jimenez (43695888),Joe Jimenez,43695888,P,4000,ATL@NYM 07/28/2026 07:10PM ET,ATL,0,IL,
RP,Ronan Kopp (43695889),Ronan Kopp,43695889,P,4000,SEA@LAD 07/28/2026 10:10PM ET,LAD,0,,
RP,Yorman Gomez (43695890),Yorman Gomez,43695890,P,4000,CLE@CIN 07/28/2026 07:10PM ET,CLE,0,,
RP,Prelander Berroa (43695891),Prelander Berroa,43695891,P,4000,NYY@CWS 07/28/2026 07:40PM ET,CWS,0,IL,
RP,Cooper Hjerpe (43695892),Cooper Hjerpe,43695892,P,4000,CHC@STL 07/28/2026 07:45PM ET,STL,0,,
RP,Rowan Wick (43695893),Rowan Wick,43695893,P,4000,MIL@SF 07/28/2026 09:45PM ET,SF,0,IL,
RP,Yunior Marte (43695894),Yunior Marte,43695894,P,4000,CLE@CIN 07/28/2026 07:10PM ET,CIN,-8.25,,
SP,Nick Frasso (43695895),Nick Frasso,43695895,P,4000,COL@SD 07/28/2026 09:40PM ET,COL,0,,
SP,Tanner McDougal (43695896),Tanner McDougal,43695896,P,4000,NYY@CWS 07/28/2026 07:40PM ET,CWS,0,,
RP,Jake Cousins (43695897),Jake Cousins,43695897,P,4000,SEA@LAD 07/28/2026 10:10PM ET,LAD,0,IL,
SP,Julian Aguiar (43695898),Julian Aguiar,43695898,P,4000,CLE@CIN 07/28/2026 07:10PM ET,CIN,0,,
RP,Bradley Hanner (43695899),Bradley Hanner,43695899,P,4000,NYY@CWS 07/28/2026 07:40PM ET,NYY,0,,
SP,Chase Hampton (43695900),Chase Hampton,43695900,P,4000,NYY@CWS 07/28/2026 07:40PM ET,NYY,0,,
SP,Chen Zhong-Ao Zhuang (43695901),Chen Zhong-Ao Zhuang,43695901,P,4000,BOS@ATH 07/28/2026 09:40PM ET,ATH,0,,
RP,Anderson Severino (43695902),Anderson Severino,43695902,P,4000,ATL@NYM 07/28/2026 07:10PM ET,NYM,0,,
RP,Brusdar Graterol (43695903),Brusdar Graterol,43695903,P,4000,SEA@LAD 07/28/2026 10:10PM ET,LAD,0,IL,
SP,Steven Zobac (43695904),Steven Zobac,43695904,P,4000,KC@MIN 07/28/2026 07:40PM ET,KC,0,,
RP,RJ Petit (43695905),RJ Petit,43695905,P,4000,COL@SD 07/28/2026 09:40PM ET,COL,0,IL,
RP,Eiberson Castellano (43695906),Eiberson Castellano,43695906,P,4000,COL@SD 07/28/2026 09:40PM ET,COL,7.75,,
SP,Tony Santillan (43695907),Tony Santillan,43695907,P,4000,CLE@CIN 07/28/2026 07:10PM ET,CIN,2,IL,
RP,Blas Castano (43695908),Blas Castano,43695908,P,4000,COL@SD 07/28/2026 09:40PM ET,COL,4.85,IL,
SP,McCade Brown (43695909),McCade Brown,43695909,P,4000,COL@SD 07/28/2026 09:40PM ET,COL,0,IL,
RP,Drew Pomeranz (43695910),Drew Pomeranz,43695910,P,4000,HOU@LAA 07/28/2026 09:38PM ET,LAA,1.4,,
RP,Hogan Harris (43695911),Hogan Harris,43695911,P,4000,BOS@ATH 07/28/2026 09:40PM ET,ATH,3.3,,
RP,Ryan Zeferjahn (43695912),Ryan Zeferjahn,43695912,P,4000,HOU@LAA 07/28/2026 09:38PM ET,LAA,4.27,,
RP,Fernando Cruz (43695913),Fernando Cruz,43695913,P,4000,NYY@CWS 07/28/2026 07:40PM ET,NYY,3.38,,
RP,Alex Vesia (43695914),Alex Vesia,43695914,P,4000,SEA@LAD 07/28/2026 10:10PM ET,LAD,3.01,,
RP,Reiver Sanmartin (43695915),Reiver Sanmartin,43695915,P,4000,MIL@SF 07/28/2026 09:45PM ET,SF,5.25,,
RP,Jonathan Pintaro (43695916),Jonathan Pintaro,43695916,P,4000,ATL@NYM 07/28/2026 07:10PM ET,NYM,6.23,,
RP,Emilio Pagan (43695917),Emilio Pagan,43695917,P,4000,CLE@CIN 07/28/2026 07:10PM ET,CIN,2.52,,
RP,Jose Fermin (43695918),Jose Fermin,43695918,P,4000,HOU@LAA 07/28/2026 09:38PM ET,LAA,3.58,,
RP,Steven Cruz (43695919),Steven Cruz,43695919,P,4000,KC@MIN 07/28/2026 07:40PM ET,KC,3.25,,
RP,Abner Uribe (43695920),Abner Uribe,43695920,P,4000,MIL@SF 07/28/2026 09:45PM ET,MIL,3.41,,
RP,Brooks Raley (43695921),Brooks Raley,43695921,P,4000,ATL@NYM 07/28/2026 07:10PM ET,NYM,3.14,,
RP,Craig Yoho (43695922),Craig Yoho,43695922,P,4000,MIL@SF 07/28/2026 09:45PM ET,MIL,4.42,,
RP,Grant Anderson (43695923),Grant Anderson,43695923,P,4000,MIL@SF 07/28/2026 09:45PM ET,MIL,2.98,,
SP,Miguel Ullola (43695924),Miguel Ullola,43695924,P,4000,HOU@LAA 07/28/2026 09:38PM ET,HOU,5.42,,
RP,Reed Garrett (43695925),Reed Garrett,43695925,P,4000,ATL@NYM 07/28/2026 07:10PM ET,NYM,0,IL,
RP,Yovanny Cruz (43695926),Yovanny Cruz,43695926,P,4000,NYY@CWS 07/28/2026 07:40PM ET,NYY,6.85,,
RP,Enyel De Los Santos (43695927),Enyel De Los Santos,43695927,P,4000,HOU@LAA 07/28/2026 09:38PM ET,HOU,2.64,,
RP,Brian Fitzpatrick (43695928),Brian Fitzpatrick,43695928,P,4000,MIL@SF 07/28/2026 09:45PM ET,MIL,3.4,IL,
RP,Jake Bird (43695929),Jake Bird,43695929,P,4000,NYY@CWS 07/28/2026 07:40PM ET,NYY,1.75,,
RP,Ryan Borucki (43695930),Ryan Borucki,43695930,P,4000,MIL@SF 07/28/2026 09:45PM ET,SF,1.83,,
RP,Spencer Bivens (43695931),Spencer Bivens,43695931,P,4000,MIL@SF 07/28/2026 09:45PM ET,SF,4.05,,
RP,John Schreiber (43695932),John Schreiber,43695932,P,4000,KC@MIN 07/28/2026 07:40PM ET,KC,1.84,,
RP,Anthony Banda (43695933),Anthony Banda,43695933,P,4000,KC@MIN 07/28/2026 07:40PM ET,MIN,2.18,IL,
RP,Camilo Doval (43695934),Camilo Doval,43695934,P,4000,NYY@CWS 07/28/2026 07:40PM ET,NYY,2.48,,
RP,Matt Brash (43695935),Matt Brash,43695935,P,4000,SEA@LAD 07/28/2026 10:10PM ET,SEA,3.36,IL,
RP,Julian Garcia (43695936),Julian Garcia,43695936,P,4000,CLE@CIN 07/28/2026 07:10PM ET,CIN,4.68,,
RP,Tyler Uberstine (43695937),Tyler Uberstine,43695937,P,4000,BOS@ATH 07/28/2026 09:40PM ET,BOS,5.6,,
RP,Tejay Antone (43695938),Tejay Antone,43695938,P,4000,CLE@CIN 07/28/2026 07:10PM ET,CIN,3.01,,
RP,Zach Maxwell (43695939),Zach Maxwell,43695939,P,4000,CLE@CIN 07/28/2026 07:10PM ET,CIN,0.41,,
RP,Ryan Fernandez (43695940),Ryan Fernandez,43695940,P,4000,CHC@STL 07/28/2026 07:45PM ET,STL,5.02,,
RP,Cole Wilcox (43695941),Cole Wilcox,43695941,P,4000,SEA@LAD 07/28/2026 10:10PM ET,SEA,3.08,,
RP,Angel Chivilli (43695942),Angel Chivilli,43695942,P,4000,NYY@CWS 07/28/2026 07:40PM ET,NYY,4.48,,
RP,Michael Rucker (43695943),Michael Rucker,43695943,P,4000,SEA@LAD 07/28/2026 10:10PM ET,SEA,3.24,,
RP,Matt Gage (43695944),Matt Gage,43695944,P,4000,MIL@SF 07/28/2026 09:45PM ET,SF,1.76,IL,
RP,Daniel Palencia (43695945),Daniel Palencia,43695945,P,4000,CHC@STL 07/28/2026 07:45PM ET,CHC,3.14,IL,
RP,Pierce Johnson (43695946),Pierce Johnson,43695946,P,4000,CLE@CIN 07/28/2026 07:10PM ET,CIN,2.03,,
RP,Jordan Leasure (43695947),Jordan Leasure,43695947,P,4000,NYY@CWS 07/28/2026 07:40PM ET,CWS,2.57,IL,
RP,Josh Hader (43695948),Josh Hader,43695948,P,4000,HOU@LAA 07/28/2026 09:38PM ET,HOU,4.66,,
RP,Matt Festa (43695949),Matt Festa,43695949,P,4000,CLE@CIN 07/28/2026 07:10PM ET,CLE,2.69,,
RP,Duncan Davitt (43695950),Duncan Davitt,43695950,P,4000,NYY@CWS 07/28/2026 07:40PM ET,CWS,1.65,,
RP,Andrew Morris (43695951),Andrew Morris,43695951,P,4000,KC@MIN 07/28/2026 07:40PM ET,MIN,3.92,,
RP,Angel Zerpa (43695952),Angel Zerpa,43695952,P,4000,MIL@SF 07/28/2026 09:45PM ET,MIL,1.11,IL,
RP,Shawn Armstrong (43695953),Shawn Armstrong,43695953,P,4000,CLE@CIN 07/28/2026 07:10PM ET,CLE,2.16,IL,
RP,Woo Suk Go (43695954),Woo Suk Go,43695954,P,4000,KC@MIN 07/28/2026 07:40PM ET,MIN,1.25,,
RP,Jared Koenig (43695955),Jared Koenig,43695955,P,4000,MIL@SF 07/28/2026 09:45PM ET,MIL,0.42,,
RP,Hayden Juenger (43695956),Hayden Juenger,43695956,P,4000,BOS@ATH 07/28/2026 09:40PM ET,ATH,0.85,,
RP,Daniel Duarte (43695957),Daniel Duarte,43695957,P,4000,ATL@NYM 07/28/2026 07:10PM ET,NYM,6.38,,
RP,Drew Rom (43695958),Drew Rom,43695958,P,4000,MIL@SF 07/28/2026 09:45PM ET,MIL,5.75,,
RP,Aroldis Chapman (43695959),Aroldis Chapman,43695959,P,4000,BOS@ATH 07/28/2026 09:40PM ET,BOS,3.66,,
RP,JoJo Romero (43695960),JoJo Romero,43695960,P,4000,CHC@STL 07/28/2026 07:45PM ET,STL,2.7,IL,
RP,Rob Zastryzny (43695961),Rob Zastryzny,43695961,P,4000,MIL@SF 07/28/2026 09:45PM ET,MIL,0,IL,
RP,Seranthony Dominguez (43695962),Seranthony Dominguez,43695962,P,4000,NYY@CWS 07/28/2026 07:40PM ET,CWS,2.84,,
RP,Danny Young (43695963),Danny Young,43695963,P,4000,ATL@NYM 07/28/2026 07:10PM ET,ATL,1.61,,
RP,Eduard Bazardo (43695964),Eduard Bazardo,43695964,P,4000,SEA@LAD 07/28/2026 10:10PM ET,SEA,2.93,,
RP,Ryne Stanek (43695965),Ryne Stanek,43695965,P,4000,CHC@STL 07/28/2026 07:45PM ET,STL,2.43,,
RP,Brock Burke (43695966),Brock Burke,43695966,P,4000,CLE@CIN 07/28/2026 07:10PM ET,CIN,2.74,,
RP,Welinton Herrera (43695967),Welinton Herrera,43695967,P,4000,COL@SD 07/28/2026 09:40PM ET,COL,2.48,IL,
RP,Brooks Kriske (43695968),Brooks Kriske,43695968,P,4000,BOS@ATH 07/28/2026 09:40PM ET,ATH,4.1,IL,
RP,Tyler Davis (43695969),Tyler Davis,43695969,P,4000,NYY@CWS 07/28/2026 07:40PM ET,CWS,2.84,,
RP,Easton McGee (43695970),Easton McGee,43695970,P,4000,KC@MIN 07/28/2026 07:40PM ET,KC,2.65,,
RP,Matt Strahm (43695971),Matt Strahm,43695971,P,4000,KC@MIN 07/28/2026 07:40PM ET,KC,1.66,,
RP,Adrian Morejon (43695972),Adrian Morejon,43695972,P,4000,COL@SD 07/28/2026 09:40PM ET,SD,4.21,,
RP,Wyatt Mills (43695973),Wyatt Mills,43695973,P,4000,SEA@LAD 07/28/2026 10:10PM ET,LAD,1.03,,
RP,Kyle Hurt (43695974),Kyle Hurt,43695974,P,4000,SEA@LAD 07/28/2026 10:10PM ET,LAD,3.12,,
RP,Hayden Harris (43695975),Hayden Harris,43695975,P,4000,ATL@NYM 07/28/2026 07:10PM ET,ATL,0,,
RP,Tommy Nance (43695976),Tommy Nance,43695976,P,4000,KC@MIN 07/28/2026 07:40PM ET,MIN,2.98,,
RP,Gabe Speier (43695977),Gabe Speier,43695977,P,4000,SEA@LAD 07/28/2026 10:10PM ET,SEA,2.62,,
RP,Caleb Ferguson (43695978),Caleb Ferguson,43695978,P,4000,CLE@CIN 07/28/2026 07:10PM ET,CIN,2.43,,
RP,Connor Seabold (43695979),Connor Seabold,43695979,P,4000,KC@MIN 07/28/2026 07:40PM ET,KC,2.08,IL,
RP,Hunter Harvey (43695980),Hunter Harvey,43695980,P,4000,CHC@STL 07/28/2026 07:45PM ET,CHC,1.85,IL,
RP,Garrett Stallings (43695981),Garrett Stallings,43695981,P,4000,MIL@SF 07/28/2026 09:45PM ET,MIL,6.48,,
RP,Jack Dreyer (43695982),Jack Dreyer,43695982,P,4000,SEA@LAD 07/28/2026 10:10PM ET,LAD,3.51,,
RP,Steven Okert (43695983),Steven Okert,43695983,P,4000,HOU@LAA 07/28/2026 09:38PM ET,HOU,3.55,,
RP,Joe La Sorsa (43695984),Joe La Sorsa,43695984,P,4000,BOS@ATH 07/28/2026 09:40PM ET,BOS,0.15,IL,
RP,Bennett Sousa (43695985),Bennett Sousa,43695985,P,4000,HOU@LAA 07/28/2026 09:38PM ET,HOU,1.61,,
RP,Kirby Yates (43695986),Kirby Yates,43695986,P,4000,HOU@LAA 07/28/2026 09:38PM ET,LAA,2.75,,
RP,Seth Halvorsen (43695987),Seth Halvorsen,43695987,P,4000,SEA@LAD 07/28/2026 10:10PM ET,LAD,1.64,IL,
RP,Jordan Weems (43695988),Jordan Weems,43695988,P,4000,SEA@LAD 07/28/2026 10:10PM ET,LAD,0,,
RP,Wandy Peralta (43695989),Wandy Peralta,43695989,P,4000,COL@SD 07/28/2026 09:40PM ET,SD,2.48,,
RP,Hunter Gaddis (43695990),Hunter Gaddis,43695990,P,4000,CLE@CIN 07/28/2026 07:10PM ET,CLE,2.35,,
RP,Troy Taylor (43695991),Troy Taylor,43695991,P,4000,SEA@LAD 07/28/2026 10:10PM ET,SEA,0,,
RP,Brent Headrick (43695992),Brent Headrick,43695992,P,4000,NYY@CWS 07/28/2026 07:40PM ET,NYY,4.14,,
RP,Garrett Acton (43695993),Garrett Acton,43695993,P,4000,KC@MIN 07/28/2026 07:40PM ET,MIN,7.05,IL,
RP,Alec Gamboa (43695994),Alec Gamboa,43695994,P,4000,BOS@ATH 07/28/2026 09:40PM ET,BOS,5.46,,
RP,Yuki Matsui (43695995),Yuki Matsui,43695995,P,4000,COL@SD 07/28/2026 09:40PM ET,SD,4.17,,
SP,Riley O'Brien (43695996),Riley O'Brien,43695996,P,4000,CHC@STL 07/28/2026 07:45PM ET,STL,2.95,DTD,
RP,Graham Ashcraft (43695997),Graham Ashcraft,43695997,P,4000,CLE@CIN 07/28/2026 07:10PM ET,CIN,3.42,IL,
RP,Nate Pearson (43695998),Nate Pearson,43695998,P,4000,KC@MIN 07/28/2026 07:40PM ET,KC,3.13,,
RP,Bryan King (43695999),Bryan King,43695999,P,4000,HOU@LAA 07/28/2026 09:38PM ET,HOU,2.43,,
RP,Geoff Hartlieb (43696000),Geoff Hartlieb,43696000,P,4000,BOS@ATH 07/28/2026 09:40PM ET,ATH,1.55,,
RP,Michael Kelly (43696001),Michael Kelly,43696001,P,4000,BOS@ATH 07/28/2026 09:40PM ET,ATH,-1.11,,
RP,Alex Lange (43696002),Alex Lange,43696002,P,4000,KC@MIN 07/28/2026 07:40PM ET,KC,2.14,,
RP,Tyler Schweitzer (43696003),Tyler Schweitzer,43696003,P,4000,NYY@CWS 07/28/2026 07:40PM ET,CWS,3.3,,
RP,Caleb Thielbar (43696004),Caleb Thielbar,43696004,P,4000,CHC@STL 07/28/2026 07:45PM ET,CHC,3.08,,
RP,Edgardo Henriquez (43696005),Edgardo Henriquez,43696005,P,4000,SEA@LAD 07/28/2026 10:10PM ET,LAD,3.5,,
RP,Jason Adam (43696006),Jason Adam,43696006,P,4000,COL@SD 07/28/2026 09:40PM ET,SD,2.3,IL,
RP,Ryan Walker (43696007),Ryan Walker,43696007,P,4000,MIL@SF 07/28/2026 09:45PM ET,SF,0.88,,
RP,Jimmy Herget (43696008),Jimmy Herget,43696008,P,4000,COL@SD 07/28/2026 09:40PM ET,COL,1.76,,
RP,Dylan Dodd (43696009),Dylan Dodd,43696009,P,4000,ATL@NYM 07/28/2026 07:10PM ET,ATL,4.4,,
RP,Charlie Barnes (43696010),Charlie Barnes,43696010,P,4000,SEA@LAD 07/28/2026 10:10PM ET,LAD,1.25,,
RP,Brett Kerry (43696011),Brett Kerry,43696011,P,4000,HOU@LAA 07/28/2026 09:38PM ET,LAA,6.6,,
RP,Wikelman Gonzalez (43696012),Wikelman Gonzalez,43696012,P,4000,NYY@CWS 07/28/2026 07:40PM ET,CWS,0,,
RP,Brady Basso (43696013),Brady Basso,43696013,P,4000,BOS@ATH 07/28/2026 09:40PM ET,ATH,2.58,,
RP,Sam Moll (43696014),Sam Moll,43696014,P,4000,CLE@CIN 07/28/2026 07:10PM ET,CIN,2.35,,
RP,Bryan Abreu (43696015),Bryan Abreu,43696015,P,4000,HOU@LAA 07/28/2026 09:38PM ET,HOU,2.67,,
RP,Max Rajcic (43696016),Max Rajcic,43696016,P,4000,CHC@STL 07/28/2026 07:45PM ET,STL,3.18,IL,
RP,Tyron Guerrero (43696017),Tyron Guerrero,43696017,P,4000,BOS@ATH 07/28/2026 09:40PM ET,BOS,3.73,,
RP,Tyler Kinley (43696018),Tyler Kinley,43696018,P,4000,ATL@NYM 07/28/2026 07:10PM ET,ATL,2.76,,
RP,Randy Rodriguez (43696019),Randy Rodriguez,43696019,P,4000,MIL@SF 07/28/2026 09:45PM ET,SF,0,IL,
RP,Victor Vodnik (43696020),Victor Vodnik,43696020,P,4000,COL@SD 07/28/2026 09:40PM ET,COL,1.91,,
RP,Gordon Graceffo (43696021),Gordon Graceffo,43696021,P,4000,CHC@STL 07/28/2026 07:45PM ET,STL,3.07,,
RP,Zack Kelly (43696022),Zack Kelly,43696022,P,4000,BOS@ATH 07/28/2026 09:40PM ET,BOS,2.21,IL,
RP,Andrew Walters (43696023),Andrew Walters,43696023,P,4000,CLE@CIN 07/28/2026 07:10PM ET,CLE,0,,
RP,Will Dion (43696024),Will Dion,43696024,P,4000,CLE@CIN 07/28/2026 07:10PM ET,CLE,5.36,,
RP,Jose A. Ferrer (43696025),Jose A. Ferrer,43696025,P,4000,SEA@LAD 07/28/2026 10:10PM ET,SEA,2.45,,
RP,Logan VanWey (43696026),Logan VanWey,43696026,P,4000,HOU@LAA 07/28/2026 09:38PM ET,HOU,4.5,,
RP,Jeff Criswell (43696027),Jeff Criswell,43696027,P,4000,COL@SD 07/28/2026 09:40PM ET,COL,2.27,IL,
RP,Bryan Hudson (43696028),Bryan Hudson,43696028,P,4000,NYY@CWS 07/28/2026 07:40PM ET,CWS,2.91,,
RP,Luke Little (43696029),Luke Little,43696029,P,4000,CHC@STL 07/28/2026 07:45PM ET,CHC,1.05,,
RP,Cionel Perez (43696030),Cionel Perez,43696030,P,4000,ATL@NYM 07/28/2026 07:10PM ET,NYM,3.01,,
RP,Josh Simpson (43696031),Josh Simpson,43696031,P,4000,SEA@LAD 07/28/2026 10:10PM ET,SEA,0.79,,
RP,Erik Miller (43696032),Erik Miller,43696032,P,4000,MIL@SF 07/28/2026 09:45PM ET,SF,3.32,,
RP,Edwin Diaz (43696033),Edwin Diaz,43696033,P,4000,SEA@LAD 07/28/2026 10:10PM ET,LAD,2.07,IL,
RP,Tyler Ferguson (43696034),Tyler Ferguson,43696034,P,4000,CHC@STL 07/28/2026 07:45PM ET,CHC,2.38,,
RP,Codi Heuer (43696035),Codi Heuer,43696035,P,4000,CLE@CIN 07/28/2026 07:10PM ET,CLE,1.62,,
RP,Tanner Scott (43696036),Tanner Scott,43696036,P,4000,SEA@LAD 07/28/2026 10:10PM ET,LAD,3.71,,
RP,Brock Stewart (43696037),Brock Stewart,43696037,P,4000,SEA@LAD 07/28/2026 10:10PM ET,LAD,3.54,,
RP,Angel Perdomo (43696038),Angel Perdomo,43696038,P,4000,HOU@LAA 07/28/2026 09:38PM ET,LAA,0,,
RP,Trent Thornton (43696039),Trent Thornton,43696039,P,4000,CHC@STL 07/28/2026 07:45PM ET,CHC,2.63,,
RP,Jordan Romano (43696040),Jordan Romano,43696040,P,4000,COL@SD 07/28/2026 09:40PM ET,COL,2.12,,
RP,Devin Williams (43696041),Devin Williams,43696041,P,4000,ATL@NYM 07/28/2026 07:10PM ET,NYM,3.12,,
RP,Evan Phillips (43696042),Evan Phillips,43696042,P,4000,SEA@LAD 07/28/2026 10:10PM ET,LAD,2.51,,
RP,Jaden Hill (43696043),Jaden Hill,43696043,P,4000,COL@SD 07/28/2026 09:40PM ET,COL,1.81,IL,
RP,Carlos Estevez (43696044),Carlos Estevez,43696044,P,4000,KC@MIN 07/28/2026 07:40PM ET,KC,-14.85,IL,
RP,Tyler Gilbert (43696045),Tyler Gilbert,43696045,P,4000,NYY@CWS 07/28/2026 07:40PM ET,CWS,-1.59,IL,
RP,Bradgley Rodriguez (43696046),Bradgley Rodriguez,43696046,P,4000,COL@SD 07/28/2026 09:40PM ET,SD,3.54,,
RP,Will Klein (43696047),Will Klein,43696047,P,4000,SEA@LAD 07/28/2026 10:10PM ET,LAD,3.57,,
RP,Jordan Hicks (43696048),Jordan Hicks,43696048,P,4000,NYY@CWS 07/28/2026 07:40PM ET,CWS,2.61,,
RP,Jason Foley (43696049),Jason Foley,43696049,P,4000,MIL@SF 07/28/2026 09:45PM ET,SF,1.85,,
RP,Jeremiah Estrada (43696050),Jeremiah Estrada,43696050,P,4000,COL@SD 07/28/2026 09:40PM ET,SD,3.37,IL,
RP,Huascar Brazoban (43696051),Huascar Brazoban,43696051,P,4000,ATL@NYM 07/28/2026 07:10PM ET,NYM,3.69,,
RP,Erik Sabrowski (43696052),Erik Sabrowski,43696052,P,4000,CLE@CIN 07/28/2026 07:10PM ET,CLE,3.48,,
RP,Jacob Webb (43696053),Jacob Webb,43696053,P,4000,CHC@STL 07/28/2026 07:45PM ET,CHC,3.36,,
RP,Justin Slaten (43696054),Justin Slaten,43696054,P,4000,BOS@ATH 07/28/2026 09:40PM ET,BOS,2.72,,
RP,John Klein (43696055),John Klein,43696055,P,4000,KC@MIN 07/28/2026 07:40PM ET,MIN,1.85,,
RP,Jake Eder (43696056),Jake Eder,43696056,P,4000,SEA@LAD 07/28/2026 10:10PM ET,LAD,2.65,OUT,
RP,Elvis Alvarado (43696057),Elvis Alvarado,43696057,P,4000,BOS@ATH 07/28/2026 09:40PM ET,ATH,3.3,,
RP,Brennan Bernardino (43696058),Brennan Bernardino,43696058,P,4000,COL@SD 07/28/2026 09:40PM ET,COL,2.37,,
RP,Cade Smith (43696059),Cade Smith,43696059,P,4000,CLE@CIN 07/28/2026 07:10PM ET,CLE,4.33,,
RP,Jose Cuas (43696060),Jose Cuas,43696060,P,4000,KC@MIN 07/28/2026 07:40PM ET,KC,4.45,,
RP,Joel Kuhnel (43696061),Joel Kuhnel,43696061,P,4000,MIL@SF 07/28/2026 09:45PM ET,MIL,1.63,IL,
RP,Luke Weaver (43696062),Luke Weaver,43696062,P,4000,ATL@NYM 07/28/2026 07:10PM ET,NYM,3.71,,
RP,Brendan Beck (43696063),Brendan Beck,43696063,P,4000,NYY@CWS 07/28/2026 07:40PM ET,NYY,0.9,,
RP,Sean Newcomb (43696064),Sean Newcomb,43696064,P,4000,NYY@CWS 07/28/2026 07:40PM ET,CWS,4.15,,
RP,Kody Funderburk (43696065),Kody Funderburk,43696065,P,4000,KC@MIN 07/28/2026 07:40PM ET,MIN,1.9,,
RP,Alex Hoppe (43696066),Alex Hoppe,43696066,P,4000,SEA@LAD 07/28/2026 10:10PM ET,SEA,2.61,,
RP,Tim Hill (43696067),Tim Hill,43696067,P,4000,NYY@CWS 07/28/2026 07:40PM ET,NYY,1.4,,
RP,Ryan Watson (43696068),Ryan Watson,43696068,P,4000,BOS@ATH 07/28/2026 09:40PM ET,BOS,3.37,,
RP,Cole Sands (43696069),Cole Sands,43696069,P,4000,KC@MIN 07/28/2026 07:40PM ET,MIN,1.42,,
RP,Tim Herrin (43696070),Tim Herrin,43696070,P,4000,CLE@CIN 07/28/2026 07:10PM ET,CLE,1.96,,
RP,Ryan Rolison (43696071),Ryan Rolison,43696071,P,4000,CHC@STL 07/28/2026 07:45PM ET,CHC,3.78,,
RP,Ben Casparius (43696072),Ben Casparius,43696072,P,4000,SEA@LAD 07/28/2026 10:10PM ET,LAD,0.5,IL,
RP,Porter Hodge (43696073),Porter Hodge,43696073,P,4000,CHC@STL 07/28/2026 07:45PM ET,CHC,0,IL,
RP,Trevor Megill (43696074),Trevor Megill,43696074,P,4000,MIL@SF 07/28/2026 09:45PM ET,MIL,3.52,,
RP,Tayler Scott (43696075),Tayler Scott,43696075,P,4000,ATL@NYM 07/28/2026 07:10PM ET,ATL,0,,
RP,Danny Coulombe (43696076),Danny Coulombe,43696076,P,4000,BOS@ATH 07/28/2026 09:40PM ET,BOS,0.93,,
RP,Yerry de los Santos (43696077),Yerry de los Santos,43696077,P,4000,NYY@CWS 07/28/2026 07:40PM ET,NYY,4.86,,
RP,Carlos Rodriguez (43696078),Carlos Rodriguez,43696078,P,4000,MIL@SF 07/28/2026 09:45PM ET,MIL,5.15,,
RP,Brent Suter (43696079),Brent Suter,43696079,P,4000,HOU@LAA 07/28/2026 09:38PM ET,LAA,3.73,,
RP,Bryan Hoeing (43696080),Bryan Hoeing,43696080,P,4000,COL@SD 07/28/2026 09:40PM ET,SD,0,IL,
RP,Tayler Saucedo (43696081),Tayler Saucedo,43696081,P,4000,HOU@LAA 07/28/2026 09:38PM ET,LAA,1.98,,
RP,Rolddy Munoz (43696082),Rolddy Munoz,43696082,P,4000,ATL@NYM 07/28/2026 07:10PM ET,ATL,0.9,,
RP,Juan Mejia (43696083),Juan Mejia,43696083,P,4000,COL@SD 07/28/2026 09:40PM ET,COL,2.6,,
RP,Luis Gastelum (43696084),Luis Gastelum,43696084,P,4000,CHC@STL 07/28/2026 07:45PM ET,STL,2.52,,
RP,Raisel Iglesias (43696085),Raisel Iglesias,43696085,P,4000,ATL@NYM 07/28/2026 07:10PM ET,ATL,3.48,,
RP,Taylor Rogers (43696086),Taylor Rogers,43696086,P,4000,KC@MIN 07/28/2026 07:40PM ET,MIN,2.15,,
RP,Mark Leiter Jr. (43696087),Mark Leiter Jr.,43696087,P,4000,BOS@ATH 07/28/2026 09:40PM ET,ATH,2.54,IL,
RP,Dylan Lee (43696088),Dylan Lee,43696088,P,4000,ATL@NYM 07/28/2026 07:10PM ET,ATL,4.12,,
RP,Jovani Moran (43696089),Jovani Moran,43696089,P,4000,BOS@ATH 07/28/2026 09:40PM ET,BOS,5.25,,
RP,Chris Murphy (43696090),Chris Murphy,43696090,P,4000,NYY@CWS 07/28/2026 07:40PM ET,CWS,2.79,,
RP,James Karinchak (43696091),James Karinchak,43696091,P,4000,ATL@NYM 07/28/2026 07:10PM ET,ATL,3.15,,
RP,Lucas Erceg (43696092),Lucas Erceg,43696092,P,4000,KC@MIN 07/28/2026 07:40PM ET,KC,1.72,,
RP,Beck Way (43696093),Beck Way,43696093,P,4000,KC@MIN 07/28/2026 07:40PM ET,KC,2.93,,
RP,Tyler Samaniego (43696094),Tyler Samaniego,43696094,P,4000,BOS@ATH 07/28/2026 09:40PM ET,BOS,2.43,,
RP,Kervin Castro (43696095),Kervin Castro,43696095,P,4000,NYY@CWS 07/28/2026 07:40PM ET,NYY,5.4,,
RP,Alimber Santa (43696096),Alimber Santa,43696096,P,4000,HOU@LAA 07/28/2026 09:38PM ET,HOU,4.01,,
RP,Zach McCambley (43696097),Zach McCambley,43696097,P,4000,CLE@CIN 07/28/2026 07:10PM ET,CIN,1.14,,
RP,Ben Joyce (43696098),Ben Joyce,43696098,P,4000,HOU@LAA 07/28/2026 09:38PM ET,LAA,0,IL,
RP,Franco Aleman (43696099),Franco Aleman,43696099,P,4000,CLE@CIN 07/28/2026 07:10PM ET,CLE,3.31,,
RP,Phil Maton (43696100),Phil Maton,43696100,P,4000,CHC@STL 07/28/2026 07:45PM ET,CHC,1.72,IL,
RP,Robert Stephenson (43696101),Robert Stephenson,43696101,P,4000,HOU@LAA 07/28/2026 09:38PM ET,LAA,0,IL,
RP,Justin Bruihl (43696102),Justin Bruihl,43696102,P,4000,CHC@STL 07/28/2026 07:45PM ET,STL,2.06,,
RP,Matt Svanson (43696103),Matt Svanson,43696103,P,4000,CHC@STL 07/28/2026 07:45PM ET,STL,1.76,,
RP,Andrew Chafin (43696104),Andrew Chafin,43696104,P,4000,CLE@CIN 07/28/2026 07:10PM ET,CIN,0,,
RP,Greg Weissert (43696105),Greg Weissert,43696105,P,4000,BOS@ATH 07/28/2026 09:40PM ET,BOS,2.59,,
RP,Blake Treinen (43696106),Blake Treinen,43696106,P,4000,SEA@LAD 07/28/2026 10:10PM ET,LAD,2.78,IL,
RP,Luis Mey (43696107),Luis Mey,43696107,P,4000,CLE@CIN 07/28/2026 07:10PM ET,CIN,3.07,,
RP,Sam Hentges (43696108),Sam Hentges,43696108,P,4000,MIL@SF 07/28/2026 09:45PM ET,SF,2.37,,
RP,Aaron Ashby (43696109),Aaron Ashby,43696109,P,4000,MIL@SF 07/28/2026 09:45PM ET,MIL,5.08,,
RP,Sam Bachman (43696110),Sam Bachman,43696110,P,4000,HOU@LAA 07/28/2026 09:38PM ET,LAA,3,,
RP,Travis Adams (43696111),Travis Adams,43696111,P,4000,KC@MIN 07/28/2026 07:40PM ET,MIN,3.95,,
RP,Nick Mears (43696112),Nick Mears,43696112,P,4000,KC@MIN 07/28/2026 07:40PM ET,KC,2,IL,
RP,TJ Shook (43696113),TJ Shook,43696113,P,4000,COL@SD 07/28/2026 09:40PM ET,COL,1.54,,
RP,Alek Jacob (43696114),Alek Jacob,43696114,P,4000,COL@SD 07/28/2026 09:40PM ET,SD,5.48,,
RP,Carlos Duran (43696115),Carlos Duran,43696115,P,4000,SEA@LAD 07/28/2026 10:10PM ET,LAD,0,,
RP,A.J. Minter (43696116),A.J. Minter,43696116,P,4000,ATL@NYM 07/28/2026 07:10PM ET,NYM,2.92,,
RP,Hunter Strickland (43696117),Hunter Strickland,43696117,P,4000,HOU@LAA 07/28/2026 09:38PM ET,LAA,0,,
RP,Cody Laweryson (43696118),Cody Laweryson,43696118,P,4000,KC@MIN 07/28/2026 07:40PM ET,MIN,2.97,IL,
RP,David Morgan (43696119),David Morgan,43696119,P,4000,COL@SD 07/28/2026 09:40PM ET,SD,3.46,IL,
RP,Eli Morgan (43696120),Eli Morgan,43696120,P,4000,KC@MIN 07/28/2026 07:40PM ET,KC,2.03,,
RP,Joel Peguero (43696121),Joel Peguero,43696121,P,4000,MIL@SF 07/28/2026 09:45PM ET,SF,1.81,IL,
RP,Eric Orze (43696122),Eric Orze,43696122,P,4000,KC@MIN 07/28/2026 07:40PM ET,MIN,2.28,,
RP,Alex Carrillo (43696123),Alex Carrillo,43696123,P,4000,ATL@NYM 07/28/2026 07:10PM ET,NYM,0,,
RP,Garrett Whitlock (43696124),Garrett Whitlock,43696124,P,4000,BOS@ATH 07/28/2026 09:40PM ET,BOS,3.88,,
RP,Riley Martin (43696125),Riley Martin,43696125,P,4000,CHC@STL 07/28/2026 07:45PM ET,CHC,3.82,IL,
RP,Samy Natera Jr. (43696126),Samy Natera Jr.,43696126,P,4000,HOU@LAA 07/28/2026 09:38PM ET,LAA,4.91,,
RP,Dedniel Nunez (43696127),Dedniel Nunez,43696127,P,4000,ATL@NYM 07/28/2026 07:10PM ET,NYM,0,IL,
RP,Justin Sterner (43696128),Justin Sterner,43696128,P,4000,BOS@ATH 07/28/2026 09:40PM ET,ATH,1.97,IL,
RP,Jayden Murray (43696129),Jayden Murray,43696129,P,4000,CHC@STL 07/28/2026 07:45PM ET,CHC,1.03,,
RP,Joey Gerber (43696130),Joey Gerber,43696130,P,4000,ATL@NYM 07/28/2026 07:10PM ET,NYM,2.96,,
RP,Taylor Rashi (43696131),Taylor Rashi,43696131,P,4000,KC@MIN 07/28/2026 07:40PM ET,MIN,3.28,,
RP,Andres Munoz (43696132),Andres Munoz,43696132,P,4000,SEA@LAD 07/28/2026 10:10PM ET,SEA,3.82,,
RP,Nick Davila (43696133),Nick Davila,43696133,P,4000,SEA@LAD 07/28/2026 10:10PM ET,SEA,1.65,,
RP,Anthony Molina (43696134),Anthony Molina,43696134,P,4000,ATL@NYM 07/28/2026 07:10PM ET,ATL,1.68,,
RP,Gavin Hollowell (43696135),Gavin Hollowell,43696135,P,4000,CHC@STL 07/28/2026 07:45PM ET,CHC,2.82,,
RP,Shelby Miller (43696136),Shelby Miller,43696136,P,4000,CHC@STL 07/28/2026 07:45PM ET,CHC,0,IL,
RP,Paul Gervase (43696137),Paul Gervase,43696137,P,4000,SEA@LAD 07/28/2026 10:10PM ET,LAD,5.51,,
RP,Robert Suarez (43696138),Robert Suarez,43696138,P,4000,ATL@NYM 07/28/2026 07:10PM ET,ATL,3.86,IL,
RP,George Soriano (43696139),George Soriano,43696139,P,4000,CHC@STL 07/28/2026 07:45PM ET,STL,2.87,,
RP,Gregory Santos (43696140),Gregory Santos,43696140,P,4000,MIL@SF 07/28/2026 09:45PM ET,SF,1.48,,
RP,David Bednar (43696141),David Bednar,43696141,P,4000,NYY@CWS 07/28/2026 07:40PM ET,NYY,3.9,,
RP,Austin Pope (43696142),Austin Pope,43696142,P,4000,ATL@NYM 07/28/2026 07:10PM ET,ATL,0,,
RP,Hoby Milner (43696143),Hoby Milner,43696143,P,4000,CHC@STL 07/28/2026 07:45PM ET,CHC,1.7,IL,
RP,Mason Miller (43696144),Mason Miller,43696144,P,4000,COL@SD 07/28/2026 09:40PM ET,SD,5.62,,
RP,Austin Warren (43696145),Austin Warren,43696145,P,4000,ATL@NYM 07/28/2026 07:10PM ET,NYM,3.38,IL,
RP,Carlos Vargas (43696146),Carlos Vargas,43696146,P,4000,SEA@LAD 07/28/2026 10:10PM ET,SEA,0,IL,
RP,Colin Holderman (43696147),Colin Holderman,43696147,P,4000,CLE@CIN 07/28/2026 07:10PM ET,CLE,3.78,,
C,Cal Raleigh (43695256),Cal Raleigh,43695256,C,3900,SEA@LAD 07/28/2026 10:10PM ET,SEA,5.77,,
3B,Austin Riley (43695257),Austin Riley,43695257,3B,3900,ATL@NYM 07/28/2026 07:10PM ET,ATL,6.3,,
OF,Teoscar Hernandez (43695258),Teoscar Hernandez,43695258,OF,3900,SEA@LAD 07/28/2026 10:10PM ET,LAD,6.92,,
OF,Garrett Mitchell (43695259),Garrett Mitchell,43695259,OF,3900,MIL@SF 07/28/2026 09:45PM ET,MIL,6.97,,
SS,Dansby Swanson (43695260),Dansby Swanson,43695260,SS,3900,CHC@STL 07/28/2026 07:45PM ET,CHC,7.74,,
OF,Jarren Duran (43695261),Jarren Duran,43695261,OF,3900,BOS@ATH 07/28/2026 09:40PM ET,BOS,6.99,,
OF,Carson Benge (43695262),Carson Benge,43695262,OF,3900,ATL@NYM 07/28/2026 07:10PM ET,NYM,7.37,,
1B,Paul Goldschmidt (43695263),Paul Goldschmidt,43695263,1B,3900,NYY@CWS 07/28/2026 07:40PM ET,NYY,7.25,,
OF,JJ Bleday (43695264),JJ Bleday,43695264,OF,3800,CLE@CIN 07/28/2026 07:10PM ET,CIN,8.24,,
SS,Willy Adames (43695265),Willy Adames,43695265,SS,3800,MIL@SF 07/28/2026 09:45PM ET,SF,7.03,,
OF,Jo Adell (43695266),Jo Adell,43695266,OF,3800,HOU@LAA 07/28/2026 09:38PM ET,LAA,6.9,,
OF,Chase DeLauter (43695267),Chase DeLauter,43695267,OF,3800,CLE@CIN 07/28/2026 07:10PM ET,CLE,7.56,,
1B,Josh Naylor (43695268),Josh Naylor,43695268,1B,3800,SEA@LAD 07/28/2026 10:10PM ET,SEA,7.22,,
1B,TJ Rumfield (43695269),TJ Rumfield,43695269,1B,3800,COL@SD 07/28/2026 09:40PM ET,COL,7.54,,
2B,Michael Massey (43695270),Michael Massey,43695270,2B,3800,KC@MIN 07/28/2026 07:40PM ET,KC,5.67,,
1B,Bryce Eldridge (43695271),Bryce Eldridge,43695271,1B,3700,MIL@SF 07/28/2026 09:45PM ET,SF,7.12,,
OF,Carlos Cortes (43695272),Carlos Cortes,43695272,OF,3700,BOS@ATH 07/28/2026 09:40PM ET,ATH,5.16,,
OF,A.J. Ewing (43695273),A.J. Ewing,43695273,OF,3700,ATL@NYM 07/28/2026 07:10PM ET,NYM,7.48,,
2B/SS,Jose Caballero (43695274),Jose Caballero,43695274,2B/SS,3700,NYY@CWS 07/28/2026 07:40PM ET,NYY,6.69,,
C,Yainer Diaz (43695276),Yainer Diaz,43695276,C,3700,HOU@LAA 07/28/2026 09:38PM ET,HOU,5.94,,
C,Kyle Teel (43695479),Kyle Teel,43695479,C,3700,NYY@CWS 07/28/2026 07:40PM ET,CWS,6,IL,
OF,Brenton Doyle (43695480),Brenton Doyle,43695480,OF,3700,COL@SD 07/28/2026 09:40PM ET,COL,4.67,IL,
1B,Christian Walker (43695277),Christian Walker,43695277,1B,3600,HOU@LAA 07/28/2026 09:38PM ET,HOU,7.3,,
OF,Lane Thomas (43695278),Lane Thomas,43695278,OF,3600,KC@MIN 07/28/2026 07:40PM ET,KC,5.78,,
OF,Lars Nootbaar (43695279),Lars Nootbaar,43695279,OF,3600,CHC@STL 07/28/2026 07:45PM ET,STL,6.1,,
OF,Jung Hoo Lee (43695280),Jung Hoo Lee,43695280,OF,3600,MIL@SF 07/28/2026 09:45PM ET,SF,7.07,DTD,
C,Gary Sanchez (43695281),Gary Sanchez,43695281,C,3600,MIL@SF 07/28/2026 09:45PM ET,MIL,6.14,,
OF,Luis Robert Jr. (43695282),Luis Robert Jr.,43695282,OF,3600,ATL@NYM 07/28/2026 07:10PM ET,NYM,6.23,,
OF,Cole Carrigg (43695283),Cole Carrigg,43695283,OF,3600,COL@SD 07/28/2026 09:40PM ET,COL,8.72,,
1B/2B,Royce Lewis (43695284),Royce Lewis,43695284,1B/2B,3600,KC@MIN 07/28/2026 07:40PM ET,MIN,7.04,,
3B,Eugenio Suarez (43695286),Eugenio Suarez,43695286,3B,3600,CLE@CIN 07/28/2026 07:10PM ET,CIN,6.35,,
SS,Xander Bogaerts (43695287),Xander Bogaerts,43695287,SS,3600,COL@SD 07/28/2026 09:40PM ET,SD,6.39,,
2B,Chase Meidroth (43695288),Chase Meidroth,43695288,2B,3500,NYY@CWS 07/28/2026 07:40PM ET,CWS,6.76,,
OF,Dominic Canzone (43695289),Dominic Canzone,43695289,OF,3500,SEA@LAD 07/28/2026 10:10PM ET,SEA,6.26,,
SS,Masyn Winn (43695290),Masyn Winn,43695290,SS,3500,CHC@STL 07/28/2026 07:45PM ET,STL,6.21,,
OF,Henry Bolte (43695291),Henry Bolte,43695291,OF,3500,BOS@ATH 07/28/2026 09:40PM ET,ATH,5.71,,
OF,Mauricio Dubon (43695292),Mauricio Dubon,43695292,OF,3500,ATL@NYM 07/28/2026 07:10PM ET,ATL,6.84,,
OF,Jorge Soler (43695293),Jorge Soler,43695293,OF,3500,HOU@LAA 07/28/2026 09:38PM ET,LAA,6.61,,
OF,Jasson Dominguez (43695294),Jasson Dominguez,43695294,OF,3500,NYY@CWS 07/28/2026 07:40PM ET,NYY,6.39,,
3B,Pedro Ramirez (43695295),Pedro Ramirez,43695295,3B,3500,CHC@STL 07/28/2026 07:45PM ET,CHC,5.46,,
1B,Andrew Vaughn (43695296),Andrew Vaughn,43695296,1B,3500,MIL@SF 07/28/2026 09:45PM ET,MIL,5.98,,
1B,Rhys Hoskins (43695297),Rhys Hoskins,43695297,1B,3500,CLE@CIN 07/28/2026 07:10PM ET,CLE,5.45,,
2B/SS,Willi Castro (43695298),Willi Castro,43695298,2B/SS,3500,COL@SD 07/28/2026 09:40PM ET,COL,6.9,,
C,Luis Campusano (43695300),Luis Campusano,43695300,C,3500,COL@SD 07/28/2026 09:40PM ET,SD,6.06,,
3B,Caleb Durbin (43695301),Caleb Durbin,43695301,3B,3400,BOS@ATH 07/28/2026 09:40PM ET,BOS,6.52,,
SS,Anthony Volpe (43695302),Anthony Volpe,43695302,SS,3400,NYY@CWS 07/28/2026 07:40PM ET,NYY,5.76,,
OF,Lawrence Butler (43695303),Lawrence Butler,43695303,OF,3400,BOS@ATH 07/28/2026 09:40PM ET,ATH,4.54,,
1B,Josh Bell (43695304),Josh Bell,43695304,1B,3400,KC@MIN 07/28/2026 07:40PM ET,MIN,6.99,,
2B,Cole Young (43695305),Cole Young,43695305,2B,3400,SEA@LAD 07/28/2026 10:10PM ET,SEA,6.59,,
1B/2B,Romy Gonzalez (43695306),Romy Gonzalez,43695306,1B/2B,3400,BOS@ATH 07/28/2026 09:40PM ET,BOS,5.71,,
1B/C,Victor Caratini (43695308),Victor Caratini,43695308,C/1B,3400,KC@MIN 07/28/2026 07:40PM ET,MIN,5.57,,
2B/3B,Joshua Kuroda-Grauer (43695481),Joshua Kuroda-Grauer,43695481,2B/3B,3400,BOS@ATH 07/28/2026 09:40PM ET,ATH,7.75,IL,
3B,Brendan Donovan (43695483),Brendan Donovan,43695483,3B,3400,SEA@LAD 07/28/2026 10:10PM ET,SEA,6.96,IL,
3B,Matt Chapman (43695484),Matt Chapman,43695484,3B,3400,MIL@SF 07/28/2026 09:45PM ET,SF,6.44,IL,
2B,Nico Hoerner (43695310),Nico Hoerner,43695310,2B,3300,CHC@STL 07/28/2026 07:45PM ET,CHC,7.12,,
1B/OF,Dominic Smith (43695311),Dominic Smith,43695311,1B/OF,3300,ATL@NYM 07/28/2026 07:10PM ET,ATL,5.09,,
OF,Braden Montgomery (43695313),Braden Montgomery,43695313,OF,3300,NYY@CWS 07/28/2026 07:40PM ET,CWS,7.05,,
3B/SS,J.P. Crawford (43695314),J.P. Crawford,43695314,3B/SS,3300,SEA@LAD 07/28/2026 10:10PM ET,SEA,6.33,,
2B/3B,Vaughn Grissom (43695316),Vaughn Grissom,43695316,2B/3B,3300,HOU@LAA 07/28/2026 09:38PM ET,LAA,6.59,,
1B,Ty France (43695318),Ty France,43695318,1B,3300,COL@SD 07/28/2026 09:40PM ET,SD,7.02,,
OF,David Fry (43695319),David Fry,43695319,OF,3300,CLE@CIN 07/28/2026 07:10PM ET,CLE,3.36,,
C,Francisco Alvarez (43695320),Francisco Alvarez,43695320,C,3300,ATL@NYM 07/28/2026 07:10PM ET,NYM,6.11,,
OF,Max Schuemann (43695321),Max Schuemann,43695321,OF,3300,NYY@CWS 07/28/2026 07:40PM ET,NYY,4.16,,
OF,Luke Keaschall (43695322),Luke Keaschall,43695322,OF,3300,KC@MIN 07/28/2026 07:40PM ET,MIN,6.57,,
OF,Troy Johnston (43695323),Troy Johnston,43695323,OF,3300,COL@SD 07/28/2026 09:40PM ET,COL,6.01,,
3B/OF,Kike Hernandez (43695485),Kike Hernandez,43695485,3B/OF,3300,SEA@LAD 07/28/2026 10:10PM ET,LAD,15.5,IL,
C,Eric Haase (43695487),Eric Haase,43695487,C,3300,MIL@SF 07/28/2026 09:45PM ET,SF,4.07,,
1B/3B,Mark Vientos (43695488),Mark Vientos,43695488,1B/3B,3300,ATL@NYM 07/28/2026 07:10PM ET,NYM,5.41,IL,
3B,David Hamilton (43695324),David Hamilton,43695324,3B,3200,MIL@SF 07/28/2026 09:45PM ET,MIL,5.6,,
1B,Salvador Perez (43695325),Salvador Perez,43695325,1B,3200,KC@MIN 07/28/2026 07:40PM ET,KC,6.01,,
C,Carson Kelly (43695326),Carson Kelly,43695326,C,3200,CHC@STL 07/28/2026 07:45PM ET,CHC,6,,
SS,Cooper Pratt (43695327),Cooper Pratt,43695327,SS,3200,MIL@SF 07/28/2026 09:45PM ET,MIL,7.21,,
3B,Denzer Guzman (43695328),Denzer Guzman,43695328,3B,3200,HOU@LAA 07/28/2026 09:38PM ET,LAA,5.81,,
2B/SS,Alika Williams (43695329),Alika Williams,43695329,2B/SS,3200,BOS@ATH 07/28/2026 09:40PM ET,ATH,3.8,,
2B,Anthony Seigler (43695331),Anthony Seigler,43695331,2B,3200,BOS@ATH 07/28/2026 09:40PM ET,BOS,6.67,,
OF,Taylor Trammell (43695332),Taylor Trammell,43695332,OF,3200,HOU@LAA 07/28/2026 09:38PM ET,HOU,4.86,,
OF,Tyler Freeman (43695333),Tyler Freeman,43695333,OF,3200,COL@SD 07/28/2026 09:40PM ET,COL,5.63,,
C,Jhonny Pereda (43695490),Jhonny Pereda,43695490,C,3200,SEA@LAD 07/28/2026 10:10PM ET,SEA,5.21,,
3B/SS,Shay Whitcomb (43695491),Shay Whitcomb,43695491,3B/SS,3200,HOU@LAA 07/28/2026 09:38PM ET,HOU,2.29,,
OF,Samad Taylor (43695493),Samad Taylor,43695493,OF,3200,COL@SD 07/28/2026 09:40PM ET,SD,7.88,IL,
SS,Jim Jarvis (43695334),Jim Jarvis,43695334,SS,3100,ATL@NYM 07/28/2026 07:10PM ET,ATL,5.14,,
3B/OF,Luis Rengifo (43695335),Luis Rengifo,43695335,3B/OF,3100,COL@SD 07/28/2026 09:40PM ET,SD,5.36,,
1B,Nathaniel Lowe (43695337),Nathaniel Lowe,43695337,1B,3100,CLE@CIN 07/28/2026 07:10PM ET,CIN,5.86,,
OF,Nathan Church (43695338),Nathan Church,43695338,OF,3100,CHC@STL 07/28/2026 07:45PM ET,STL,5.02,,
3B,Amed Rosario (43695339),Amed Rosario,43695339,3B,3100,NYY@CWS 07/28/2026 07:40PM ET,NYY,5.11,,
1B,Nolan Schanuel (43695340),Nolan Schanuel,43695340,1B,3100,HOU@LAA 07/28/2026 09:38PM ET,LAA,6.45,,
OF,Andrew Benintendi (43695341),Andrew Benintendi,43695341,OF,3100,NYY@CWS 07/28/2026 07:40PM ET,CWS,6.09,,
C/OF,Jesus Rodriguez (43695342),Jesus Rodriguez,43695342,C/OF,3100,MIL@SF 07/28/2026 09:45PM ET,SF,4.95,,
OF,Luis Lara (43695344),Luis Lara,43695344,OF,3100,MIL@SF 07/28/2026 09:45PM ET,MIL,5.64,,
OF,Michael Conforto (43695345),Michael Conforto,43695345,OF,3100,CHC@STL 07/28/2026 07:45PM ET,CHC,4.81,,
C,Joey Bart (43695346),Joey Bart,43695346,C,3100,ATL@NYM 07/28/2026 07:10PM ET,ATL,4.54,,
OF,Steven Kwan (43695347),Steven Kwan,43695347,OF,3100,CLE@CIN 07/28/2026 07:10PM ET,CLE,5.63,,
OF,Gavin Sheets (43695348),Gavin Sheets,43695348,OF,3100,COL@SD 07/28/2026 09:40PM ET,SD,5.96,,
2B,Marcus Semien (43695349),Marcus Semien,43695349,2B,3100,ATL@NYM 07/28/2026 07:10PM ET,NYM,6.03,,
SS,Ezequiel Tovar (43695350),Ezequiel Tovar,43695350,SS,3100,COL@SD 07/28/2026 09:40PM ET,COL,4.99,,
2B,Jonathan India (43695494),Jonathan India,43695494,2B,3100,KC@MIN 07/28/2026 07:40PM ET,KC,5.41,IL,
OF,Seth Brown (43695495),Seth Brown,43695495,OF,3100,NYY@CWS 07/28/2026 07:40PM ET,NYY,0,,
OF,Harrison Bader (43695496),Harrison Bader,43695496,OF,3100,MIL@SF 07/28/2026 09:45PM ET,SF,5.17,IL,
OF,Everson Pereira (43695497),Everson Pereira,43695497,OF,3100,NYY@CWS 07/28/2026 07:40PM ET,CWS,5.64,,
C,Sean Murphy (43695498),Sean Murphy,43695498,C,3100,ATL@NYM 07/28/2026 07:10PM ET,ATL,1.25,IL,
2B/SS,Matt McLain (43695499),Matt McLain,43695499,2B/SS,3100,CLE@CIN 07/28/2026 07:10PM ET,CIN,5.77,IL,
SS,Andruw Monasterio (43695351),Andruw Monasterio,43695351,SS,3000,BOS@ATH 07/28/2026 09:40PM ET,BOS,5.06,,
SS,Ryan Kreidler (43695352),Ryan Kreidler,43695352,SS,3000,KC@MIN 07/28/2026 07:40PM ET,MIN,5.11,,
1B/C,Jonah Heim (43695353),Jonah Heim,43695353,C/1B,3000,BOS@ATH 07/28/2026 09:40PM ET,ATH,6.19,,
OF,Spencer Jones (43695355),Spencer Jones,43695355,OF,3000,NYY@CWS 07/28/2026 07:40PM ET,NYY,3.88,,
3B/OF,Jose Fermin (43695356),Jose Fermin,43695356,3B/OF,3000,CHC@STL 07/28/2026 07:45PM ET,STL,4.63,,
OF,Alex Call (43695358),Alex Call,43695358,OF,3000,SEA@LAD 07/28/2026 10:10PM ET,LAD,3.68,,
OF,Drew Gilbert (43695359),Drew Gilbert,43695359,OF,3000,MIL@SF 07/28/2026 09:45PM ET,SF,4.23,,
2B,Oswald Peraza (43695360),Oswald Peraza,43695360,2B,3000,HOU@LAA 07/28/2026 09:38PM ET,LAA,5.11,,
3B,Joey Ortiz (43695361),Joey Ortiz,43695361,3B,3000,MIL@SF 07/28/2026 09:45PM ET,MIL,4.78,,
OF,Randal Grichuk (43695362),Randal Grichuk,43695362,OF,3000,NYY@CWS 07/28/2026 07:40PM ET,CWS,4.49,,
1B/OF,LaMonte Wade Jr. (43695363),LaMonte Wade Jr.,43695363,1B/OF,3000,HOU@LAA 07/28/2026 09:38PM ET,HOU,5.7,,
2B,Donovan Walton (43695365),Donovan Walton,43695365,2B,3000,BOS@ATH 07/28/2026 09:40PM ET,ATH,5.57,,
OF,Mike Yastrzemski (43695366),Mike Yastrzemski,43695366,OF,3000,ATL@NYM 07/28/2026 07:10PM ET,ATL,4.69,,
C,Miguel Amaya (43695367),Miguel Amaya,43695367,C,3000,CHC@STL 07/28/2026 07:45PM ET,CHC,5.07,,
OF,Masataka Yoshida (43695368),Masataka Yoshida,43695368,OF,3000,BOS@ATH 07/28/2026 09:40PM ET,BOS,5.22,,
3B,Kyle Karros (43695369),Kyle Karros,43695369,3B,3000,COL@SD 07/28/2026 09:40PM ET,COL,6.39,,
OF,Austin Martin (43695370),Austin Martin,43695370,OF,3000,KC@MIN 07/28/2026 07:40PM ET,MIN,5.11,,
OF,Noelvi Marte (43695371),Noelvi Marte,43695371,OF,3000,CLE@CIN 07/28/2026 07:10PM ET,CIN,5.08,,
OF,John Rave (43695501),John Rave,43695501,OF,3000,KC@MIN 07/28/2026 07:40PM ET,KC,4.67,,
2B,Hyeseong Kim (43695502),Hyeseong Kim,43695502,2B,3000,SEA@LAD 07/28/2026 10:10PM ET,LAD,4.91,,
3B,Max Muncy (43695503),Max Muncy,43695503,3B,3000,BOS@ATH 07/28/2026 09:40PM ET,ATH,6.31,,
OF,Victor Bericoto (43695504),Victor Bericoto,43695504,OF,3000,MIL@SF 07/28/2026 09:45PM ET,SF,5.17,IL,
OF,Jake Meyers (43695505),Jake Meyers,43695505,OF,3000,HOU@LAA 07/28/2026 09:38PM ET,HOU,3.67,,
OF,Brandon Lockridge (43695506),Brandon Lockridge,43695506,OF,3000,MIL@SF 07/28/2026 09:45PM ET,MIL,6.07,IL,
SS,Trevor Story (43695507),Trevor Story,43695507,SS,3000,BOS@ATH 07/28/2026 09:40PM ET,BOS,5.98,IL,
OF,Blake Dunn (43695508),Blake Dunn,43695508,OF,3000,CLE@CIN 07/28/2026 07:10PM ET,CIN,6.87,IL,
3B,Nick Loftin (43695372),Nick Loftin,43695372,3B,2900,KC@MIN 07/28/2026 07:40PM ET,KC,5.97,,
3B,Gabriel Arias (43695373),Gabriel Arias,43695373,3B,2900,CLE@CIN 07/28/2026 07:10PM ET,CLE,5.24,,
OF/SS,Tyler Tolbert (43695374),Tyler Tolbert,43695374,SS/OF,2900,KC@MIN 07/28/2026 07:40PM ET,KC,4.51,,
OF,Colby Thomas (43695376),Colby Thomas,43695376,OF,2900,BOS@ATH 07/28/2026 09:40PM ET,ATH,3.12,,
OF,Nelson Velazquez (43695377),Nelson Velazquez,43695377,OF,2900,CHC@STL 07/28/2026 07:45PM ET,STL,4.39,,
C,Braxton Fulford (43695378),Braxton Fulford,43695378,C,2900,COL@SD 07/28/2026 09:40PM ET,COL,3,,
OF,Cam Smith (43695379),Cam Smith,43695379,OF,2900,HOU@LAA 07/28/2026 09:38PM ET,HOU,5.82,,
1B,Kyle Manzardo (43695380),Kyle Manzardo,43695380,1B,2900,CLE@CIN 07/28/2026 07:10PM ET,CLE,5.19,,
OF,TJ Friedl (43695381),TJ Friedl,43695381,OF,2900,CLE@CIN 07/28/2026 07:10PM ET,CIN,4.33,,
C,Daniel Susac (43695382),Daniel Susac,43695382,C,2900,MIL@SF 07/28/2026 09:45PM ET,SF,3.96,,
3B,Nolan Gorman (43695509),Nolan Gorman,43695509,3B,2900,CHC@STL 07/28/2026 07:45PM ET,STL,5.07,,
OF,Austin Hays (43695510),Austin Hays,43695510,OF,2900,NYY@CWS 07/28/2026 07:40PM ET,CWS,5.08,IL,
OF,Sal Frelick (43695511),Sal Frelick,43695511,OF,2900,MIL@SF 07/28/2026 09:45PM ET,MIL,5.21,IL,
2B/3B,Brett Baty (43695383),Brett Baty,43695383,2B/3B,2800,ATL@NYM 07/28/2026 07:10PM ET,NYM,5.19,,
1B,Jared Young (43695385),Jared Young,43695385,1B,2800,ATL@NYM 07/28/2026 07:10PM ET,NYM,5.12,,
OF,Isaac Collins (43695386),Isaac Collins,43695386,OF,2800,KC@MIN 07/28/2026 07:40PM ET,KC,5.91,,
2B/OF,Bryan Torres (43695387),Bryan Torres,43695387,2B/OF,2800,CHC@STL 07/28/2026 07:45PM ET,STL,3.97,,
OF,Luke Raley (43695389),Luke Raley,43695389,OF,2800,SEA@LAD 07/28/2026 10:10PM ET,SEA,5.27,,
C,Drew Romo (43695390),Drew Romo,43695390,C,2800,NYY@CWS 07/28/2026 07:40PM ET,CWS,4.3,,
OF,Jose Siri (43695391),Jose Siri,43695391,OF,2800,HOU@LAA 07/28/2026 09:38PM ET,LAA,4.43,,
OF,Brewer Hicklen (43695392),Brewer Hicklen,43695392,OF,2800,ATL@NYM 07/28/2026 07:10PM ET,ATL,6.62,,
C,Austin Hedges (43695393),Austin Hedges,43695393,C,2800,CLE@CIN 07/28/2026 07:10PM ET,CLE,4.83,,
2B,Edouard Julien (43695394),Edouard Julien,43695394,2B,2800,COL@SD 07/28/2026 09:40PM ET,COL,4.71,,
C,Moises Ballesteros (43695512),Moises Ballesteros,43695512,C,2800,CHC@STL 07/28/2026 07:45PM ET,CHC,4.73,,
3B/OF,Miguel Andujar (43695513),Miguel Andujar,43695513,3B/OF,2800,COL@SD 07/28/2026 09:40PM ET,SD,5.45,IL,
OF,Sterlin Thompson (43695515),Sterlin Thompson,43695515,OF,2800,COL@SD 07/28/2026 09:40PM ET,COL,4.44,,
OF,Starling Marte (43695395),Starling Marte,43695395,OF,2700,KC@MIN 07/28/2026 07:40PM ET,KC,3.92,,
1B/3B,Tommy White (43695396),Tommy White,43695396,1B/3B,2700,BOS@ATH 07/28/2026 09:40PM ET,ATH,5.11,,
SS,Colt Emerson (43695398),Colt Emerson,43695398,SS,2700,SEA@LAD 07/28/2026 10:10PM ET,SEA,5.58,,
OF,Tristan Peters (43695399),Tristan Peters,43695399,OF,2700,NYY@CWS 07/28/2026 07:40PM ET,CWS,5.55,,
OF,Wade Meckler (43695400),Wade Meckler,43695400,OF,2700,HOU@LAA 07/28/2026 09:38PM ET,LAA,5.51,,
2B,Jake Cronenworth (43695401),Jake Cronenworth,43695401,2B,2700,COL@SD 07/28/2026 09:40PM ET,SD,5.38,,
2B/3B,Jorge Polanco (43695402),Jorge Polanco,43695402,2B/3B,2700,ATL@NYM 07/28/2026 07:10PM ET,NYM,3.56,,
C,Jose Trevino (43695404),Jose Trevino,43695404,C,2700,CLE@CIN 07/28/2026 07:10PM ET,CIN,4.54,,
C,Mitch Garver (43695405),Mitch Garver,43695405,C,2700,SEA@LAD 07/28/2026 10:10PM ET,SEA,4.45,,
OF,Matt Shaw (43695516),Matt Shaw,43695516,OF,2700,CHC@STL 07/28/2026 07:45PM ET,CHC,4.93,IL,
OF,Joey Loperfido (43695517),Joey Loperfido,43695517,OF,2700,HOU@LAA 07/28/2026 09:38PM ET,HOU,4.41,,
OF,Akil Baddoo (43695518),Akil Baddoo,43695518,OF,2700,MIL@SF 07/28/2026 09:45PM ET,MIL,0,IL,
C,Mickey Gasper (43695519),Mickey Gasper,43695519,C,2700,BOS@ATH 07/28/2026 09:40PM ET,BOS,4.38,,
1B,Blaine Crim (43695520),Blaine Crim,43695520,1B,2700,COL@SD 07/28/2026 09:40PM ET,COL,0,,
3B,Blaze Jordan (43695406),Blaze Jordan,43695406,3B,2600,CHC@STL 07/28/2026 07:45PM ET,STL,5.33,,
2B/SS,Nick Allen (43695407),Nick Allen,43695407,2B/SS,2600,HOU@LAA 07/28/2026 09:38PM ET,HOU,2.89,,
OF,Eli White (43695409),Eli White,43695409,OF,2600,ATL@NYM 07/28/2026 07:10PM ET,ATL,3.92,,
OF,Tyrone Taylor (43695410),Tyrone Taylor,43695410,OF,2600,ATL@NYM 07/28/2026 07:10PM ET,NYM,4.66,,
C,Tyler Stephenson (43695411),Tyler Stephenson,43695411,C,2600,CLE@CIN 07/28/2026 07:10PM ET,CIN,5.29,,
C,Christian Vazquez (43695412),Christian Vazquez,43695412,C,2600,HOU@LAA 07/28/2026 09:38PM ET,HOU,4.35,,
C,Brett Sullivan (43695413),Brett Sullivan,43695413,C,2600,COL@SD 07/28/2026 09:40PM ET,COL,3.89,,
3B,Ramon Urias (43695521),Ramon Urias,43695521,3B,2600,CHC@STL 07/28/2026 07:45PM ET,STL,3.8,IL,
OF,Ryan Ward (43695522),Ryan Ward,43695522,OF,2600,SEA@LAD 07/28/2026 10:10PM ET,LAD,5.75,,
2B/3B,Will Wilson (43695523),Will Wilson,43695523,2B/3B,2600,SEA@LAD 07/28/2026 10:10PM ET,SEA,9,IL,
3B,Yoan Moncada (43695525),Yoan Moncada,43695525,3B,2600,HOU@LAA 07/28/2026 09:38PM ET,LAA,4.2,IL,
OF,Brooks Baldwin (43695526),Brooks Baldwin,43695526,OF,2600,NYY@CWS 07/28/2026 07:40PM ET,CWS,0,IL,
OF,Kahlil Watson (43695527),Kahlil Watson,43695527,OF,2600,CLE@CIN 07/28/2026 07:10PM ET,CLE,6.18,,
OF,Nate Eaton (43695528),Nate Eaton,43695528,OF,2600,BOS@ATH 07/28/2026 09:40PM ET,BOS,4.5,,
3B/SS,Sung-Mun Song (43695414),Sung-Mun Song,43695414,3B/SS,2500,COL@SD 07/28/2026 09:40PM ET,SD,4.55,,
3B,Ryan McMahon (43695416),Ryan McMahon,43695416,3B,2500,NYY@CWS 07/28/2026 07:40PM ET,NYY,4.44,,
1B/2B,Jeff McNeil (43695417),Jeff McNeil,43695417,1B/2B,2500,BOS@ATH 07/28/2026 09:40PM ET,ATH,4.84,,
C,Pedro Pages (43695419),Pedro Pages,43695419,C,2500,CHC@STL 07/28/2026 07:45PM ET,STL,3.48,,
SS,Jorge Mateo (43695420),Jorge Mateo,43695420,SS,2500,ATL@NYM 07/28/2026 07:10PM ET,ATL,4.15,,
OF,Josh Lowe (43695421),Josh Lowe,43695421,OF,2500,HOU@LAA 07/28/2026 09:38PM ET,LAA,4.61,,
OF,Blake Perkins (43695422),Blake Perkins,43695422,OF,2500,MIL@SF 07/28/2026 09:45PM ET,MIL,2.69,,
C,Patrick Bailey (43695423),Patrick Bailey,43695423,C,2500,CLE@CIN 07/28/2026 07:10PM ET,CLE,4.06,,
C,Austin Wells (43695424),Austin Wells,43695424,C,2500,NYY@CWS 07/28/2026 07:40PM ET,NYY,4.03,,
OF,Dane Myers (43695425),Dane Myers,43695425,OF,2500,CLE@CIN 07/28/2026 07:10PM ET,CIN,4.01,,
C,Alex Jackson (43695426),Alex Jackson,43695426,C,2500,KC@MIN 07/28/2026 07:40PM ET,MIN,4.44,,
C,Edgar Quero (43695427),Edgar Quero,43695427,C,2500,NYY@CWS 07/28/2026 07:40PM ET,CWS,3.34,,
OF,Kyle Isbel (43695529),Kyle Isbel,43695529,OF,2500,KC@MIN 07/28/2026 07:40PM ET,KC,4.73,IL,
OF,Rhylan Thomas (43695530),Rhylan Thomas,43695530,OF,2500,SEA@LAD 07/28/2026 10:10PM ET,SEA,0,,
OF,Jonah Cox (43695531),Jonah Cox,43695531,OF,2500,MIL@SF 07/28/2026 09:45PM ET,SF,2.96,IL,
3B,Jose Miranda (43695532),Jose Miranda,43695532,3B,2500,COL@SD 07/28/2026 09:40PM ET,SD,0,,
2B/3B,Nick Sogard (43695533),Nick Sogard,43695533,2B/3B,2500,BOS@ATH 07/28/2026 09:40PM ET,BOS,4.67,,
OF,MJ Melendez (43695535),MJ Melendez,43695535,OF,2500,ATL@NYM 07/28/2026 07:10PM ET,NYM,3.68,,
OF,Matt Wallner (43695536),Matt Wallner,43695536,OF,2500,KC@MIN 07/28/2026 07:40PM ET,MIN,5.06,,
SS,Luisangel Acuna (43695428),Luisangel Acuna,43695428,SS,2400,NYY@CWS 07/28/2026 07:40PM ET,CWS,3.79,,
2B,Alex Freeland (43695429),Alex Freeland,43695429,2B,2400,SEA@LAD 07/28/2026 10:10PM ET,LAD,4.38,,
OF,Zach Dezenzo (43695430),Zach Dezenzo,43695430,OF,2400,HOU@LAA 07/28/2026 09:38PM ET,HOU,3.55,,
C,Connor Wong (43695431),Connor Wong,43695431,C,2400,BOS@ATH 07/28/2026 09:40PM ET,BOS,4.86,,
C,Freddy Fermin (43695432),Freddy Fermin,43695432,C,2400,COL@SD 07/28/2026 09:40PM ET,SD,3.17,,
3B/OF,Weston Wilson (43695433),Weston Wilson,43695433,3B/OF,2400,SEA@LAD 07/28/2026 10:10PM ET,SEA,3.92,,
C,Brian Serven (43695435),Brian Serven,43695435,C,2400,BOS@ATH 07/28/2026 09:40PM ET,ATH,1.5,,
OF,Victor Scott II (43695537),Victor Scott II,43695537,OF,2400,CHC@STL 07/28/2026 07:45PM ET,STL,4.08,,
SS,Darell Hernaiz (43695538),Darell Hernaiz,43695538,SS,2400,BOS@ATH 07/28/2026 09:40PM ET,ATH,3.79,,
OF,Dylan Carlson (43695539),Dylan Carlson,43695539,OF,2400,CHC@STL 07/28/2026 07:45PM ET,CHC,0.67,,
OF,Zach Cole (43695540),Zach Cole,43695540,OF,2400,HOU@LAA 07/28/2026 09:38PM ET,HOU,3.95,,
2B/SS,Isiah Kiner-Falefa (43695541),Isiah Kiner-Falefa,43695541,2B/SS,2400,BOS@ATH 07/28/2026 09:40PM ET,BOS,5.19,IL,
C,Drew Cavanaugh (43695436),Drew Cavanaugh,43695436,C,2300,MIL@SF 07/28/2026 09:45PM ET,SF,3.21,,
2B/SS,Miguel Rojas (43695437),Miguel Rojas,43695437,2B/SS,2300,SEA@LAD 07/28/2026 10:10PM ET,LAD,3.67,,
C,Logan O'Hoppe (43695439),Logan O'Hoppe,43695439,C,2300,HOU@LAA 07/28/2026 09:38PM ET,LAA,4.28,,
OF,Petey Halpin (43695440),Petey Halpin,43695440,OF,2300,CLE@CIN 07/28/2026 07:10PM ET,CLE,3.7,,
1B,Eric Wagaman (43695441),Eric Wagaman,43695441,1B,2300,ATL@NYM 07/28/2026 07:10PM ET,NYM,2.67,,
OF,Jase Bowen (43695442),Jase Bowen,43695442,OF,2300,COL@SD 07/28/2026 09:40PM ET,SD,2.16,,
C,Ali Sanchez (43695443),Ali Sanchez,43695443,C,2300,NYY@CWS 07/28/2026 07:40PM ET,NYY,3,,
3B,Josh Rojas (43695444),Josh Rojas,43695444,3B,2300,KC@MIN 07/28/2026 07:40PM ET,KC,3.65,,
2B/OF,Tyler Fitzgerald (43695543),Tyler Fitzgerald,43695543,2B/OF,2300,SEA@LAD 07/28/2026 10:10PM ET,LAD,0,,
OF,Kevin Alcantara (43695545),Kevin Alcantara,43695545,OF,2300,CHC@STL 07/28/2026 07:45PM ET,CHC,1.37,,
C,Bo Naylor (43695546),Bo Naylor,43695546,C,2300,CLE@CIN 07/28/2026 07:10PM ET,CLE,3.14,,
1B/SS,Orlando Arcia (43695547),Orlando Arcia,43695547,1B/SS,2300,KC@MIN 07/28/2026 07:40PM ET,MIN,3.58,,
SS,Marcelo Mayer (43695549),Marcelo Mayer,43695549,SS,2300,BOS@ATH 07/28/2026 09:40PM ET,BOS,4.44,IL,
2B,Edwin Arroyo (43695445),Edwin Arroyo,43695445,2B,2200,CLE@CIN 07/28/2026 07:10PM ET,CIN,3.55,,
C,Eliezer Alfonzo (43695446),Eliezer Alfonzo,43695446,C,2200,SEA@LAD 07/28/2026 10:10PM ET,LAD,2.33,,
OF,Victor Robles (43695447),Victor Robles,43695447,OF,2200,SEA@LAD 07/28/2026 10:10PM ET,SEA,3.46,,
OF,Lucas Spence (43695448),Lucas Spence,43695448,OF,2200,HOU@LAA 07/28/2026 09:38PM ET,HOU,3.67,,
C,Carlos Narvaez (43695449),Carlos Narvaez,43695449,C,2200,BOS@ATH 07/28/2026 09:40PM ET,BOS,3.72,,
C,Luis Torrens (43695450),Luis Torrens,43695450,C,2200,ATL@NYM 07/28/2026 07:10PM ET,NYM,4.2,,
OF,Alan Roden (43695451),Alan Roden,43695451,OF,2200,KC@MIN 07/28/2026 07:40PM ET,MIN,3.77,,
3B,Ke'Bryan Hayes (43695452),Ke'Bryan Hayes,43695452,3B,2200,CLE@CIN 07/28/2026 07:10PM ET,CIN,2.89,,
OF,Junior Perez (43695550),Junior Perez,43695550,OF,2200,NYY@CWS 07/28/2026 07:40PM ET,CWS,2.86,,
SS,Tsung-Che Cheng (43695551),Tsung-Che Cheng,43695551,SS,2200,BOS@ATH 07/28/2026 09:40PM ET,BOS,4.57,,
1B/OF,CJ Kayfus (43695552),CJ Kayfus,43695552,1B/OF,2200,CLE@CIN 07/28/2026 07:10PM ET,CLE,4.33,IL,
2B,Ryan Bliss (43695554),Ryan Bliss,43695554,2B,2200,SEA@LAD 07/28/2026 10:10PM ET,SEA,2.33,,
OF,Tyler Black (43695555),Tyler Black,43695555,OF,2200,MIL@SF 07/28/2026 09:45PM ET,MIL,6.11,,
SS,Tristan Gray (43695556),Tristan Gray,43695556,SS,2200,KC@MIN 07/28/2026 07:40PM ET,MIN,4.36,,
C,Luke Maile (43695453),Luke Maile,43695453,C,2100,KC@MIN 07/28/2026 07:40PM ET,KC,8,,
C,Jimmy Crooks (43695454),Jimmy Crooks,43695454,C,2100,CHC@STL 07/28/2026 07:45PM ET,STL,3.59,,
2B/3B,James Triantos (43695455),James Triantos,43695455,2B/3B,2100,CHC@STL 07/28/2026 07:45PM ET,CHC,5,,
2B/SS,Christian Koss (43695457),Christian Koss,43695457,2B/SS,2100,MIL@SF 07/28/2026 09:45PM ET,SF,1.5,,
OF,Jahmai Jones (43695459),Jahmai Jones,43695459,OF,2100,BOS@ATH 07/28/2026 09:40PM ET,BOS,2.29,,
C,Rodolfo Duran (43695460),Rodolfo Duran,43695460,C,2000,COL@SD 07/28/2026 09:40PM ET,SD,2.97,,
2B,Andrew Velazquez (43695461),Andrew Velazquez,43695461,2B,2000,KC@MIN 07/28/2026 07:40PM ET,KC,2,,
OF,Justin Dean (43695462),Justin Dean,43695462,OF,2000,CHC@STL 07/28/2026 07:45PM ET,CHC,2.08,,
OF,Grant McCray (43695463),Grant McCray,43695463,OF,2000,MIL@SF 07/28/2026 09:45PM ET,SF,4.33,,
3B,Buddy Kennedy (43695464),Buddy Kennedy,43695464,3B,2000,SEA@LAD 07/28/2026 10:10PM ET,SEA,1.08,,
C,Tyler Heineman (43695465),Tyler Heineman,43695465,C,2000,HOU@LAA 07/28/2026 09:38PM ET,LAA,2.78,,
OF,Nick Castellanos (43695557),Nick Castellanos,43695557,OF,2000,COL@SD 07/28/2026 09:40PM ET,SD,4.67,,
2B/OF,Thomas Saggese (43695558),Thomas Saggese,43695558,2B/OF,2000,CHC@STL 07/28/2026 07:45PM ET,STL,3.16,,
OF,Brent Rooker (43695560),Brent Rooker,43695560,OF,2000,BOS@ATH 07/28/2026 09:40PM ET,ATH,7,IL,
C,J.C. Escarra (43695561),J.C. Escarra,43695561,C,2000,NYY@CWS 07/28/2026 07:40PM ET,NYY,3.28,,
C,Logan Porter (43695562),Logan Porter,43695562,C,2000,HOU@LAA 07/28/2026 09:38PM ET,LAA,4.33,,
OF,Gustavo Campero (43695563),Gustavo Campero,43695563,OF,2000,HOU@LAA 07/28/2026 09:38PM ET,LAA,0,,
C,Sebastian Rivero (43695564),Sebastian Rivero,43695564,C,2000,HOU@LAA 07/28/2026 09:38PM ET,LAA,3.12,IL,
2B,Adam Frazier (43695565),Adam Frazier,43695565,2B,2000,HOU@LAA 07/28/2026 09:38PM ET,LAA,3.22,IL,
C,Travis d'Arnaud (43695566),Travis d'Arnaud,43695566,C,2000,HOU@LAA 07/28/2026 09:38PM ET,LAA,4,IL,
1B/OF,Tyler Austin (43695567),Tyler Austin,43695567,1B/OF,2000,CHC@STL 07/28/2026 07:45PM ET,CHC,0,IL,
OF,Emmanuel Rodriguez (43695569),Emmanuel Rodriguez,43695569,OF,2000,KC@MIN 07/28/2026 07:40PM ET,MIN,0,IL,
3B/OF,Nick Senzel (43695570),Nick Senzel,43695570,3B/OF,2000,SEA@LAD 07/28/2026 10:10PM ET,LAD,0,,
C,Leo Bernal (43695572),Leo Bernal,43695572,C,2000,CHC@STL 07/28/2026 07:45PM ET,STL,0,,
SS,Angel Genao (43695573),Angel Genao,43695573,SS,2000,CLE@CIN 07/28/2026 07:10PM ET,CLE,0,,
OF,Joshua Baez (43695574),Joshua Baez,43695574,OF,2000,CHC@STL 07/28/2026 07:45PM ET,STL,0,,
C,Diego Cartaya (43695575),Diego Cartaya,43695575,C,2000,MIL@SF 07/28/2026 09:45PM ET,SF,0,,
OF,Hector Rodriguez (43695576),Hector Rodriguez,43695576,OF,2000,CLE@CIN 07/28/2026 07:10PM ET,CIN,0,,
OF,Hendry Mendez (43695577),Hendry Mendez,43695577,OF,2000,KC@MIN 07/28/2026 07:40PM ET,MIN,0,,
OF,Brennen Davis (43695578),Brennen Davis,43695578,OF,2000,SEA@LAD 07/28/2026 10:10PM ET,SEA,0,IL,
OF,Bligh Madris (43695579),Bligh Madris,43695579,OF,2000,CHC@STL 07/28/2026 07:45PM ET,STL,0,,
SS,Leo Balcazar (43695580),Leo Balcazar,43695580,SS,2000,CLE@CIN 07/28/2026 07:10PM ET,CIN,0,,
2B/3B,Anthony Rendon (43695581),Anthony Rendon,43695581,2B/3B,2000,HOU@LAA 07/28/2026 09:38PM ET,LAA,0,IL,
OF,Jurickson Profar (43695583),Jurickson Profar,43695583,OF,2000,ATL@NYM 07/28/2026 07:10PM ET,ATL,0,OUT,
SS,Carlos Correa (43695584),Carlos Correa,43695584,SS,2000,HOU@LAA 07/28/2026 09:38PM ET,HOU,8,IL,
1B,Triston Casas (43695585),Triston Casas,43695585,1B,2000,BOS@ATH 07/28/2026 09:40PM ET,BOS,0,IL,
OF,Ramon Laureano (43695586),Ramon Laureano,43695586,OF,2000,COL@SD 07/28/2026 09:40PM ET,SD,6.58,IL,
3B/OF,Kris Bryant (43695587),Kris Bryant,43695587,3B/OF,2000,COL@SD 07/28/2026 09:40PM ET,COL,0,IL,
2B,Kristian Campbell (43695589),Kristian Campbell,43695589,2B,2000,BOS@ATH 07/28/2026 09:40PM ET,BOS,0,,
OF,Alek Thomas (43695590),Alek Thomas,43695590,OF,2000,SEA@LAD 07/28/2026 10:10PM ET,LAD,5.61,,
1B/3B,Patrick Wisdom (43695591),Patrick Wisdom,43695591,1B/3B,2000,SEA@LAD 07/28/2026 10:10PM ET,SEA,2.93,,
OF,Jordan Beck (43695593),Jordan Beck,43695593,OF,2000,COL@SD 07/28/2026 09:40PM ET,COL,4.03,,
OF,Kyren Paris (43695594),Kyren Paris,43695594,OF,2000,HOU@LAA 07/28/2026 09:38PM ET,LAA,0,,
2B/3B,Chad Stevens (43695595),Chad Stevens,43695595,2B/3B,2000,COL@SD 07/28/2026 09:40PM ET,COL,1.31,,
OF,Cooper Ingle (43695597),Cooper Ingle,43695597,OF,2000,CLE@CIN 07/28/2026 07:10PM ET,CLE,2.57,,
OF,Zac Veen (43695598),Zac Veen,43695598,OF,2000,COL@SD 07/28/2026 09:40PM ET,COL,0,,
3B/OF,Daniel Schneemann (43695599),Daniel Schneemann,43695599,3B/OF,2000,CLE@CIN 07/28/2026 07:10PM ET,CLE,4.94,,
3B,Leo Rivas (43695601),Leo Rivas,43695601,3B,2000,SEA@LAD 07/28/2026 10:10PM ET,SEA,3.32,,
2B/OF,Christian Moore (43695602),Christian Moore,43695602,2B/OF,2000,HOU@LAA 07/28/2026 09:38PM ET,LAA,2.67,,
3B,Nacho Alvarez Jr. (43695604),Nacho Alvarez Jr.,43695604,3B,2000,ATL@NYM 07/28/2026 07:10PM ET,ATL,0,,
2B,Adael Amador (43695605),Adael Amador,43695605,2B,2000,COL@SD 07/28/2026 09:40PM ET,COL,0,,
2B,Juan Brito (43695606),Juan Brito,43695606,2B,2000,CLE@CIN 07/28/2026 07:10PM ET,CLE,4.33,,
OF,Brice Matthews (43695607),Brice Matthews,43695607,OF,2000,HOU@LAA 07/28/2026 09:38PM ET,HOU,3.99,IL,
3B,Oswaldo Cabrera (43695608),Oswaldo Cabrera,43695608,3B,2000,NYY@CWS 07/28/2026 07:40PM ET,NYY,0,,
2B/SS,Mason McCoy (43695609),Mason McCoy,43695609,2B/SS,2000,COL@SD 07/28/2026 09:40PM ET,SD,0,,
OF,Kyler Fedko (43695611),Kyler Fedko,43695611,OF,2000,KC@MIN 07/28/2026 07:40PM ET,MIN,0.57,,
OF,Bryce Teodosio (43695612),Bryce Teodosio,43695612,OF,2000,HOU@LAA 07/28/2026 09:38PM ET,LAA,2.18,,
OF,Denzel Clarke (43695613),Denzel Clarke,43695613,OF,2000,BOS@ATH 07/28/2026 09:40PM ET,ATH,3.04,IL,
OF,Nick Morabito (43695614),Nick Morabito,43695614,OF,2000,ATL@NYM 07/28/2026 07:10PM ET,NYM,0.4,,
C,Collin Price (43695615),Collin Price,43695615,C,2000,HOU@LAA 07/28/2026 09:38PM ET,HOU,1.71,,
OF,Rob Refsnyder (43695616),Rob Refsnyder,43695616,OF,2000,SEA@LAD 07/28/2026 10:10PM ET,SEA,2.39,IL,
1B/OF,Connor Joe (43695617),Connor Joe,43695617,1B/OF,2000,SEA@LAD 07/28/2026 10:10PM ET,SEA,3.05,,
1B,Trey Mancini (43695619),Trey Mancini,43695619,1B,2000,HOU@LAA 07/28/2026 09:38PM ET,LAA,5.4,,
3B,Cesar Prieto (43695620),Cesar Prieto,43695620,3B,2000,CHC@STL 07/28/2026 07:45PM ET,STL,0,,
C,Hayden Senger (43695621),Hayden Senger,43695621,C,2000,ATL@NYM 07/28/2026 07:10PM ET,NYM,3,,
1B/OF,Jerar Encarnacion (43695622),Jerar Encarnacion,43695622,1B/OF,2000,MIL@SF 07/28/2026 09:45PM ET,SF,1.41,,
OF,Rikuu Nishida (43695624),Rikuu Nishida,43695624,OF,2000,NYY@CWS 07/28/2026 07:40PM ET,CWS,2.58,,
2B,Will Wagner (43695625),Will Wagner,43695625,2B,2000,COL@SD 07/28/2026 09:40PM ET,SD,3.69,,
2B/3B,Pablo Reyes (43695626),Pablo Reyes,43695626,2B/3B,2000,COL@SD 07/28/2026 09:40PM ET,SD,0,,
OF,Matthew Lugo (43695628),Matthew Lugo,43695628,OF,2000,KC@MIN 07/28/2026 07:40PM ET,KC,0,,
3B/OF,Tanner Murray (43695629),Tanner Murray,43695629,3B/OF,2000,NYY@CWS 07/28/2026 07:40PM ET,CWS,3.15,IL,
OF,DaShawn Keirsey Jr. (43695631),DaShawn Keirsey Jr.,43695631,OF,2000,ATL@NYM 07/28/2026 07:10PM ET,ATL,0,,
1B/3B,Kyle Farmer (43695632),Kyle Farmer,43695632,1B/3B,2000,ATL@NYM 07/28/2026 07:10PM ET,ATL,2,,
1B/3B,Brett Harris (43695634),Brett Harris,43695634,1B/3B,2000,BOS@ATH 07/28/2026 09:40PM ET,BOS,1,,
C,Will Banfield (43695636),Will Banfield,43695636,C,2000,CLE@CIN 07/28/2026 07:10PM ET,CIN,0,,
OF,Jared Oliva (43695637),Jared Oliva,43695637,OF,2000,MIL@SF 07/28/2026 09:45PM ET,SF,1.43,,
2B,Ryan Ritter (43695638),Ryan Ritter,43695638,2B,2000,COL@SD 07/28/2026 09:40PM ET,COL,0.83,,
OF,Gabriel Gonzalez (43695639),Gabriel Gonzalez,43695639,OF,2000,KC@MIN 07/28/2026 07:40PM ET,MIN,9,,
OF,Daniel Johnson (43695640),Daniel Johnson,43695640,OF,2000,HOU@LAA 07/28/2026 09:38PM ET,HOU,1.75,,
OF,Ivan Johnson (43695641),Ivan Johnson,43695641,OF,2000,CLE@CIN 07/28/2026 07:10PM ET,CIN,0.5,,
2B/3B,Raynel Delgado (43695642),Raynel Delgado,43695642,2B/3B,2000,HOU@LAA 07/28/2026 09:38PM ET,HOU,3.18,,
SS,Ha-Seong Kim (43695644),Ha-Seong Kim,43695644,SS,2000,ATL@NYM 07/28/2026 07:10PM ET,ATL,1.93,IL,
SS,Ronny Mauricio (43695645),Ronny Mauricio,43695645,SS,2000,ATL@NYM 07/28/2026 07:10PM ET,NYM,2.82,,
C,Blake Hunt (43695646),Blake Hunt,43695646,C,2000,COL@SD 07/28/2026 09:40PM ET,SD,0,,
C,Jeferson Quero (43695647),Jeferson Quero,43695647,C,2000,MIL@SF 07/28/2026 09:45PM ET,MIL,2,,
