Position,Name + ID,Name,ID,Roster Position,Salary,Game Info,TeamAbbrev,AvgPointsPerGame,Status
QB,C.J. Stroud (43837771),C.J. Stroud,43837771,QB,5500,LV@HOU 08/20/2026 08:00PM ET,HOU,15,
QB,Justin Herbert (43837772),Justin Herbert,43837772,QB,5500,SF@LAC 08/20/2026 10:00PM ET,LAC,19.1,
QB,Kirk Cousins (43837773),Kirk Cousins,43837773,QB,5500,LV@HOU 08/20/2026 08:00PM ET,LV,11.3,
QB,Brock Purdy (43837774),Brock Purdy,43837774,QB,5500,SF@LAC 08/20/2026 10:00PM ET,SF,20.1,
RB,David Montgomery (43837775),David Montgomery,43837775,RB/FLEX,5500,LV@HOU 08/20/2026 08:00PM ET,HOU,10.1,
RB,Omarion Hampton (43837777),Omarion Hampton,43837777,RB/FLEX,5500,SF@LAC 08/20/2026 10:00PM ET,LAC,13.9,
RB,Christian McCaffrey (43837779),Christian McCaffrey,43837779,RB/FLEX,5500,SF@LAC 08/20/2026 10:00PM ET,SF,24.8,Q
RB,Ashton Jeanty (43837781),Ashton Jeanty,43837781,RB/FLEX,5500,LV@HOU 08/20/2026 08:00PM ET,LV,14.8,
WR,Ladd McConkey (43837783),Ladd McConkey,43837783,WR/FLEX,5500,SF@LAC 08/20/2026 10:00PM ET,LAC,11.4,
WR,Nico Collins (43837785),Nico Collins,43837785,WR/FLEX,5500,LV@HOU 08/20/2026 08:00PM ET,HOU,15.1,
WR,Tre Tucker (43837787),Tre Tucker,43837787,WR/FLEX,5500,LV@HOU 08/20/2026 08:00PM ET,LV,9.7,
WR,Mike Evans (43837789),Mike Evans,43837789,WR/FLEX,5500,SF@LAC 08/20/2026 10:00PM ET,SF,11,Q
TE,George Kittle (43837791),George Kittle,43837791,TE/FLEX,5500,SF@LAC 08/20/2026 10:00PM ET,SF,13.8,OUT
TE,Oronde Gadsden II (43837793),Oronde Gadsden II,43837793,TE/FLEX,5500,SF@LAC 08/20/2026 10:00PM ET,LAC,8.8,
TE,Dalton Schultz (43837795),Dalton Schultz,43837795,TE/FLEX,5500,LV@HOU 08/20/2026 08:00PM ET,HOU,9.9,
TE,Brock Bowers (43837797),Brock Bowers,43837797,TE/FLEX,5500,LV@HOU 08/20/2026 08:00PM ET,LV,15.2,
DST,Texans (43837799),Texans,43837799,DST,5500,LV@HOU 08/20/2026 08:00PM ET,HOU,10.6,
DST,49ers (43837800),49ers,43837800,DST,5500,SF@LAC 08/20/2026 10:00PM ET,SF,4.1,
DST,Chargers (43837801),Chargers,43837801,DST,5500,SF@LAC 08/20/2026 10:00PM ET,LAC,6.7,
DST,Raiders (43837802),Raiders,43837802,DST,5500,LV@HOU 08/20/2026 08:00PM ET,LV,4.4,
QB,Trey Lance (43837803),Trey Lance,43837803,QB,5500,SF@LAC 08/20/2026 10:00PM ET,LAC,3.9,
QB,Davis Mills (43837804),Davis Mills,43837804,QB,5500,LV@HOU 08/20/2026 08:00PM ET,HOU,11.6,
QB,Fernando Mendoza (43837805),Fernando Mendoza,43837805,QB,5500,LV@HOU 08/20/2026 08:00PM ET,LV,0,
QB,Mac Jones (43837806),Mac Jones,43837806,QB,5500,SF@LAC 08/20/2026 10:00PM ET,SF,12.3,
RB,Kimani Vidal (43837807),Kimani Vidal,43837807,RB/FLEX,5500,SF@LAC 08/20/2026 10:00PM ET,LAC,9.6,
RB,Woody Marks (43837809),Woody Marks,43837809,RB/FLEX,5500,LV@HOU 08/20/2026 08:00PM ET,HOU,9.8,
RB,Mike Washington Jr. (43837811),Mike Washington Jr.,43837811,RB/FLEX,5500,LV@HOU 08/20/2026 08:00PM ET,LV,0,
RB,Jordan James (43837813),Jordan James,43837813,RB/FLEX,5500,SF@LAC 08/20/2026 10:00PM ET,SF,0.8,Q
WR,Quentin Johnston (43837815),Quentin Johnston,43837815,WR/FLEX,5500,SF@LAC 08/20/2026 10:00PM ET,LAC,12,Q
WR,Jayden Higgins (43837817),Jayden Higgins,43837817,WR/FLEX,5500,LV@HOU 08/20/2026 08:00PM ET,HOU,7.8,D
WR,Deebo Samuel Sr. (43837819),Deebo Samuel Sr.,43837819,WR/FLEX,5500,SF@LAC 08/20/2026 10:00PM ET,SF,11.8,
WR,Jalen Nailor (43837821),Jalen Nailor,43837821,WR/FLEX,5500,LV@HOU 08/20/2026 08:00PM ET,LV,6.1,
TE,David Njoku (43837823),David Njoku,43837823,TE/FLEX,5500,SF@LAC 08/20/2026 10:00PM ET,LAC,7.2,
TE,Foster Moreau (43837825),Foster Moreau,43837825,TE/FLEX,5500,LV@HOU 08/20/2026 08:00PM ET,HOU,1.2,
TE,Jake Tonges (43837827),Jake Tonges,43837827,TE/FLEX,5500,SF@LAC 08/20/2026 10:00PM ET,SF,5.6,
TE,Michael Mayer (43837829),Michael Mayer,43837829,TE/FLEX,5500,LV@HOU 08/20/2026 08:00PM ET,LV,5.7,
QB,Graham Mertz (43837831),Graham Mertz,43837831,QB,5500,LV@HOU 08/20/2026 08:00PM ET,HOU,0,IR
QB,DJ Uiagalelei (43837832),DJ Uiagalelei,43837832,QB,5500,SF@LAC 08/20/2026 10:00PM ET,LAC,0,
QB,Aidan O'Connell (43837833),Aidan O'Connell,43837833,QB,5500,LV@HOU 08/20/2026 08:00PM ET,LV,4.8,
QB,Kurtis Rourke (43837834),Kurtis Rourke,43837834,QB,5500,SF@LAC 08/20/2026 10:00PM ET,SF,0,
RB,Keaton Mitchell (43837835),Keaton Mitchell,43837835,RB/FLEX,5500,SF@LAC 08/20/2026 10:00PM ET,LAC,4.3,
RB,Jawhar Jordan (43837837),Jawhar Jordan,43837837,RB/FLEX,5500,LV@HOU 08/20/2026 08:00PM ET,HOU,8.2,Q
RB,Dylan Laube (43837839),Dylan Laube,43837839,RB/FLEX,5500,LV@HOU 08/20/2026 08:00PM ET,LV,0.3,
RB,Kaelon Black (43837841),Kaelon Black,43837841,RB/FLEX,5500,SF@LAC 08/20/2026 10:00PM ET,SF,0,
WR,Xavier Hutchinson (43837843),Xavier Hutchinson,43837843,WR/FLEX,5500,LV@HOU 08/20/2026 08:00PM ET,HOU,5.8,
WR,Tre' Harris (43837845),Tre' Harris,43837845,WR/FLEX,5500,SF@LAC 08/20/2026 10:00PM ET,LAC,4.1,
WR,Jack Bech (43837847),Jack Bech,43837847,WR/FLEX,5500,LV@HOU 08/20/2026 08:00PM ET,LV,2.7,
WR,Christian Kirk (43837849),Christian Kirk,43837849,WR/FLEX,5500,SF@LAC 08/20/2026 10:00PM ET,SF,6.6,Q
TE,Charlie Kolar (43837851),Charlie Kolar,43837851,TE/FLEX,5500,SF@LAC 08/20/2026 10:00PM ET,LAC,2.1,
TE,Cade Stover (43837853),Cade Stover,43837853,TE/FLEX,5500,LV@HOU 08/20/2026 08:00PM ET,HOU,2.3,
TE,Luke Farrell (43837855),Luke Farrell,43837855,TE/FLEX,5500,SF@LAC 08/20/2026 10:00PM ET,SF,1.7,
TE,Ian Thomas (43837857),Ian Thomas,43837857,TE/FLEX,5500,LV@HOU 08/20/2026 08:00PM ET,LV,1.6,
QB,Adrian Martinez (43837859),Adrian Martinez,43837859,QB,5500,SF@LAC 08/20/2026 10:00PM ET,SF,-0.1,
QB,Jacob Clark (43837860),Jacob Clark,43837860,QB,5500,LV@HOU 08/20/2026 08:00PM ET,LV,0,
RB,Jaret Patterson (43837861),Jaret Patterson,43837861,RB/FLEX,5500,SF@LAC 08/20/2026 10:00PM ET,LAC,3.7,
RB,British Brooks (43837863),British Brooks,43837863,RB/FLEX,5500,LV@HOU 08/20/2026 08:00PM ET,HOU,0.5,Q
RB,Isaac Guerendo (43837865),Isaac Guerendo,43837865,RB/FLEX,5500,SF@LAC 08/20/2026 10:00PM ET,SF,0,OUT
RB,Roman Hemby (43837867),Roman Hemby,43837867,RB/FLEX,5500,LV@HOU 08/20/2026 08:00PM ET,LV,0,
WR,Brenen Thompson (43837869),Brenen Thompson,43837869,WR/FLEX,5500,SF@LAC 08/20/2026 10:00PM ET,LAC,0,
WR,Jaylin Noel (43837871),Jaylin Noel,43837871,WR/FLEX,5500,LV@HOU 08/20/2026 08:00PM ET,HOU,3.6,Q
WR,De'Zhaun Stribling (43837873),De'Zhaun Stribling,43837873,WR/FLEX,5500,SF@LAC 08/20/2026 10:00PM ET,SF,0,
WR,Dont'e Thornton Jr. (43837875),Dont'e Thornton Jr.,43837875,WR/FLEX,5500,LV@HOU 08/20/2026 08:00PM ET,LV,1.6,Q
TE,Johnny Pascuzzi (43837877),Johnny Pascuzzi,43837877,TE/FLEX,5500,SF@LAC 08/20/2026 10:00PM ET,LAC,0,
TE,Brevin Jordan (43837879),Brevin Jordan,43837879,TE/FLEX,5500,LV@HOU 08/20/2026 08:00PM ET,HOU,0,Q
TE,Brayden Willis (43837881),Brayden Willis,43837881,TE/FLEX,5500,SF@LAC 08/20/2026 10:00PM ET,SF,0,
TE,Albert Okwuegbunam Jr. (43837883),Albert Okwuegbunam Jr.,43837883,TE/FLEX,5500,LV@HOU 08/20/2026 08:00PM ET,LV,8.6,
RB,Noah Whittington (43837885),Noah Whittington,43837885,RB/FLEX,5500,LV@HOU 08/20/2026 08:00PM ET,HOU,0,
RB,Amar Johnson (43837887),Amar Johnson,43837887,RB/FLEX,5500,SF@LAC 08/20/2026 10:00PM ET,LAC,0.4,
RB,Patrick Taylor Jr. (43837889),Patrick Taylor Jr.,43837889,RB/FLEX,5500,SF@LAC 08/20/2026 10:00PM ET,SF,0,
RB,Dare Ogunbowale (43837891),Dare Ogunbowale,43837891,RB/FLEX,5500,LV@HOU 08/20/2026 08:00PM ET,LV,1.3,
WR,KeAndre Lambert-Smith (43837893),KeAndre Lambert-Smith,43837893,WR/FLEX,5500,SF@LAC 08/20/2026 10:00PM ET,LAC,1.6,
WR,Tank Dell (43837895),Tank Dell,43837895,WR/FLEX,5500,LV@HOU 08/20/2026 08:00PM ET,HOU,0,Q
WR,Malik Benson (43837897),Malik Benson,43837897,WR/FLEX,5500,LV@HOU 08/20/2026 08:00PM ET,LV,0,
WR,Demarcus Robinson (43837899),Demarcus Robinson,43837899,WR/FLEX,5500,SF@LAC 08/20/2026 10:00PM ET,SF,5.3,
TE,Jerand Bradley (43837901),Jerand Bradley,43837901,TE/FLEX,5500,SF@LAC 08/20/2026 10:00PM ET,LAC,0,
TE,Marlin Klein (43837903),Marlin Klein,43837903,TE/FLEX,5500,LV@HOU 08/20/2026 08:00PM ET,HOU,0,
TE,Hayden Rucci (43837905),Hayden Rucci,43837905,TE/FLEX,5500,SF@LAC 08/20/2026 10:00PM ET,SF,0,
TE,Carter Runyon (43837907),Carter Runyon,43837907,TE/FLEX,5500,LV@HOU 08/20/2026 08:00PM ET,LV,0.1,
RB,Joshua Pitsenberger (43837909),Joshua Pitsenberger,43837909,RB/FLEX,5500,LV@HOU 08/20/2026 08:00PM ET,HOU,0,IR
RB,Gregory Desrosiers (43837911),Gregory Desrosiers,43837911,RB/FLEX,5500,SF@LAC 08/20/2026 10:00PM ET,LAC,0,
RB,Sincere McCormick (43837913),Sincere McCormick,43837913,RB/FLEX,5500,SF@LAC 08/20/2026 10:00PM ET,SF,0,
RB,Chris Collier (43837915),Chris Collier,43837915,RB/FLEX,5500,LV@HOU 08/20/2026 08:00PM ET,LV,0,IR
WR,Derius Davis (43837917),Derius Davis,43837917,WR/FLEX,5500,SF@LAC 08/20/2026 10:00PM ET,LAC,0.2,
WR,Justin Watson (43837919),Justin Watson,43837919,WR/FLEX,5500,LV@HOU 08/20/2026 08:00PM ET,HOU,1.5,
WR,Jordan Watkins (43837921),Jordan Watkins,43837921,WR/FLEX,5500,SF@LAC 08/20/2026 10:00PM ET,SF,0.9,
WR,Dareke Young (43837923),Dareke Young,43837923,WR/FLEX,5500,LV@HOU 08/20/2026 08:00PM ET,LV,0.6,
TE,Evan Svoboda (43837925),Evan Svoboda,43837925,TE/FLEX,5500,SF@LAC 08/20/2026 10:00PM ET,LAC,0,
TE,Layne Pryor (43837927),Layne Pryor,43837927,TE/FLEX,5500,LV@HOU 08/20/2026 08:00PM ET,HOU,0,
TE,Josiah Deguara (43837929),Josiah Deguara,43837929,TE/FLEX,5500,SF@LAC 08/20/2026 10:00PM ET,SF,0.9,
TE,Chris Myarick (43837931),Chris Myarick,43837931,TE/FLEX,5500,LV@HOU 08/20/2026 08:00PM ET,LV,0,
RB,Owen Wright (43837933),Owen Wright,43837933,RB/FLEX,5500,LV@HOU 08/20/2026 08:00PM ET,HOU,0.2,
RB,Khalil Herbert (43837935),Khalil Herbert,43837935,RB/FLEX,5500,SF@LAC 08/20/2026 10:00PM ET,SF,0.9,
WR,Lewis Bond (43837937),Lewis Bond,43837937,WR/FLEX,5500,LV@HOU 08/20/2026 08:00PM ET,HOU,0,
WR,Dalevon Campbell (43837939),Dalevon Campbell,43837939,WR/FLEX,5500,SF@LAC 08/20/2026 10:00PM ET,LAC,0,
WR,Jacob Cowing (43837941),Jacob Cowing,43837941,WR/FLEX,5500,SF@LAC 08/20/2026 10:00PM ET,SF,0,
WR,Shedrick Jackson (43837943),Shedrick Jackson,43837943,WR/FLEX,5500,LV@HOU 08/20/2026 08:00PM ET,LV,3.2,
TE,Tanner McLachlan (43837945),Tanner McLachlan,43837945,TE/FLEX,5500,SF@LAC 08/20/2026 10:00PM ET,SF,0,IR
RB,Zamir White (43837947),Zamir White,43837947,RB/FLEX,5500,SF@LAC 08/20/2026 10:00PM ET,SF,1.6,
WR,JaQuae Jackson (43837949),JaQuae Jackson,43837949,WR/FLEX,5500,SF@LAC 08/20/2026 10:00PM ET,LAC,0,
WR,Josh Kelly (43837951),Josh Kelly,43837951,WR/FLEX,5500,LV@HOU 08/20/2026 08:00PM ET,HOU,0,
WR,Malik Turner (43837953),Malik Turner,43837953,WR/FLEX,5500,SF@LAC 08/20/2026 10:00PM ET,SF,0,
WR,Phillip Dorsett II (43837955),Phillip Dorsett II,43837955,WR/FLEX,5500,LV@HOU 08/20/2026 08:00PM ET,LV,0,
WR,Jared Wayne (43837957),Jared Wayne,43837957,WR/FLEX,5500,LV@HOU 08/20/2026 08:00PM ET,HOU,4,
WR,Sincere Brown (43837959),Sincere Brown,43837959,WR/FLEX,5500,SF@LAC 08/20/2026 10:00PM ET,LAC,0,
WR,Deven Thompkins (43837961),Deven Thompkins,43837961,WR/FLEX,5500,LV@HOU 08/20/2026 08:00PM ET,LV,0.9,
WR,Trenton Irwin (43837963),Trenton Irwin,43837963,WR/FLEX,5500,SF@LAC 08/20/2026 10:00PM ET,SF,0,
RB,Alec Ingold (43837965),Alec Ingold,43837965,RB/FLEX,5500,SF@LAC 08/20/2026 10:00PM ET,LAC,0.8,
RB,Scott Matlock (43837967),Scott Matlock,43837967,RB/FLEX,5500,SF@LAC 08/20/2026 10:00PM ET,LAC,0.7,
RB,Kyle Juszczyk (43837969),Kyle Juszczyk,43837969,RB/FLEX,5500,SF@LAC 08/20/2026 10:00PM ET,SF,3.6,Q
RB,Connor Heyward (43837971),Connor Heyward,43837971,RB/FLEX,5500,LV@HOU 08/20/2026 08:00PM ET,LV,1.5,
WR,Luke Grimm (43837973),Luke Grimm,43837973,WR/FLEX,5500,SF@LAC 08/20/2026 10:00PM ET,LAC,0,Q
WR,Jha'Quan Jackson (43837975),Jha'Quan Jackson,43837975,WR/FLEX,5500,LV@HOU 08/20/2026 08:00PM ET,HOU,0,
WR,Brandon Johnson (43837977),Brandon Johnson,43837977,WR/FLEX,5500,LV@HOU 08/20/2026 08:00PM ET,LV,0,
WR,Wesley Grimes (43837979),Wesley Grimes,43837979,WR/FLEX,5500,SF@LAC 08/20/2026 10:00PM ET,SF,0,
TE,Patrick Gurd (43837981),Patrick Gurd,43837981,TE/FLEX,5500,LV@HOU 08/20/2026 08:00PM ET,LV,0,
WR,Devonte Ross (43837983),Devonte Ross,43837983,WR/FLEX,5500,SF@LAC 08/20/2026 10:00PM ET,LAC,0,
WR,Treyvhon Saunders (43837985),Treyvhon Saunders,43837985,WR/FLEX,5500,LV@HOU 08/20/2026 08:00PM ET,HOU,0,
WR,Will Pauling (43837987),Will Pauling,43837987,WR/FLEX,5500,SF@LAC 08/20/2026 10:00PM ET,SF,0,
WR,Chase Roberts (43837989),Chase Roberts,43837989,WR/FLEX,5500,LV@HOU 08/20/2026 08:00PM ET,LV,0,
WR,Daniel Sobkowicz (43837991),Daniel Sobkowicz,43837991,WR/FLEX,5500,LV@HOU 08/20/2026 08:00PM ET,HOU,0,
WR,E.J. Williams Jr. (43837993),E.J. Williams Jr.,43837993,WR/FLEX,5500,LV@HOU 08/20/2026 08:00PM ET,LV,0,
WR,KhaDarel Hodge (43837995),KhaDarel Hodge,43837995,WR/FLEX,5500,SF@LAC 08/20/2026 10:00PM ET,SF,0.5,
WR,Brandon Aiyuk (43837997),Brandon Aiyuk,43837997,WR/FLEX,5500,SF@LAC 08/20/2026 10:00PM ET,SF,0,OUT
WR,Juwann Winfree (43837999),Juwann Winfree,43837999,WR/FLEX,5500,LV@HOU 08/20/2026 08:00PM ET,HOU,0,
WR,Justin Shorter (43838001),Justin Shorter,43838001,WR/FLEX,5500,LV@HOU 08/20/2026 08:00PM ET,LV,0,IR
WR,Corey Rucker (43838003),Corey Rucker,43838003,WR/FLEX,5500,LV@HOU 08/20/2026 08:00PM ET,LV,0,IR
WR,Ricky Pearsall (43838005),Ricky Pearsall,43838005,WR/FLEX,5500,SF@LAC 08/20/2026 10:00PM ET,SF,9.5,IR
QB,Brett Rypien (43864446),Brett Rypien,43864446,QB,5500,LV@HOU 08/20/2026 08:00PM ET,HOU,0,
TE,Louis Hansen (43864447),Louis Hansen,43864447,TE/FLEX,5500,LV@HOU 08/20/2026 08:00PM ET,HOU,0,
WR,Noah Brown (43873696),Noah Brown,43873696,WR/FLEX,5500,LV@HOU 08/20/2026 08:00PM ET,LV,3.3,
