Entry ID,Contest Name,Contest ID,Entry Fee,QB,RB,RB,WR,WR,WR,TE,FLEX,DST,,Instructions
5229987113,NFL $3.5M Fantasy Football Millionaire [$1M to 1st],193028206,$5,Jalen Hurts (43727237),Tyler Allgeier (43727395),Saquon Barkley (43727337),Jordan Addison (43727659),Chris Olave (43727639),DeVonta Smith (43727641),Dallas Goedert (43728233),Woody Marks (43727387),Jaguars (43728526),,1. Column A lists all of your contest entries for this draftgroup
5230681933,NFL $175K mini-MAX [150 Entry Max],193028212,$0.50,Jalen Hurts (43727237),Tyler Allgeier (43727395),Saquon Barkley (43727337),Jordan Addison (43727659),Chris Olave (43727639),DeVonta Smith (43727641),Dallas Goedert (43728233),Woody Marks (43727387),Jaguars (43728526),,2. Your current lineup is listed next to each entry (blank for reservations)
5230886123,NFL $175K mini-MAX [150 Entry Max],193028212,$0.50,Jalen Hurts (43727237),Tyler Allgeier (43727395),Saquon Barkley (43727337),Jordan Addison (43727659),Chris Olave (43727639),DeVonta Smith (43727641),Dallas Goedert (43728233),Woody Marks (43727387),Jaguars (43728526),,3. You can change the lineup for an entry by entering the IDs of the players in the row next to that entry
5230886134,NFL $175K mini-MAX [150 Entry Max],193028212,$0.50,Jalen Hurts (43727237),Tyler Allgeier (43727395),Saquon Barkley (43727337),Jordan Addison (43727659),Chris Olave (43727639),DeVonta Smith (43727641),Dallas Goedert (43728233),Woody Marks (43727387),Jaguars (43728526),,4. Use data from the Name+ID column or the ID column; you cannot use just the player's name
5230886135,NFL $175K mini-MAX [150 Entry Max],193028212,$0.50,Jalen Hurts (43727237),Tyler Allgeier (43727395),Saquon Barkley (43727337),Jordan Addison (43727659),Chris Olave (43727639),DeVonta Smith (43727641),Dallas Goedert (43728233),Woody Marks (43727387),Jaguars (43728526),,5. For faster processing only include entries you are changing in the file you upload
5230894825,NFL $175K mini-MAX [150 Entry Max],193028212,$0.50,Jalen Hurts (43727237),Tyler Allgeier (43727395),Saquon Barkley (43727337),Jordan Addison (43727659),Chris Olave (43727639),DeVonta Smith (43727641),Dallas Goedert (43728233),Woody Marks (43727387),Jaguars (43728526),,
5230894832,NFL $175K mini-MAX [150 Entry Max],193028212,$0.50,Jalen Hurts (43727237),Tyler Allgeier (43727395),Saquon Barkley (43727337),Jordan Addison (43727659),Chris Olave (43727639),DeVonta Smith (43727641),Dallas Goedert (43728233),Woody Marks (43727387),Jaguars (43728526),,Position,Name + ID,Name,ID,Roster Position,Salary,Game Info,TeamAbbrev,AvgPointsPerGame
,,,,,,,,,,,,,,RB,Jahmyr Gibbs (43727325),Jahmyr Gibbs,43727325,RB/FLEX,8000,NO@DET 09/13/2026 01:00PM ET,DET,22.35
,,,,,,,,,,,,,,WR,Ja'Marr Chase (43727631),Ja'Marr Chase,43727631,WR/FLEX,7800,TB@CIN 09/13/2026 01:00PM ET,CIN,20.98
,,,,,,,,,,,,,,RB,Bijan Robinson (43727327),Bijan Robinson,43727327,RB/FLEX,7700,ATL@PIT 09/13/2026 01:00PM ET,ATL,23.22
,,,,,,,,,,,,,,WR,Amon-Ra St. Brown (43727633),Amon-Ra St. Brown,43727633,WR/FLEX,7500,NO@DET 09/13/2026 01:00PM ET,DET,19.94
,,,,,,,,,,,,,,RB,Jonathan Taylor (43727329),Jonathan Taylor,43727329,RB/FLEX,7300,BAL@IND 09/13/2026 01:00PM ET,IND,22.25
,,,,,,,,,,,,,,WR,Justin Jefferson (43727635),Justin Jefferson,43727635,WR/FLEX,7300,GB@MIN 09/13/2026 04:25PM ET,MIN,12.38
,,,,,,,,,,,,,,RB,James Cook III (43727331),James Cook III,43727331,RB/FLEX,7200,BUF@HOU 09/13/2026 01:00PM ET,BUF,18.81
,,,,,,,,,,,,,,RB,Chase Brown (43727333),Chase Brown,43727333,RB/FLEX,7100,TB@CIN 09/13/2026 01:00PM ET,CIN,17.15
,,,,,,,,,,,,,,QB,Josh Allen (43727234),Josh Allen,43727234,QB,7000,BUF@HOU 09/13/2026 01:00PM ET,BUF,23.30
,,,,,,,,,,,,,,WR,Nico Collins (43727637),Nico Collins,43727637,WR/FLEX,7000,BUF@HOU 09/13/2026 01:00PM ET,HOU,15.08
,,,,,,,,,,,,,,RB,De'Von Achane (43727335),De'Von Achane,43727335,RB/FLEX,7000,MIA@LV 09/13/2026 04:25PM ET,MIA,20.92
,,,,,,,,,,,,,,QB,Joe Burrow (43727235),Joe Burrow,43727235,QB,6900,TB@CIN 09/13/2026 01:00PM ET,CIN,18.18
,,,,,,,,,,,,,,RB,Saquon Barkley (43727337),Saquon Barkley,43727337,RB/FLEX,6900,WAS@PHI 09/13/2026 04:25PM ET,PHI,15.38
,,,,,,,,,,,,,,TE,Brock Bowers (43728215),Brock Bowers,43728215,TE/FLEX,6900,MIA@LV 09/13/2026 04:25PM ET,LV,15.18
,,,,,,,,,,,,,,QB,Lamar Jackson (43727236),Lamar Jackson,43727236,QB,6800,BAL@IND 09/13/2026 01:00PM ET,BAL,17.30
,,,,,,,,,,,,,,RB,Omarion Hampton (43727339),Omarion Hampton,43727339,RB/FLEX,6800,ARI@LAC 09/13/2026 04:25PM ET,LAC,13.86
,,,,,,,,,,,,,,TE,Trey McBride (43728217),Trey McBride,43728217,TE/FLEX,6800,ARI@LAC 09/13/2026 04:25PM ET,ARI,19.11
,,,,,,,,,,,,,,RB,Derrick Henry (43727341),Derrick Henry,43727341,RB/FLEX,6700,BAL@IND 09/13/2026 01:00PM ET,BAL,18.03
,,,,,,,,,,,,,,WR,Chris Olave (43727639),Chris Olave,43727639,WR/FLEX,6700,NO@DET 09/13/2026 01:00PM ET,NO,17.38
,,,,,,,,,,,,,,QB,Jalen Hurts (43727237),Jalen Hurts,43727237,QB,6600,WAS@PHI 09/13/2026 04:25PM ET,PHI,19.07
,,,,,,,,,,,,,,WR,DeVonta Smith (43727641),DeVonta Smith,43727641,WR/FLEX,6600,WAS@PHI 09/13/2026 04:25PM ET,PHI,12.38
,,,,,,,,,,,,,,RB,Ashton Jeanty (43727343),Ashton Jeanty,43727343,RB/FLEX,6600,MIA@LV 09/13/2026 04:25PM ET,LV,14.83
,,,,,,,,,,,,,,QB,Jayden Daniels (43727238),Jayden Daniels,43727238,QB,6500,WAS@PHI 09/13/2026 04:25PM ET,WAS,17.04
,,,,,,,,,,,,,,WR,Drake London (43727643),Drake London,43727643,WR/FLEX,6500,ATL@PIT 09/13/2026 01:00PM ET,ATL,18.16
,,,,,,,,,,,,,,WR,Zay Flowers (43727645),Zay Flowers,43727645,WR/FLEX,6400,BAL@IND 09/13/2026 01:00PM ET,BAL,15.02
,,,,,,,,,,,,,,RB,Jeremiyah Love (43727345),Jeremiyah Love,43727345,RB/FLEX,6400,ARI@LAC 09/13/2026 04:25PM ET,ARI,0
,,,,,,,,,,,,,,WR,Tee Higgins (43727647),Tee Higgins,43727647,WR/FLEX,6300,TB@CIN 09/13/2026 01:00PM ET,CIN,14.31
,,,,,,,,,,,,,,RB,Josh Jacobs (43727347),Josh Jacobs,43727347,RB/FLEX,6300,GB@MIN 09/13/2026 04:25PM ET,GB,15.37
,,,,,,,,,,,,,,QB,Caleb Williams (43727239),Caleb Williams,43727239,QB,6300,CHI@CAR 09/13/2026 01:00PM ET,CHI,19.81
,,,,,,,,,,,,,,WR,Emeka Egbuka (43727649),Emeka Egbuka,43727649,WR/FLEX,6200,TB@CIN 09/13/2026 01:00PM ET,TB,12.04
,,,,,,,,,,,,,,RB,Breece Hall (43727349),Breece Hall,43727349,RB/FLEX,6200,NYJ@TEN 09/13/2026 01:00PM ET,NYJ,13.85
,,,,,,,,,,,,,,QB,Justin Herbert (43727240),Justin Herbert,43727240,QB,6100,ARI@LAC 09/13/2026 04:25PM ET,LAC,19.11
,,,,,,,,,,,,,,RB,D'Andre Swift (43727351),D'Andre Swift,43727351,RB/FLEX,6100,CHI@CAR 09/13/2026 01:00PM ET,CHI,14.69
,,,,,,,,,,,,,,WR,Tetairoa McMillan (43727651),Tetairoa McMillan,43727651,WR/FLEX,6100,CHI@CAR 09/13/2026 01:00PM ET,CAR,12.86
,,,,,,,,,,,,,,RB,David Montgomery (43727353),David Montgomery,43727353,RB/FLEX,6000,BUF@HOU 09/13/2026 01:00PM ET,HOU,10.05
,,,,,,,,,,,,,,QB,Jared Goff (43727241),Jared Goff,43727241,QB,6000,NO@DET 09/13/2026 01:00PM ET,DET,19.30
,,,,,,,,,,,,,,WR,Jameson Williams (43727653),Jameson Williams,43727653,WR/FLEX,6000,NO@DET 09/13/2026 01:00PM ET,DET,13.64
,,,,,,,,,,,,,,QB,Baker Mayfield (43727242),Baker Mayfield,43727242,QB,5900,TB@CIN 09/13/2026 01:00PM ET,TB,17.17
,,,,,,,,,,,,,,WR,Christian Watson (43727655),Christian Watson,43727655,WR/FLEX,5900,GB@MIN 09/13/2026 04:25PM ET,GB,13.46
,,,,,,,,,,,,,,RB,Travis Etienne Jr. (43727355),Travis Etienne Jr.,43727355,RB/FLEX,5900,NO@DET 09/13/2026 01:00PM ET,NO,15.69
,,,,,,,,,,,,,,WR,Ladd McConkey (43727657),Ladd McConkey,43727657,WR/FLEX,5900,ARI@LAC 09/13/2026 04:25PM ET,LAC,11.36
,,,,,,,,,,,,,,WR,Jordan Addison (43727659),Jordan Addison,43727659,WR/FLEX,5800,GB@MIN 09/13/2026 04:25PM ET,MIN,10.08
,,,,,,,,,,,,,,QB,Trevor Lawrence (43727243),Trevor Lawrence,43727243,QB,5800,CLE@JAX 09/13/2026 01:00PM ET,JAX,20.98
,,,,,,,,,,,,,,RB,Bhayshul Tuten (43727357),Bhayshul Tuten,43727357,RB/FLEX,5800,CLE@JAX 09/13/2026 01:00PM ET,JAX,5.92
,,,,,,,,,,,,,,WR,Garrett Wilson (43727661),Garrett Wilson,43727661,WR/FLEX,5800,NYJ@TEN 09/13/2026 01:00PM ET,NYJ,14.21
,,,,,,,,,,,,,,RB,Bucky Irving (43727359),Bucky Irving,43727359,RB/FLEX,5700,TB@CIN 09/13/2026 01:00PM ET,TB,14.25
,,,,,,,,,,,,,,WR,Alec Pierce (43727665),Alec Pierce,43727665,WR/FLEX,5700,BAL@IND 09/13/2026 01:00PM ET,IND,12.62
,,,,,,,,,,,,,,QB,Jordan Love (43727244),Jordan Love,43727244,QB,5700,GB@MIN 09/13/2026 04:25PM ET,GB,17.64
,,,,,,,,,,,,,,WR,Terry McLaurin (43727663),Terry McLaurin,43727663,WR/FLEX,5700,WAS@PHI 09/13/2026 04:25PM ET,WAS,11.42
,,,,,,,,,,,,,,WR,DJ Moore (43727667),DJ Moore,43727667,WR/FLEX,5600,BUF@HOU 09/13/2026 01:00PM ET,BUF,10.85
,,,,,,,,,,,,,,QB,Tyler Shough (43727245),Tyler Shough,43727245,QB,5600,NO@DET 09/13/2026 01:00PM ET,NO,15.63
,,,,,,,,,,,,,,WR,Parker Washington (43727669),Parker Washington,43727669,WR/FLEX,5600,CLE@JAX 09/13/2026 01:00PM ET,JAX,12.8
,,,,,,,,,,,,,,RB,Tony Pollard (43727361),Tony Pollard,43727361,RB/FLEX,5600,NYJ@TEN 09/13/2026 01:00PM ET,TEN,11.64
,,,,,,,,,,,,,,QB,Kyler Murray (43727246),Kyler Murray,43727246,QB,5500,GB@MIN 09/13/2026 04:25PM ET,MIN,16.36
,,,,,,,,,,,,,,RB,Quinshon Judkins (43727363),Quinshon Judkins,43727363,RB/FLEX,5500,CLE@JAX 09/13/2026 01:00PM ET,CLE,12.34
,,,,,,,,,,,,,,WR,Brian Thomas Jr. (43727671),Brian Thomas Jr.,43727671,WR/FLEX,5500,CLE@JAX 09/13/2026 01:00PM ET,JAX,9.93
,,,,,,,,,,,,,,RB,Chuba Hubbard (43727365),Chuba Hubbard,43727365,RB/FLEX,5500,CHI@CAR 09/13/2026 01:00PM ET,CAR,9.14
,,,,,,,,,,,,,,WR,Luther Burden III (43727673),Luther Burden III,43727673,WR/FLEX,5500,CHI@CAR 09/13/2026 01:00PM ET,CHI,8.59
,,,,,,,,,,,,,,QB,Daniel Jones (43727247),Daniel Jones,43727247,QB,5400,BAL@IND 09/13/2026 01:00PM ET,IND,18.73
,,,,,,,,,,,,,,RB,Jordan Mason (43727367),Jordan Mason,43727367,RB/FLEX,5400,GB@MIN 09/13/2026 04:25PM ET,MIN,8.31
,,,,,,,,,,,,,,RB,Jaylen Warren (43727369),Jaylen Warren,43727369,RB/FLEX,5400,ATL@PIT 09/13/2026 01:00PM ET,PIT,13.46
,,,,,,,,,,,,,,WR,DK Metcalf (43727675),DK Metcalf,43727675,WR/FLEX,5400,ATL@PIT 09/13/2026 01:00PM ET,PIT,12.46
,,,,,,,,,,,,,,WR,Rome Odunze (43727677),Rome Odunze,43727677,WR/FLEX,5400,CHI@CAR 09/13/2026 01:00PM ET,CHI,11.78
,,,,,,,,,,,,,,RB,Aaron Jones Sr. (43727371),Aaron Jones Sr.,43727371,RB/FLEX,5300,GB@MIN 09/13/2026 04:25PM ET,MIN,9.98
,,,,,,,,,,,,,,RB,Jacory Croskey-Merritt (43727373),Jacory Croskey-Merritt,43727373,RB/FLEX,5300,WAS@PHI 09/13/2026 04:25PM ET,WAS,8.72
,,,,,,,,,,,,,,WR,Michael Wilson (43727681),Michael Wilson,43727681,WR/FLEX,5300,ARI@LAC 09/13/2026 04:25PM ET,ARI,13.51
,,,,,,,,,,,,,,QB,Malik Willis (43727248),Malik Willis,43727248,QB,5300,MIA@LV 09/13/2026 04:25PM ET,MIA,13.04
,,,,,,,,,,,,,,WR,Carnell Tate (43727679),Carnell Tate,43727679,WR/FLEX,5300,NYJ@TEN 09/13/2026 01:00PM ET,TEN,0
,,,,,,,,,,,,,,QB,Aaron Rodgers (43727249),Aaron Rodgers,43727249,QB,5300,ATL@PIT 09/13/2026 01:00PM ET,PIT,14.05
,,,,,,,,,,,,,,TE,Colston Loveland (43728219),Colston Loveland,43728219,TE/FLEX,5300,CHI@CAR 09/13/2026 01:00PM ET,CHI,11.36
,,,,,,,,,,,,,,RB,Kenny Gainwell (43727377),Kenny Gainwell,43727377,RB/FLEX,5200,TB@CIN 09/13/2026 01:00PM ET,TB,12.83
,,,,,,,,,,,,,,WR,Chris Godwin Jr. (43727683),Chris Godwin Jr.,43727683,WR/FLEX,5200,TB@CIN 09/13/2026 01:00PM ET,TB,9.56
,,,,,,,,,,,,,,WR,Josh Downs (43727685),Josh Downs,43727685,WR/FLEX,5200,BAL@IND 09/13/2026 01:00PM ET,IND,8.59
,,,,,,,,,,,,,,QB,C.J. Stroud (43727250),C.J. Stroud,43727250,QB,5200,BUF@HOU 09/13/2026 01:00PM ET,HOU,15.01
,,,,,,,,,,,,,,RB,Rachaad White (43727379),Rachaad White,43727379,RB/FLEX,5200,WAS@PHI 09/13/2026 04:25PM ET,WAS,8.41
,,,,,,,,,,,,,,WR,Stefon Diggs (43824688),Stefon Diggs,43824688,WR/FLEX,5200,WAS@PHI 09/13/2026 04:25PM ET,WAS,12.20
,,,,,,,,,,,,,,RB,Rico Dowdle (43727375),Rico Dowdle,43727375,RB/FLEX,5200,ATL@PIT 09/13/2026 01:00PM ET,PIT,12.71
,,,,,,,,,,,,,,QB,Bryce Young (43727251),Bryce Young,43727251,QB,5200,CHI@CAR 09/13/2026 01:00PM ET,CAR,15.35
,,,,,,,,,,,,,,WR,Makai Lemon (43727689),Makai Lemon,43727689,WR/FLEX,5100,WAS@PHI 09/13/2026 04:25PM ET,PHI,0
,,,,,,,,,,,,,,WR,Jordyn Tyson (43727687),Jordyn Tyson,43727687,WR/FLEX,5100,NO@DET 09/13/2026 01:00PM ET,NO,0
,,,,,,,,,,,,,,RB,Chris Rodriguez Jr. (43727385),Chris Rodriguez Jr.,43727385,RB/FLEX,5100,CLE@JAX 09/13/2026 01:00PM ET,JAX,7.08
,,,,,,,,,,,,,,QB,Jacoby Brissett (43727253),Jacoby Brissett,43727253,QB,5100,ARI@LAC 09/13/2026 04:25PM ET,ARI,17.96
,,,,,,,,,,,,,,QB,Cam Ward (43727252),Cam Ward,43727252,QB,5100,NYJ@TEN 09/13/2026 01:00PM ET,TEN,11.80
,,,,,,,,,,,,,,RB,Tyjae Spears (43727383),Tyjae Spears,43727383,RB/FLEX,5100,NYJ@TEN 09/13/2026 01:00PM ET,TEN,8.59
,,,,,,,,,,,,,,RB,Kyle Monangai (43727381),Kyle Monangai,43727381,RB/FLEX,5100,CHI@CAR 09/13/2026 01:00PM ET,CHI,8.94
,,,,,,,,,,,,,,RB,Woody Marks (43727387),Woody Marks,43727387,RB/FLEX,5000,BUF@HOU 09/13/2026 01:00PM ET,HOU,9.77
,,,,,,,,,,,,,,RB,Isiah Pacheco (43727389),Isiah Pacheco,43727389,RB/FLEX,5000,NO@DET 09/13/2026 01:00PM ET,DET,6.72
,,,,,,,,,,,,,,WR,Jakobi Meyers (43727691),Jakobi Meyers,43727691,WR/FLEX,5000,CLE@JAX 09/13/2026 01:00PM ET,JAX,10.53
,,,,,,,,,,,,,,WR,Marvin Harrison Jr. (43727693),Marvin Harrison Jr.,43727693,WR/FLEX,5000,ARI@LAC 09/13/2026 04:25PM ET,ARI,10.65
,,,,,,,,,,,,,,QB,Kirk Cousins (43727254),Kirk Cousins,43727254,QB,5000,MIA@LV 09/13/2026 04:25PM ET,LV,11.25
,,,,,,,,,,,,,,QB,Fernando Mendoza (43727255),Fernando Mendoza,43727255,QB,5000,MIA@LV 09/13/2026 04:25PM ET,LV,0
,,,,,,,,,,,,,,RB,Jonathon Brooks (43727391),Jonathon Brooks,43727391,RB/FLEX,5000,CHI@CAR 09/13/2026 01:00PM ET,CAR,0
,,,,,,,,,,,,,,QB,Anthony Richardson Sr. (43727256),Anthony Richardson Sr.,43727256,QB,4900,BAL@IND 09/13/2026 01:00PM ET,IND,1.08
,,,,,,,,,,,,,,TE,Tyler Warren (43728221),Tyler Warren,43728221,TE/FLEX,4900,BAL@IND 09/13/2026 01:00PM ET,IND,11.09
,,,,,,,,,,,,,,WR,Jayden Reed (43727695),Jayden Reed,43727695,WR/FLEX,4900,GB@MIN 09/13/2026 04:25PM ET,GB,8.02
,,,,,,,,,,,,,,RB,Tank Bigsby (43727397),Tank Bigsby,43727397,RB/FLEX,4900,WAS@PHI 09/13/2026 04:25PM ET,PHI,3.26
,,,,,,,,,,,,,,RB,Alvin Kamara (43727393),Alvin Kamara,43727393,RB/FLEX,4900,NO@DET 09/13/2026 01:00PM ET,NO,9.34
,,,,,,,,,,,,,,RB,Tyler Allgeier (43727395),Tyler Allgeier,43727395,RB/FLEX,4900,ARI@LAC 09/13/2026 04:25PM ET,ARI,7.24
,,,,,,,,,,,,,,WR,Michael Pittman Jr. (43727697),Michael Pittman Jr.,43727697,WR/FLEX,4900,ATL@PIT 09/13/2026 01:00PM ET,PIT,12.08
,,,,,,,,,,,,,,WR,Khalil Shakir (43727701),Khalil Shakir,43727701,WR/FLEX,4800,BUF@HOU 09/13/2026 01:00PM ET,BUF,11.39
,,,,,,,,,,,,,,RB,MarShawn Lloyd (43727399),MarShawn Lloyd,43727399,RB/FLEX,4800,GB@MIN 09/13/2026 04:25PM ET,GB,0
,,,,,,,,,,,,,,RB,Keaton Mitchell (43727401),Keaton Mitchell,43727401,RB/FLEX,4800,ARI@LAC 09/13/2026 04:25PM ET,LAC,4.26
,,,,,,,,,,,,,,RB,Kimani Vidal (43727403),Kimani Vidal,43727403,RB/FLEX,4800,ARI@LAC 09/13/2026 04:25PM ET,LAC,9.57
,,,,,,,,,,,,,,RB,Nick Singleton (43727405),Nick Singleton,43727405,RB/FLEX,4800,NYJ@TEN 09/13/2026 01:00PM ET,TEN,0
,,,,,,,,,,,,,,WR,Wan'Dale Robinson (43727699),Wan'Dale Robinson,43727699,WR/FLEX,4800,NYJ@TEN 09/13/2026 01:00PM ET,TEN,14.18
,,,,,,,,,,,,,,QB,Tua Tagovailoa (43727257),Tua Tagovailoa,43727257,QB,4800,ATL@PIT 09/13/2026 01:00PM ET,ATL,12.84
,,,,,,,,,,,,,,QB,Michael Penix Jr. (43727258),Michael Penix Jr.,43727258,QB,4800,ATL@PIT 09/13/2026 01:00PM ET,ATL,14.25
,,,,,,,,,,,,,,RB,Sean Tucker (43727411),Sean Tucker,43727411,RB/FLEX,4700,TB@CIN 09/13/2026 01:00PM ET,TB,5.55
,,,,,,,,,,,,,,WR,Matthew Golden (43727705),Matthew Golden,43727705,WR/FLEX,4700,GB@MIN 09/13/2026 04:25PM ET,GB,5.89
,,,,,,,,,,,,,,QB,Deshaun Watson (43727259),Deshaun Watson,43727259,QB,4700,CLE@JAX 09/13/2026 01:00PM ET,CLE,0
,,,,,,,,,,,,,,QB,Shedeur Sanders (43727260),Shedeur Sanders,43727260,QB,4700,CLE@JAX 09/13/2026 01:00PM ET,CLE,12.36
,,,,,,,,,,,,,,RB,Dylan Sampson (43727413),Dylan Sampson,43727413,RB/FLEX,4700,CLE@JAX 09/13/2026 01:00PM ET,CLE,5.91
,,,,,,,,,,,,,,WR,Quentin Johnston (43727703),Quentin Johnston,43727703,WR/FLEX,4700,ARI@LAC 09/13/2026 04:25PM ET,LAC,12.01
,,,,,,,,,,,,,,RB,Braelon Allen (43727409),Braelon Allen,43727409,RB/FLEX,4700,NYJ@TEN 09/13/2026 01:00PM ET,NYJ,4.08
,,,,,,,,,,,,,,RB,Brian Robinson Jr. (43727407),Brian Robinson Jr.,43727407,RB/FLEX,4700,ATL@PIT 09/13/2026 01:00PM ET,ATL,3.38
,,,,,,,,,,,,,,TE,Kyle Pitts Sr. (43728223),Kyle Pitts Sr.,43728223,TE/FLEX,4700,ATL@PIT 09/13/2026 01:00PM ET,ATL,12.58
,,,,,,,,,,,,,,RB,Samaje Perine (43727419),Samaje Perine,43727419,RB/FLEX,4600,TB@CIN 09/13/2026 01:00PM ET,CIN,5.33
,,,,,,,,,,,,,,RB,Ray Davis (43727417),Ray Davis,43727417,RB/FLEX,4600,BUF@HOU 09/13/2026 01:00PM ET,BUF,3.76
,,,,,,,,,,,,,,TE,Dalton Kincaid (43728225),Dalton Kincaid,43728225,TE/FLEX,4600,BUF@HOU 09/13/2026 01:00PM ET,BUF,11.73
,,,,,,,,,,,,,,RB,Kaytron Allen (43727421),Kaytron Allen,43727421,RB/FLEX,4600,WAS@PHI 09/13/2026 04:25PM ET,WAS,0
,,,,,,,,,,,,,,WR,KC Concepcion (43727709),KC Concepcion,43727709,WR/FLEX,4600,CLE@JAX 09/13/2026 01:00PM ET,CLE,0
,,,,,,,,,,,,,,RB,Mike Washington Jr. (43727415),Mike Washington Jr.,43727415,RB/FLEX,4600,MIA@LV 09/13/2026 04:25PM ET,LV,0
,,,,,,,,,,,,,,QB,Geno Smith (43727261),Geno Smith,43727261,QB,4600,NYJ@TEN 09/13/2026 01:00PM ET,NYJ,12.99
,,,,,,,,,,,,,,WR,Jalen Coker (43727707),Jalen Coker,43727707,WR/FLEX,4600,CHI@CAR 09/13/2026 01:00PM ET,CAR,10.23
,,,,,,,,,,,,,,RB,Jawhar Jordan (43727423),Jawhar Jordan,43727423,RB/FLEX,4500,BUF@HOU 09/13/2026 01:00PM ET,HOU,8.18
,,,,,,,,,,,,,,WR,Jayden Higgins (43727711),Jayden Higgins,43727711,WR/FLEX,4500,BUF@HOU 09/13/2026 01:00PM ET,HOU,7.80
,,,,,,,,,,,,,,QB,J.J. McCarthy (43727262),J.J. McCarthy,43727262,QB,4500,GB@MIN 09/13/2026 04:25PM ET,MIN,13.94
,,,,,,,,,,,,,,RB,Chris Brooks (43727431),Chris Brooks,43727431,RB/FLEX,4500,GB@MIN 09/13/2026 04:25PM ET,GB,2.02
,,,,,,,,,,,,,,TE,Tucker Kraft (43728227),Tucker Kraft,43728227,TE/FLEX,4500,GB@MIN 09/13/2026 04:25PM ET,GB,15.4
,,,,,,,,,,,,,,QB,Marcus Mariota (43727263),Marcus Mariota,43727263,QB,4500,WAS@PHI 09/13/2026 04:25PM ET,WAS,12.32
,,,,,,,,,,,,,,RB,Jaylen Wright (43727425),Jaylen Wright,43727425,RB/FLEX,4500,MIA@LV 09/13/2026 04:25PM ET,MIA,5.22
,,,,,,,,,,,,,,RB,Ollie Gordon II (43727427),Ollie Gordon II,43727427,RB/FLEX,4500,MIA@LV 09/13/2026 04:25PM ET,MIA,3.18
,,,,,,,,,,,,,,WR,Calvin Ridley (43727713),Calvin Ridley,43727713,WR/FLEX,4500,NYJ@TEN 09/13/2026 01:00PM ET,TEN,7.19
,,,,,,,,,,,,,,RB,Trevor Etienne (43727429),Trevor Etienne,43727429,RB/FLEX,4500,CHI@CAR 09/13/2026 01:00PM ET,CAR,0.67
,,,,,,,,,,,,,,QB,Joe Flacco (43727264),Joe Flacco,43727264,QB,4400,TB@CIN 09/13/2026 01:00PM ET,CIN,12.74
,,,,,,,,,,,,,,WR,Jalen McMillan (43727717),Jalen McMillan,43727717,WR/FLEX,4400,TB@CIN 09/13/2026 01:00PM ET,TB,8.22
,,,,,,,,,,,,,,QB,Riley Leonard (43727265),Riley Leonard,43727265,QB,4400,BAL@IND 09/13/2026 01:00PM ET,IND,6.8
,,,,,,,,,,,,,,RB,Demond Claiborne (43727433),Demond Claiborne,43727433,RB/FLEX,4400,GB@MIN 09/13/2026 04:25PM ET,MIN,0
,,,,,,,,,,,,,,RB,Devin Neal (43727435),Devin Neal,43727435,RB/FLEX,4400,NO@DET 09/13/2026 01:00PM ET,NO,6
,,,,,,,,,,,,,,TE,Sam LaPorta (43728229),Sam LaPorta,43728229,TE/FLEX,4400,NO@DET 09/13/2026 01:00PM ET,DET,11.88
,,,,,,,,,,,,,,WR,Denzel Boston (43727715),Denzel Boston,43727715,WR/FLEX,4400,CLE@JAX 09/13/2026 01:00PM ET,CLE,0
,,,,,,,,,,,,,,RB,Trey Benson (43727437),Trey Benson,43727437,RB/FLEX,4400,ARI@LAC 09/13/2026 04:25PM ET,ARI,8.85
,,,,,,,,,,,,,,RB,Kaleb Johnson (43727439),Kaleb Johnson,43727439,RB/FLEX,4400,ATL@PIT 09/13/2026 01:00PM ET,PIT,0.88
,,,,,,,,,,,,,,QB,Tyler Huntley (43727266),Tyler Huntley,43727266,QB,4300,BAL@IND 09/13/2026 01:00PM ET,BAL,8.03
,,,,,,,,,,,,,,RB,DJ Giddens (43727441),DJ Giddens,43727441,RB/FLEX,4300,BAL@IND 09/13/2026 01:00PM ET,IND,1.07
,,,,,,,,,,,,,,RB,Seth McGowan (43727443),Seth McGowan,43727443,RB/FLEX,4300,BAL@IND 09/13/2026 01:00PM ET,IND,0
,,,,,,,,,,,,,,WR,Jauan Jennings (43727721),Jauan Jennings,43727721,WR/FLEX,4300,GB@MIN 09/13/2026 04:25PM ET,MIN,11.13
,,,,,,,,,,,,,,RB,Jeremy McNichols (43727445),Jeremy McNichols,43727445,RB/FLEX,4300,WAS@PHI 09/13/2026 04:25PM ET,WAS,4.34
,,,,,,,,,,,,,,RB,LeQuint Allen Jr. (43727447),LeQuint Allen Jr.,43727447,RB/FLEX,4300,CLE@JAX 09/13/2026 01:00PM ET,JAX,1.5
,,,,,,,,,,,,,,WR,Jalen Nailor (43727719),Jalen Nailor,43727719,WR/FLEX,4300,MIA@LV 09/13/2026 04:25PM ET,LV,6.1
,,,,,,,,,,,,,,RB,Justice Hill (43727449),Justice Hill,43727449,RB/FLEX,4200,BAL@IND 09/13/2026 01:00PM ET,BAL,6.52
,,,,,,,,,,,,,,RB,Rasheen Ali (43727457),Rasheen Ali,43727457,RB/FLEX,4200,BAL@IND 09/13/2026 01:00PM ET,BAL,1.61
,,,,,,,,,,,,,,QB,Davis Mills (43727267),Davis Mills,43727267,QB,4200,BUF@HOU 09/13/2026 01:00PM ET,HOU,11.6
,,,,,,,,,,,,,,RB,Ty Johnson (43727453),Ty Johnson,43727453,RB/FLEX,4200,BUF@HOU 09/13/2026 01:00PM ET,BUF,5.9
,,,,,,,,,,,,,,WR,Antonio Williams (43727725),Antonio Williams,43727725,WR/FLEX,4200,WAS@PHI 09/13/2026 04:25PM ET,WAS,0
,,,,,,,,,,,,,,TE,Harold Fannin Jr. (43728231),Harold Fannin Jr.,43728231,TE/FLEX,4200,CLE@JAX 09/13/2026 01:00PM ET,CLE,11.9
,,,,,,,,,,,,,,RB,James Conner (43727451),James Conner,43727451,RB/FLEX,4200,ARI@LAC 09/13/2026 04:25PM ET,ARI,11.1
,,,,,,,,,,,,,,WR,Malik Washington (43727723),Malik Washington,43727723,WR/FLEX,4200,MIA@LV 09/13/2026 04:25PM ET,MIA,6.92
,,,,,,,,,,,,,,RB,Isaiah Davis (43727455),Isaiah Davis,43727455,RB/FLEX,4200,NYJ@TEN 09/13/2026 01:00PM ET,NYJ,4.45
,,,,,,,,,,,,,,RB,Tahj Brooks (43727461),Tahj Brooks,43727461,RB/FLEX,4100,TB@CIN 09/13/2026 01:00PM ET,CIN,0.4
,,,,,,,,,,,,,,RB,Will Shipley (43727463),Will Shipley,43727463,RB/FLEX,4100,WAS@PHI 09/13/2026 04:25PM ET,PHI,1.26
,,,,,,,,,,,,,,RB,Jerome Ford (43727465),Jerome Ford,43727465,RB/FLEX,4100,WAS@PHI 09/13/2026 04:25PM ET,WAS,3.35
,,,,,,,,,,,,,,WR,Dontayvion Wicks (43727727),Dontayvion Wicks,43727727,WR/FLEX,4100,WAS@PHI 09/13/2026 04:25PM ET,PHI,5.41
,,,,,,,,,,,,,,TE,Dallas Goedert (43728233),Dallas Goedert,43728233,TE/FLEX,4100,WAS@PHI 09/13/2026 04:25PM ET,PHI,12.97
,,,,,,,,,,,,,,WR,Jerry Jeudy (43727729),Jerry Jeudy,43727729,WR/FLEX,4100,CLE@JAX 09/13/2026 01:00PM ET,CLE,7.16
,,,,,,,,,,,,,,QB,Gardner Minshew II (43727268),Gardner Minshew II,43727268,QB,4100,ARI@LAC 09/13/2026 04:25PM ET,ARI,0.17
,,,,,,,,,,,,,,QB,Carson Beck (43727269),Carson Beck,43727269,QB,4100,ARI@LAC 09/13/2026 04:25PM ET,ARI,0
,,,,,,,,,,,,,,RB,Roman Hemby (43727459),Roman Hemby,43727459,RB/FLEX,4100,MIA@LV 09/13/2026 04:25PM ET,LV,0
,,,,,,,,,,,,,,WR,Omar Cooper Jr. (43727731),Omar Cooper Jr.,43727731,WR/FLEX,4100,NYJ@TEN 09/13/2026 01:00PM ET,NYJ,0
,,,,,,,,,,,,,,QB,Bailey Zappe (43727282),Bailey Zappe,43727282,QB,4000,NYJ@TEN 09/13/2026 01:00PM ET,NYJ,0
,,,,,,,,,,,,,,RB,Evan Hull (43727485),Evan Hull,43727485,RB/FLEX,4000,ARI@LAC 09/13/2026 04:25PM ET,ARI,1.07
,,,,,,,,,,,,,,RB,Jordan Mims (43727555),Jordan Mims,43727555,RB/FLEX,4000,WAS@PHI 09/13/2026 04:25PM ET,PHI,0
,,,,,,,,,,,,,,QB,Josh Johnson (43727278),Josh Johnson,43727278,QB,4000,TB@CIN 09/13/2026 01:00PM ET,CIN,5.48
,,,,,,,,,,,,,,QB,Sean Clifford (43727279),Sean Clifford,43727279,QB,4000,TB@CIN 09/13/2026 01:00PM ET,CIN,0
,,,,,,,,,,,,,,QB,Jake Browning (43727314),Jake Browning,43727314,QB,4000,TB@CIN 09/13/2026 01:00PM ET,TB,11.35
,,,,,,,,,,,,,,QB,Connor Bazelak (43727315),Connor Bazelak,43727315,QB,4000,TB@CIN 09/13/2026 01:00PM ET,TB,0
,,,,,,,,,,,,,,QB,Jalon Daniels (43727316),Jalon Daniels,43727316,QB,4000,TB@CIN 09/13/2026 01:00PM ET,TB,0
,,,,,,,,,,,,,,RB,Gary Brightwell (43727497),Gary Brightwell,43727497,RB/FLEX,4000,TB@CIN 09/13/2026 01:00PM ET,CIN,0
,,,,,,,,,,,,,,RB,Kendall Milton (43727499),Kendall Milton,43727499,RB/FLEX,4000,TB@CIN 09/13/2026 01:00PM ET,CIN,0.2
,,,,,,,,,,,,,,RB,Kentrel Bullock (43727501),Kentrel Bullock,43727501,RB/FLEX,4000,TB@CIN 09/13/2026 01:00PM ET,CIN,0
,,,,,,,,,,,,,,RB,Jamal Haynes (43727503),Jamal Haynes,43727503,RB/FLEX,4000,TB@CIN 09/13/2026 01:00PM ET,CIN,0
,,,,,,,,,,,,,,RB,Josh Williams (43727605),Josh Williams,43727605,RB/FLEX,4000,TB@CIN 09/13/2026 01:00PM ET,TB,0.37
,,,,,,,,,,,,,,RB,Kadarius Calloway (43727607),Kadarius Calloway,43727607,RB/FLEX,4000,TB@CIN 09/13/2026 01:00PM ET,TB,0
,,,,,,,,,,,,,,QB,Easton Stick (43727291),Easton Stick,43727291,QB,4000,BAL@IND 09/13/2026 01:00PM ET,IND,0
,,,,,,,,,,,,,,QB,Joe Fagnano (43727323),Joe Fagnano,43727323,QB,4000,BAL@IND 09/13/2026 01:00PM ET,BAL,0
,,,,,,,,,,,,,,QB,Skylar Thompson (43727324),Skylar Thompson,43727324,QB,4000,BAL@IND 09/13/2026 01:00PM ET,BAL,0
,,,,,,,,,,,,,,RB,Ulysses Bentley IV (43727535),Ulysses Bentley IV,43727535,RB/FLEX,4000,BAL@IND 09/13/2026 01:00PM ET,IND,0
,,,,,,,,,,,,,,RB,Anderson Castle (43727537),Anderson Castle,43727537,RB/FLEX,4000,BAL@IND 09/13/2026 01:00PM ET,IND,0
,,,,,,,,,,,,,,RB,Adam Randall (43727623),Adam Randall,43727623,RB/FLEX,4000,BAL@IND 09/13/2026 01:00PM ET,BAL,0
,,,,,,,,,,,,,,RB,Dontae McMillan (43727625),Dontae McMillan,43727625,RB/FLEX,4000,BAL@IND 09/13/2026 01:00PM ET,BAL,0
,,,,,,,,,,,,,,RB,Elijah Tau-Tolliver (43727627),Elijah Tau-Tolliver,43727627,RB/FLEX,4000,BAL@IND 09/13/2026 01:00PM ET,BAL,0
,,,,,,,,,,,,,,RB,Lucas Scott (43727629),Lucas Scott,43727629,RB/FLEX,4000,BAL@IND 09/13/2026 01:00PM ET,BAL,0
,,,,,,,,,,,,,,QB,Kyle Allen (43727272),Kyle Allen,43727272,QB,4000,BUF@HOU 09/13/2026 01:00PM ET,BUF,-0.1
,,,,,,,,,,,,,,QB,Shane Buechele (43727273),Shane Buechele,43727273,QB,4000,BUF@HOU 09/13/2026 01:00PM ET,BUF,3.92
,,,,,,,,,,,,,,QB,Graham Mertz (43727274),Graham Mertz,43727274,QB,4000,BUF@HOU 09/13/2026 01:00PM ET,HOU,0
,,,,,,,,,,,,,,RB,Frank Gore Jr. (43727473),Frank Gore Jr.,43727473,RB/FLEX,4000,BUF@HOU 09/13/2026 01:00PM ET,BUF,0.8
,,,,,,,,,,,,,,RB,Ian Wheeler (43727475),Ian Wheeler,43727475,RB/FLEX,4000,BUF@HOU 09/13/2026 01:00PM ET,BUF,0
,,,,,,,,,,,,,,RB,Jackson Acker (43727477),Jackson Acker,43727477,RB/FLEX,4000,BUF@HOU 09/13/2026 01:00PM ET,BUF,0
,,,,,,,,,,,,,,RB,Ben VanSumeren (43727479),Ben VanSumeren,43727479,RB/FLEX,4000,BUF@HOU 09/13/2026 01:00PM ET,BUF,0
,,,,,,,,,,,,,,RB,British Brooks (43727481),British Brooks,43727481,RB/FLEX,4000,BUF@HOU 09/13/2026 01:00PM ET,HOU,0.46
,,,,,,,,,,,,,,RB,Noah Whittington (43727483),Noah Whittington,43727483,RB/FLEX,4000,BUF@HOU 09/13/2026 01:00PM ET,HOU,0
,,,,,,,,,,,,,,RB,Joshua Pitsenberger (43727487),Joshua Pitsenberger,43727487,RB/FLEX,4000,BUF@HOU 09/13/2026 01:00PM ET,HOU,0
,,,,,,,,,,,,,,WR,Keon Coleman (43727733),Keon Coleman,43727733,WR/FLEX,4000,BUF@HOU 09/13/2026 01:00PM ET,BUF,7.93
,,,,,,,,,,,,,,QB,Tyrod Taylor (43727285),Tyrod Taylor,43727285,QB,4000,GB@MIN 09/13/2026 04:25PM ET,GB,10.91
,,,,,,,,,,,,,,QB,Kyle McCord (43727286),Kyle McCord,43727286,QB,4000,GB@MIN 09/13/2026 04:25PM ET,GB,0
,,,,,,,,,,,,,,QB,Kyron Drones (43727287),Kyron Drones,43727287,QB,4000,GB@MIN 09/13/2026 04:25PM ET,GB,0
,,,,,,,,,,,,,,QB,Carson Wentz (43727297),Carson Wentz,43727297,QB,4000,GB@MIN 09/13/2026 04:25PM ET,MIN,16.27
,,,,,,,,,,,,,,QB,Max Brosmer (43727298),Max Brosmer,43727298,QB,4000,GB@MIN 09/13/2026 04:25PM ET,MIN,1.32
,,,,,,,,,,,,,,RB,Pierre Strong Jr. (43727523),Pierre Strong Jr.,43727523,RB/FLEX,4000,GB@MIN 09/13/2026 04:25PM ET,GB,0
,,,,,,,,,,,,,,RB,Damien Martinez (43727525),Damien Martinez,43727525,RB/FLEX,4000,GB@MIN 09/13/2026 04:25PM ET,GB,0
,,,,,,,,,,,,,,RB,Jaden Nixon (43727527),Jaden Nixon,43727527,RB/FLEX,4000,GB@MIN 09/13/2026 04:25PM ET,GB,0
,,,,,,,,,,,,,,RB,Zavier Scott (43727553),Zavier Scott,43727553,RB/FLEX,4000,GB@MIN 09/13/2026 04:25PM ET,MIN,2.51
,,,,,,,,,,,,,,RB,Kejon Owens (43727557),Kejon Owens,43727557,RB/FLEX,4000,GB@MIN 09/13/2026 04:25PM ET,MIN,0
,,,,,,,,,,,,,,RB,Max Bredeson (43727559),Max Bredeson,43727559,RB/FLEX,4000,GB@MIN 09/13/2026 04:25PM ET,MIN,0
,,,,,,,,,,,,,,QB,Andy Dalton (43727305),Andy Dalton,43727305,QB,4000,WAS@PHI 09/13/2026 04:25PM ET,PHI,3.13
,,,,,,,,,,,,,,QB,Tanner McKee (43727306),Tanner McKee,43727306,QB,4000,WAS@PHI 09/13/2026 04:25PM ET,PHI,3.69
,,,,,,,,,,,,,,QB,Cole Payton (43727307),Cole Payton,43727307,QB,4000,WAS@PHI 09/13/2026 04:25PM ET,PHI,0
,,,,,,,,,,,,,,QB,Sam Hartman (43727317),Sam Hartman,43727317,QB,4000,WAS@PHI 09/13/2026 04:25PM ET,WAS,0
,,,,,,,,,,,,,,QB,Athan Kaliakmanis (43727318),Athan Kaliakmanis,43727318,QB,4000,WAS@PHI 09/13/2026 04:25PM ET,WAS,0
,,,,,,,,,,,,,,RB,Dameon Pierce (43727577),Dameon Pierce,43727577,RB/FLEX,4000,WAS@PHI 09/13/2026 04:25PM ET,PHI,0.72
,,,,,,,,,,,,,,RB,Elijah Mitchell (43727579),Elijah Mitchell,43727579,RB/FLEX,4000,WAS@PHI 09/13/2026 04:25PM ET,PHI,0
,,,,,,,,,,,,,,RB,Carson Steele (43727581),Carson Steele,43727581,RB/FLEX,4000,WAS@PHI 09/13/2026 04:25PM ET,PHI,0
,,,,,,,,,,,,,,RB,Robert Henry Jr. (43727609),Robert Henry Jr.,43727609,RB/FLEX,4000,WAS@PHI 09/13/2026 04:25PM ET,WAS,0
,,,,,,,,,,,,,,TE,Chig Okonkwo (43728235),Chig Okonkwo,43728235,TE/FLEX,4000,WAS@PHI 09/13/2026 04:25PM ET,WAS,7.29
,,,,,,,,,,,,,,QB,Teddy Bridgewater (43727283),Teddy Bridgewater,43727283,QB,4000,NO@DET 09/13/2026 01:00PM ET,DET,0.72
,,,,,,,,,,,,,,QB,Luke Altmyer (43727284),Luke Altmyer,43727284,QB,4000,NO@DET 09/13/2026 01:00PM ET,DET,0
,,,,,,,,,,,,,,QB,Spencer Rattler (43727299),Spencer Rattler,43727299,QB,4000,NO@DET 09/13/2026 01:00PM ET,NO,11.79
,,,,,,,,,,,,,,QB,Zach Wilson (43727300),Zach Wilson,43727300,QB,4000,NO@DET 09/13/2026 01:00PM ET,NO,0.34
,,,,,,,,,,,,,,QB,Hunter Dekkers (43727301),Hunter Dekkers,43727301,QB,4000,NO@DET 09/13/2026 01:00PM ET,NO,0
,,,,,,,,,,,,,,RB,Sione Vaki (43727515),Sione Vaki,43727515,RB/FLEX,4000,NO@DET 09/13/2026 01:00PM ET,DET,0.04
,,,,,,,,,,,,,,RB,Jacob Saylors (43727517),Jacob Saylors,43727517,RB/FLEX,4000,NO@DET 09/13/2026 01:00PM ET,DET,0.07
,,,,,,,,,,,,,,RB,Jabari Small (43727519),Jabari Small,43727519,RB/FLEX,4000,NO@DET 09/13/2026 01:00PM ET,DET,0
,,,,,,,,,,,,,,RB,Kye Robichaux (43727521),Kye Robichaux,43727521,RB/FLEX,4000,NO@DET 09/13/2026 01:00PM ET,DET,0
,,,,,,,,,,,,,,RB,Kendre Miller (43727561),Kendre Miller,43727561,RB/FLEX,4000,NO@DET 09/13/2026 01:00PM ET,NO,4.76
,,,,,,,,,,,,,,RB,Ty Chandler (43727563),Ty Chandler,43727563,RB/FLEX,4000,NO@DET 09/13/2026 01:00PM ET,NO,2.93
,,,,,,,,,,,,,,RB,Audric Estime (43727565),Audric Estime,43727565,RB/FLEX,4000,NO@DET 09/13/2026 01:00PM ET,NO,6.87
,,,,,,,,,,,,,,RB,CJ Donaldson (43727567),CJ Donaldson,43727567,RB/FLEX,4000,NO@DET 09/13/2026 01:00PM ET,NO,0
,,,,,,,,,,,,,,QB,Dillon Gabriel (43727280),Dillon Gabriel,43727280,QB,4000,CLE@JAX 09/13/2026 01:00PM ET,CLE,7.21
,,,,,,,,,,,,,,QB,Taylen Green (43727281),Taylen Green,43727281,QB,4000,CLE@JAX 09/13/2026 01:00PM ET,CLE,0
,,,,,,,,,,,,,,QB,Nick Mullens (43727321),Nick Mullens,43727321,QB,4000,CLE@JAX 09/13/2026 01:00PM ET,JAX,-0.01
,,,,,,,,,,,,,,QB,Joey Aguilar (43727322),Joey Aguilar,43727322,QB,4000,CLE@JAX 09/13/2026 01:00PM ET,JAX,0
,,,,,,,,,,,,,,RB,Raheim Sanders (43727505),Raheim Sanders,43727505,RB/FLEX,4000,CLE@JAX 09/13/2026 01:00PM ET,CLE,4.06
,,,,,,,,,,,,,,RB,Ahmani Marshall (43727507),Ahmani Marshall,43727507,RB/FLEX,4000,CLE@JAX 09/13/2026 01:00PM ET,CLE,0
,,,,,,,,,,,,,,RB,Davon Booth (43727509),Davon Booth,43727509,RB/FLEX,4000,CLE@JAX 09/13/2026 01:00PM ET,CLE,0
,,,,,,,,,,,,,,RB,TJ Harden (43727511),TJ Harden,43727511,RB/FLEX,4000,CLE@JAX 09/13/2026 01:00PM ET,CLE,0
,,,,,,,,,,,,,,RB,Michael Burton (43727513),Michael Burton,43727513,RB/FLEX,4000,CLE@JAX 09/13/2026 01:00PM ET,CLE,0
,,,,,,,,,,,,,,RB,Ameer Abdullah (43727617),Ameer Abdullah,43727617,RB/FLEX,4000,CLE@JAX 09/13/2026 01:00PM ET,JAX,2.84
,,,,,,,,,,,,,,RB,DeeJay Dallas (43727619),DeeJay Dallas,43727619,RB/FLEX,4000,CLE@JAX 09/13/2026 01:00PM ET,JAX,0.35
,,,,,,,,,,,,,,RB,J'Mari Taylor (43727621),J'Mari Taylor,43727621,RB/FLEX,4000,CLE@JAX 09/13/2026 01:00PM ET,JAX,0
,,,,,,,,,,,,,,QB,Kedon Slovis (43727308),Kedon Slovis,43727308,QB,4000,ARI@LAC 09/13/2026 04:25PM ET,ARI,-0.04
,,,,,,,,,,,,,,QB,Trey Lance (43727312),Trey Lance,43727312,QB,4000,ARI@LAC 09/13/2026 04:25PM ET,LAC,3.88
,,,,,,,,,,,,,,QB,DJ Uiagalelei (43727313),DJ Uiagalelei,43727313,QB,4000,ARI@LAC 09/13/2026 04:25PM ET,LAC,0
,,,,,,,,,,,,,,RB,Zonovan Knight (43727583),Zonovan Knight,43727583,RB/FLEX,4000,ARI@LAC 09/13/2026 04:25PM ET,ARI,7.82
,,,,,,,,,,,,,,RB,Corey Kiner (43727585),Corey Kiner,43727585,RB/FLEX,4000,ARI@LAC 09/13/2026 04:25PM ET,ARI,2.32
,,,,,,,,,,,,,,RB,Jaret Patterson (43727595),Jaret Patterson,43727595,RB/FLEX,4000,ARI@LAC 09/13/2026 04:25PM ET,LAC,3.67
,,,,,,,,,,,,,,RB,Amar Johnson (43727597),Amar Johnson,43727597,RB/FLEX,4000,ARI@LAC 09/13/2026 04:25PM ET,LAC,0.4
,,,,,,,,,,,,,,RB,Gregory Desrosiers (43727599),Gregory Desrosiers,43727599,RB/FLEX,4000,ARI@LAC 09/13/2026 04:25PM ET,LAC,0
,,,,,,,,,,,,,,RB,Alec Ingold (43727601),Alec Ingold,43727601,RB/FLEX,4000,ARI@LAC 09/13/2026 04:25PM ET,LAC,0.83
,,,,,,,,,,,,,,RB,Scott Matlock (43727603),Scott Matlock,43727603,RB/FLEX,4000,ARI@LAC 09/13/2026 04:25PM ET,LAC,0.66
,,,,,,,,,,,,,,QB,Aidan O'Connell (43727292),Aidan O'Connell,43727292,QB,4000,MIA@LV 09/13/2026 04:25PM ET,LV,4.78
,,,,,,,,,,,,,,QB,Jacob Clark (43727293),Jacob Clark,43727293,QB,4000,MIA@LV 09/13/2026 04:25PM ET,LV,0
,,,,,,,,,,,,,,QB,Quinn Ewers (43727294),Quinn Ewers,43727294,QB,4000,MIA@LV 09/13/2026 04:25PM ET,MIA,9.04
,,,,,,,,,,,,,,QB,Cam Miller (43727295),Cam Miller,43727295,QB,4000,MIA@LV 09/13/2026 04:25PM ET,MIA,0
,,,,,,,,,,,,,,QB,Mark Gronowski (43727296),Mark Gronowski,43727296,QB,4000,MIA@LV 09/13/2026 04:25PM ET,MIA,0
,,,,,,,,,,,,,,RB,Dylan Laube (43727539),Dylan Laube,43727539,RB/FLEX,4000,MIA@LV 09/13/2026 04:25PM ET,LV,0.28
,,,,,,,,,,,,,,RB,Chris Collier (43727541),Chris Collier,43727541,RB/FLEX,4000,MIA@LV 09/13/2026 04:25PM ET,LV,0
,,,,,,,,,,,,,,RB,Connor Heyward (43727543),Connor Heyward,43727543,RB/FLEX,4000,MIA@LV 09/13/2026 04:25PM ET,LV,1.52
,,,,,,,,,,,,,,RB,Donovan Edwards (43727545),Donovan Edwards,43727545,RB/FLEX,4000,MIA@LV 09/13/2026 04:25PM ET,MIA,0
,,,,,,,,,,,,,,RB,Carlos Washington Jr. (43727547),Carlos Washington Jr.,43727547,RB/FLEX,4000,MIA@LV 09/13/2026 04:25PM ET,MIA,0
,,,,,,,,,,,,,,RB,Anthony Hankerson (43727549),Anthony Hankerson,43727549,RB/FLEX,4000,MIA@LV 09/13/2026 04:25PM ET,MIA,0
,,,,,,,,,,,,,,RB,DJ Herman (43727551),DJ Herman,43727551,RB/FLEX,4000,MIA@LV 09/13/2026 04:25PM ET,MIA,0
,,,,,,,,,,,,,,WR,Tre Tucker (43727735),Tre Tucker,43727735,WR/FLEX,4000,MIA@LV 09/13/2026 04:25PM ET,LV,9.69
,,,,,,,,,,,,,,QB,Mitchell Trubisky (43727288),Mitchell Trubisky,43727288,QB,4000,NYJ@TEN 09/13/2026 01:00PM ET,TEN,7.78
,,,,,,,,,,,,,,QB,Will Levis (43727289),Will Levis,43727289,QB,4000,NYJ@TEN 09/13/2026 01:00PM ET,TEN,0
,,,,,,,,,,,,,,QB,Hendon Hooker (43727290),Hendon Hooker,43727290,QB,4000,NYJ@TEN 09/13/2026 01:00PM ET,TEN,0
,,,,,,,,,,,,,,QB,Cade Klubnik (43727302),Cade Klubnik,43727302,QB,4000,NYJ@TEN 09/13/2026 01:00PM ET,NYJ,0
,,,,,,,,,,,,,,QB,Brady Cook (43727303),Brady Cook,43727303,QB,4000,NYJ@TEN 09/13/2026 01:00PM ET,NYJ,7.29
,,,,,,,,,,,,,,QB,Adrian Martinez (43727304),Adrian Martinez,43727304,QB,4000,NYJ@TEN 09/13/2026 01:00PM ET,NYJ,-0.1
,,,,,,,,,,,,,,RB,Michael Carter (43727529),Michael Carter,43727529,RB/FLEX,4000,NYJ@TEN 09/13/2026 01:00PM ET,TEN,7.62
,,,,,,,,,,,,,,RB,Kalel Mullings (43727531),Kalel Mullings,43727531,RB/FLEX,4000,NYJ@TEN 09/13/2026 01:00PM ET,TEN,0.08
,,,,,,,,,,,,,,RB,Julius Chestnut (43727533),Julius Chestnut,43727533,RB/FLEX,4000,NYJ@TEN 09/13/2026 01:00PM ET,TEN,0.24
,,,,,,,,,,,,,,RB,Kene Nwangwu (43727569),Kene Nwangwu,43727569,RB/FLEX,4000,NYJ@TEN 09/13/2026 01:00PM ET,NYJ,0.91
,,,,,,,,,,,,,,RB,Sam Scott (43727571),Sam Scott,43727571,RB/FLEX,4000,NYJ@TEN 09/13/2026 01:00PM ET,NYJ,0
,,,,,,,,,,,,,,RB,Chip Trayanum (43727573),Chip Trayanum,43727573,RB/FLEX,4000,NYJ@TEN 09/13/2026 01:00PM ET,NYJ,0
,,,,,,,,,,,,,,RB,Andrew Beck (43727575),Andrew Beck,43727575,RB/FLEX,4000,NYJ@TEN 09/13/2026 01:00PM ET,NYJ,1.35
,,,,,,,,,,,,,,WR,Adonai Mitchell (43727737),Adonai Mitchell,43727737,WR/FLEX,4000,NYJ@TEN 09/13/2026 01:00PM ET,NYJ,5.74
,,,,,,,,,,,,,,QB,Jack Strand (43727270),Jack Strand,43727270,QB,4000,ATL@PIT 09/13/2026 01:00PM ET,ATL,0
,,,,,,,,,,,,,,QB,Cooper Rush (43727271),Cooper Rush,43727271,QB,4000,ATL@PIT 09/13/2026 01:00PM ET,ATL,1.68
,,,,,,,,,,,,,,QB,Mason Rudolph (43727309),Mason Rudolph,43727309,QB,4000,ATL@PIT 09/13/2026 01:00PM ET,PIT,3.01
,,,,,,,,,,,,,,QB,Will Howard (43727310),Will Howard,43727310,QB,4000,ATL@PIT 09/13/2026 01:00PM ET,PIT,0
,,,,,,,,,,,,,,QB,Drew Allar (43727311),Drew Allar,43727311,QB,4000,ATL@PIT 09/13/2026 01:00PM ET,PIT,0
,,,,,,,,,,,,,,RB,Tyler Goodson (43727467),Tyler Goodson,43727467,RB/FLEX,4000,ATL@PIT 09/13/2026 01:00PM ET,ATL,0.47
,,,,,,,,,,,,,,RB,Nathan Carter (43727469),Nathan Carter,43727469,RB/FLEX,4000,ATL@PIT 09/13/2026 01:00PM ET,ATL,0.71
,,,,,,,,,,,,,,RB,Cash Jones (43727471),Cash Jones,43727471,RB/FLEX,4000,ATL@PIT 09/13/2026 01:00PM ET,ATL,0
,,,,,,,,,,,,,,RB,Eli Heidenreich (43727587),Eli Heidenreich,43727587,RB/FLEX,4000,ATL@PIT 09/13/2026 01:00PM ET,PIT,0
,,,,,,,,,,,,,,RB,Travis Homer (43727589),Travis Homer,43727589,RB/FLEX,4000,ATL@PIT 09/13/2026 01:00PM ET,PIT,-0.02
,,,,,,,,,,,,,,RB,Lew Nichols (43727591),Lew Nichols,43727591,RB/FLEX,4000,ATL@PIT 09/13/2026 01:00PM ET,PIT,0
,,,,,,,,,,,,,,RB,Riley Nowakowski (43727593),Riley Nowakowski,43727593,RB/FLEX,4000,ATL@PIT 09/13/2026 01:00PM ET,PIT,0
,,,,,,,,,,,,,,QB,Tyson Bagent (43727275),Tyson Bagent,43727275,QB,4000,CHI@CAR 09/13/2026 01:00PM ET,CHI,0.86
,,,,,,,,,,,,,,QB,Case Keenum (43727276),Case Keenum,43727276,QB,4000,CHI@CAR 09/13/2026 01:00PM ET,CHI,0
,,,,,,,,,,,,,,QB,Miller Moss (43727277),Miller Moss,43727277,QB,4000,CHI@CAR 09/13/2026 01:00PM ET,CHI,0
,,,,,,,,,,,,,,QB,Kenny Pickett (43727319),Kenny Pickett,43727319,QB,4000,CHI@CAR 09/13/2026 01:00PM ET,CAR,1.79
,,,,,,,,,,,,,,QB,Haynes King (43727320),Haynes King,43727320,QB,4000,CHI@CAR 09/13/2026 01:00PM ET,CAR,0
,,,,,,,,,,,,,,RB,Roschon Johnson (43727489),Roschon Johnson,43727489,RB/FLEX,4000,CHI@CAR 09/13/2026 01:00PM ET,CHI,0.24
,,,,,,,,,,,,,,RB,Brittain Brown (43727491),Brittain Brown,43727491,RB/FLEX,4000,CHI@CAR 09/13/2026 01:00PM ET,CHI,3.23
,,,,,,,,,,,,,,RB,Salvon Ahmed (43727493),Salvon Ahmed,43727493,RB/FLEX,4000,CHI@CAR 09/13/2026 01:00PM ET,CHI,0
,,,,,,,,,,,,,,RB,Coleman Bennett (43727495),Coleman Bennett,43727495,RB/FLEX,4000,CHI@CAR 09/13/2026 01:00PM ET,CHI,0
,,,,,,,,,,,,,,RB,AJ Dillon (43727611),AJ Dillon,43727611,RB/FLEX,4000,CHI@CAR 09/13/2026 01:00PM ET,CAR,1.44
,,,,,,,,,,,,,,RB,Anthony Tyus III (43727613),Anthony Tyus III,43727613,RB/FLEX,4000,CHI@CAR 09/13/2026 01:00PM ET,CAR,0
,,,,,,,,,,,,,,RB,Miles Davis (43727615),Miles Davis,43727615,RB/FLEX,4000,CHI@CAR 09/13/2026 01:00PM ET,CAR,0
,,,,,,,,,,,,,,WR,Rashod Bateman (43727741),Rashod Bateman,43727741,WR/FLEX,3900,BAL@IND 09/13/2026 01:00PM ET,BAL,4.26
,,,,,,,,,,,,,,TE,Mark Andrews (43728237),Mark Andrews,43728237,TE/FLEX,3900,BAL@IND 09/13/2026 01:00PM ET,BAL,7.71
,,,,,,,,,,,,,,WR,Isaac TeSlaa (43727739),Isaac TeSlaa,43727739,WR/FLEX,3900,NO@DET 09/13/2026 01:00PM ET,DET,4.46
,,,,,,,,,,,,,,WR,Germie Bernard (43727743),Germie Bernard,43727743,WR/FLEX,3900,ATL@PIT 09/13/2026 01:00PM ET,PIT,0
,,,,,,,,,,,,,,WR,Hollywood Brown (43727757),Hollywood Brown,43727757,WR/FLEX,3800,WAS@PHI 09/13/2026 04:25PM ET,PHI,8.61
,,,,,,,,,,,,,,WR,Tre' Harris (43727747),Tre' Harris,43727747,WR/FLEX,3800,ARI@LAC 09/13/2026 04:25PM ET,LAC,4.08
,,,,,,,,,,,,,,TE,Kenyon Sadiq (43728239),Kenyon Sadiq,43728239,TE/FLEX,3800,NYJ@TEN 09/13/2026 01:00PM ET,NYJ,0
,,,,,,,,,,,,,,WR,Zachariah Branch (43727745),Zachariah Branch,43727745,WR/FLEX,3800,ATL@PIT 09/13/2026 01:00PM ET,ATL,0
,,,,,,,,,,,,,,TE,Cade Otton (43728243),Cade Otton,43728243,TE/FLEX,3700,TB@CIN 09/13/2026 01:00PM ET,TB,7.64
,,,,,,,,,,,,,,WR,Nick Westbrook-Ikhine (43727753),Nick Westbrook-Ikhine,43727753,WR/FLEX,3700,BAL@IND 09/13/2026 01:00PM ET,IND,1.33
,,,,,,,,,,,,,,WR,Tank Dell (43727751),Tank Dell,43727751,WR/FLEX,3700,BUF@HOU 09/13/2026 01:00PM ET,HOU,0
,,,,,,,,,,,,,,TE,Juwan Johnson (43728241),Juwan Johnson,43728241,TE/FLEX,3700,NO@DET 09/13/2026 01:00PM ET,NO,10.7
,,,,,,,,,,,,,,WR,Tutu Atwell (43727755),Tutu Atwell,43727755,WR/FLEX,3700,MIA@LV 09/13/2026 04:25PM ET,MIA,2.84
,,,,,,,,,,,,,,WR,Jahan Dotson (43727749),Jahan Dotson,43727749,WR/FLEX,3700,ATL@PIT 09/13/2026 01:00PM ET,ATL,2.79
,,,,,,,,,,,,,,WR,Xavier Legette (43727767),Xavier Legette,43727767,WR/FLEX,3700,CHI@CAR 09/13/2026 01:00PM ET,CAR,5.69
,,,,,,,,,,,,,,WR,Jaylin Noel (43727761),Jaylin Noel,43727761,WR/FLEX,3600,BUF@HOU 09/13/2026 01:00PM ET,HOU,3.6
,,,,,,,,,,,,,,TE,Brenton Strange (43728245),Brenton Strange,43728245,TE/FLEX,3600,CLE@JAX 09/13/2026 01:00PM ET,JAX,9.3
,,,,,,,,,,,,,,WR,Kendrick Bourne (43727765),Kendrick Bourne,43727765,WR/FLEX,3600,ARI@LAC 09/13/2026 04:25PM ET,ARI,5.45
,,,,,,,,,,,,,,WR,Jack Bech (43727759),Jack Bech,43727759,WR/FLEX,3600,MIA@LV 09/13/2026 04:25PM ET,LV,2.65
,,,,,,,,,,,,,,WR,Elic Ayomanor (43727769),Elic Ayomanor,43727769,WR/FLEX,3600,NYJ@TEN 09/13/2026 01:00PM ET,TEN,7.28
,,,,,,,,,,,,,,WR,Zavion Thomas (43727763),Zavion Thomas,43727763,WR/FLEX,3600,CHI@CAR 09/13/2026 01:00PM ET,CHI,0
,,,,,,,,,,,,,,WR,Deion Burks (43727775),Deion Burks,43727775,WR/FLEX,3500,BAL@IND 09/13/2026 01:00PM ET,IND,0
,,,,,,,,,,,,,,WR,Joshua Palmer (43727773),Joshua Palmer,43727773,WR/FLEX,3500,BUF@HOU 09/13/2026 01:00PM ET,BUF,4.36
,,,,,,,,,,,,,,WR,Luke McCaffrey (43727781),Luke McCaffrey,43727781,WR/FLEX,3500,WAS@PHI 09/13/2026 04:25PM ET,WAS,5.7
,,,,,,,,,,,,,,WR,Devaughn Vele (43727779),Devaughn Vele,43727779,WR/FLEX,3500,NO@DET 09/13/2026 01:00PM ET,NO,5.1
,,,,,,,,,,,,,,TE,Oronde Gadsden II (43728249),Oronde Gadsden II,43728249,TE/FLEX,3500,ARI@LAC 09/13/2026 04:25PM ET,LAC,8.84
,,,,,,,,,,,,,,DST,Chargers  (43728525),Chargers ,43728525,DST,3500,ARI@LAC 09/13/2026 04:25PM ET,LAC,6.72
,,,,,,,,,,,,,,WR,Jalen Tolbert (43727777),Jalen Tolbert,43727777,WR/FLEX,3500,MIA@LV 09/13/2026 04:25PM ET,MIA,3.56
,,,,,,,,,,,,,,TE,Greg Dulcich (43728247),Greg Dulcich,43728247,TE/FLEX,3500,MIA@LV 09/13/2026 04:25PM ET,MIA,6.38
,,,,,,,,,,,,,,WR,Olamide Zaccheaus (43727771),Olamide Zaccheaus,43727771,WR/FLEX,3500,ATL@PIT 09/13/2026 01:00PM ET,ATL,5.25
,,,,,,,,,,,,,,WR,Elijah Sarratt (43727793),Elijah Sarratt,43727793,WR/FLEX,3400,BAL@IND 09/13/2026 01:00PM ET,BAL,0
,,,,,,,,,,,,,,TE,Dalton Schultz (43728251),Dalton Schultz,43728251,TE/FLEX,3400,BUF@HOU 09/13/2026 01:00PM ET,HOU,9.93
,,,,,,,,,,,,,,WR,Treylon Burks (43727789),Treylon Burks,43727789,WR/FLEX,3400,WAS@PHI 09/13/2026 04:25PM ET,WAS,3.62
,,,,,,,,,,,,,,WR,Greg Dortch (43727785),Greg Dortch,43727785,WR/FLEX,3400,NO@DET 09/13/2026 01:00PM ET,DET,6.26
,,,,,,,,,,,,,,WR,Cedric Tillman (43727783),Cedric Tillman,43727783,WR/FLEX,3400,CLE@JAX 09/13/2026 01:00PM ET,CLE,4.62
,,,,,,,,,,,,,,WR,Travis Hunter (43727791),Travis Hunter,43727791,WR/FLEX,3400,CLE@JAX 09/13/2026 01:00PM ET,JAX,9.54
,,,,,,,,,,,,,,DST,Jaguars  (43728526),Jaguars ,43728526,DST,3400,CLE@JAX 09/13/2026 01:00PM ET,JAX,8.17
,,,,,,,,,,,,,,WR,Chimere Dike (43727787),Chimere Dike,43727787,WR/FLEX,3400,NYJ@TEN 09/13/2026 01:00PM ET,TEN,7.48
,,,,,,,,,,,,,,TE,Pat Freiermuth (43728253),Pat Freiermuth,43728253,TE/FLEX,3400,ATL@PIT 09/13/2026 01:00PM ET,PIT,6.63
,,,,,,,,,,,,,,WR,Andrei Iosivas (43727797),Andrei Iosivas,43727797,WR/FLEX,3300,TB@CIN 09/13/2026 01:00PM ET,CIN,5.29
,,,,,,,,,,,,,,WR,Ted Hurst III (43727805),Ted Hurst III,43727805,WR/FLEX,3300,TB@CIN 09/13/2026 01:00PM ET,TB,0
,,,,,,,,,,,,,,TE,T.J. Hockenson (43728257),T.J. Hockenson,43728257,TE/FLEX,3300,GB@MIN 09/13/2026 04:25PM ET,MIN,7.52
,,,,,,,,,,,,,,WR,Isaiah Bond (43727799),Isaiah Bond,43727799,WR/FLEX,3300,CLE@JAX 09/13/2026 01:00PM ET,CLE,3.42
,,,,,,,,,,,,,,WR,Brenen Thompson (43727803),Brenen Thompson,43727803,WR/FLEX,3300,ARI@LAC 09/13/2026 04:25PM ET,LAC,0
,,,,,,,,,,,,,,WR,Dont'e Thornton Jr. (43727801),Dont'e Thornton Jr.,43727801,WR/FLEX,3300,MIA@LV 09/13/2026 04:25PM ET,LV,1.57
,,,,,,,,,,,,,,DST,Steelers  (43728527),Steelers ,43728527,DST,3300,ATL@PIT 09/13/2026 01:00PM ET,PIT,7.78
,,,,,,,,,,,,,,WR,Kalif Raymond (43727795),Kalif Raymond,43727795,WR/FLEX,3300,CHI@CAR 09/13/2026 01:00PM ET,CHI,4.45
,,,,,,,,,,,,,,TE,Cole Kmet (43728255),Cole Kmet,43728255,TE/FLEX,3300,CHI@CAR 09/13/2026 01:00PM ET,CHI,5.05
,,,,,,,,,,,,,,WR,Devontez Walker (43727807),Devontez Walker,43727807,WR/FLEX,3200,BAL@IND 09/13/2026 01:00PM ET,BAL,3.13
,,,,,,,,,,,,,,WR,Ashton Dulin (43727813),Ashton Dulin,43727813,WR/FLEX,3200,BAL@IND 09/13/2026 01:00PM ET,IND,1.67
,,,,,,,,,,,,,,WR,Xavier Hutchinson (43727809),Xavier Hutchinson,43727809,WR/FLEX,3200,BUF@HOU 09/13/2026 01:00PM ET,HOU,5.82
,,,,,,,,,,,,,,WR,Savion Williams (43727811),Savion Williams,43727811,WR/FLEX,3200,GB@MIN 09/13/2026 04:25PM ET,GB,2.21
,,,,,,,,,,,,,,WR,Dyami Brown (43727817),Dyami Brown,43727817,WR/FLEX,3200,WAS@PHI 09/13/2026 04:25PM ET,WAS,3.62
,,,,,,,,,,,,,,DST,Eagles  (43728529),Eagles ,43728529,DST,3200,WAS@PHI 09/13/2026 04:25PM ET,PHI,7.78
,,,,,,,,,,,,,,TE,Noah Fant (43728261),Noah Fant,43728261,TE/FLEX,3200,NO@DET 09/13/2026 01:00PM ET,NO,5.19
,,,,,,,,,,,,,,DST,Lions  (43728528),Lions ,43728528,DST,3200,NO@DET 09/13/2026 01:00PM ET,DET,5.71
,,,,,,,,,,,,,,WR,Chris Bell (43727815),Chris Bell,43727815,WR/FLEX,3200,MIA@LV 09/13/2026 04:25PM ET,MIA,0
,,,,,,,,,,,,,,TE,Gunnar Helm (43728259),Gunnar Helm,43728259,TE/FLEX,3200,NYJ@TEN 09/13/2026 01:00PM ET,TEN,5.73
,,,,,,,,,,,,,,WR,John Metchie III (43727819),John Metchie III,43727819,WR/FLEX,3200,CHI@CAR 09/13/2026 01:00PM ET,CAR,4.49
,,,,,,,,,,,,,,WR,Colbie Young (43727825),Colbie Young,43727825,WR/FLEX,3100,TB@CIN 09/13/2026 01:00PM ET,CIN,0
,,,,,,,,,,,,,,WR,Tez Johnson (43727835),Tez Johnson,43727835,WR/FLEX,3100,TB@CIN 09/13/2026 01:00PM ET,TB,5.78
,,,,,,,,,,,,,,TE,Mike Gesicki (43728263),Mike Gesicki,43728263,TE/FLEX,3100,TB@CIN 09/13/2026 01:00PM ET,CIN,5.44
,,,,,,,,,,,,,,WR,Ja'Kobi Lane (43727839),Ja'Kobi Lane,43727839,WR/FLEX,3100,BAL@IND 09/13/2026 01:00PM ET,BAL,0
,,,,,,,,,,,,,,WR,Skyler Bell (43727821),Skyler Bell,43727821,WR/FLEX,3100,BUF@HOU 09/13/2026 01:00PM ET,BUF,0
,,,,,,,,,,,,,,TE,Dawson Knox (43728267),Dawson Knox,43728267,TE/FLEX,3100,BUF@HOU 09/13/2026 01:00PM ET,BUF,6.1
,,,,,,,,,,,,,,DST,Bills  (43728530),Bills ,43728530,DST,3100,BUF@HOU 09/13/2026 01:00PM ET,BUF,6.10
,,,,,,,,,,,,,,WR,Jaylin Lane (43727837),Jaylin Lane,43727837,WR/FLEX,3100,WAS@PHI 09/13/2026 04:25PM ET,WAS,3.35
,,,,,,,,,,,,,,TE,Eli Stowers (43728265),Eli Stowers,43728265,TE/FLEX,3100,WAS@PHI 09/13/2026 04:25PM ET,PHI,0
,,,,,,,,,,,,,,WR,Bryce Lance (43727829),Bryce Lance,43727829,WR/FLEX,3100,NO@DET 09/13/2026 01:00PM ET,NO,0
,,,,,,,,,,,,,,WR,Xavier Weaver (43727831),Xavier Weaver,43727831,WR/FLEX,3100,ARI@LAC 09/13/2026 04:25PM ET,ARI,1.37
,,,,,,,,,,,,,,WR,Malik Benson (43727827),Malik Benson,43727827,WR/FLEX,3100,MIA@LV 09/13/2026 04:25PM ET,LV,0
,,,,,,,,,,,,,,DST,Titans  (43728531),Titans ,43728531,DST,3100,NYJ@TEN 09/13/2026 01:00PM ET,TEN,4.76
,,,,,,,,,,,,,,WR,Roman Wilson (43727833),Roman Wilson,43727833,WR/FLEX,3100,ATL@PIT 09/13/2026 01:00PM ET,PIT,3.05
,,,,,,,,,,,,,,WR,Jahdae Walker (43727823),Jahdae Walker,43727823,WR/FLEX,3100,CHI@CAR 09/13/2026 01:00PM ET,CHI,2.97
,,,,,,,,,,,,,,WR,Chris Hilton Jr. (43728159),Chris Hilton Jr.,43728159,WR/FLEX,3000,GB@MIN 09/13/2026 04:25PM ET,GB,0
,,,,,,,,,,,,,,WR,Ben Patterson (43728191),Ben Patterson,43728191,WR/FLEX,3000,CLE@JAX 09/13/2026 01:00PM ET,CLE,0
,,,,,,,,,,,,,,WR,Mitch Tinsley (43727899),Mitch Tinsley,43727899,WR/FLEX,3000,TB@CIN 09/13/2026 01:00PM ET,CIN,1.86
,,,,,,,,,,,,,,WR,Charlie Jones (43727901),Charlie Jones,43727901,WR/FLEX,3000,TB@CIN 09/13/2026 01:00PM ET,CIN,0.43
,,,,,,,,,,,,,,WR,Ke'Shawn Williams (43727903),Ke'Shawn Williams,43727903,WR/FLEX,3000,TB@CIN 09/13/2026 01:00PM ET,CIN,0.14
,,,,,,,,,,,,,,WR,Jordan Moore (43727905),Jordan Moore,43727905,WR/FLEX,3000,TB@CIN 09/13/2026 01:00PM ET,CIN,0
,,,,,,,,,,,,,,WR,Kendric Pryor (43727907),Kendric Pryor,43727907,WR/FLEX,3000,TB@CIN 09/13/2026 01:00PM ET,CIN,0
,,,,,,,,,,,,,,WR,Xavier Johnson (43727909),Xavier Johnson,43727909,WR/FLEX,3000,TB@CIN 09/13/2026 01:00PM ET,CIN,0
,,,,,,,,,,,,,,WR,Dohnte Meyers (43727911),Dohnte Meyers,43727911,WR/FLEX,3000,TB@CIN 09/13/2026 01:00PM ET,CIN,0
,,,,,,,,,,,,,,WR,Noah Thomas (43727913),Noah Thomas,43727913,WR/FLEX,3000,TB@CIN 09/13/2026 01:00PM ET,CIN,0
,,,,,,,,,,,,,,WR,Kameron Johnson (43728139),Kameron Johnson,43728139,WR/FLEX,3000,TB@CIN 09/13/2026 01:00PM ET,TB,1.04
,,,,,,,,,,,,,,WR,David Sills V (43728141),David Sills V,43728141,WR/FLEX,3000,TB@CIN 09/13/2026 01:00PM ET,TB,2.89
,,,,,,,,,,,,,,WR,Dennis Houston (43728143),Dennis Houston,43728143,WR/FLEX,3000,TB@CIN 09/13/2026 01:00PM ET,TB,0
,,,,,,,,,,,,,,WR,Garrett Greene (43728145),Garrett Greene,43728145,WR/FLEX,3000,TB@CIN 09/13/2026 01:00PM ET,TB,0
,,,,,,,,,,,,,,WR,Eric Rivers Jr. (43728147),Eric Rivers Jr.,43728147,WR/FLEX,3000,TB@CIN 09/13/2026 01:00PM ET,TB,0
,,,,,,,,,,,,,,WR,Dean Patterson IV (43728149),Dean Patterson IV,43728149,WR/FLEX,3000,TB@CIN 09/13/2026 01:00PM ET,TB,0
,,,,,,,,,,,,,,WR,Anthony Gould (43727977),Anthony Gould,43727977,WR/FLEX,3000,BAL@IND 09/13/2026 01:00PM ET,IND,0.24
,,,,,,,,,,,,,,WR,Laquon Treadwell (43727979),Laquon Treadwell,43727979,WR/FLEX,3000,BAL@IND 09/13/2026 01:00PM ET,IND,0
,,,,,,,,,,,,,,WR,Coleman Owen (43727981),Coleman Owen,43727981,WR/FLEX,3000,BAL@IND 09/13/2026 01:00PM ET,IND,0
,,,,,,,,,,,,,,WR,Eli Pancol (43727983),Eli Pancol,43727983,WR/FLEX,3000,BAL@IND 09/13/2026 01:00PM ET,IND,0
,,,,,,,,,,,,,,WR,Sahmir Hagans (43727985),Sahmir Hagans,43727985,WR/FLEX,3000,BAL@IND 09/13/2026 01:00PM ET,IND,0
,,,,,,,,,,,,,,WR,E.J. Horton Jr. (43727987),E.J. Horton Jr.,43727987,WR/FLEX,3000,BAL@IND 09/13/2026 01:00PM ET,IND,0
,,,,,,,,,,,,,,WR,Raylen Sharpe (43727989),Raylen Sharpe,43727989,WR/FLEX,3000,BAL@IND 09/13/2026 01:00PM ET,IND,0
,,,,,,,,,,,,,,WR,Chris Moore (43728197),Chris Moore,43728197,WR/FLEX,3000,BAL@IND 09/13/2026 01:00PM ET,BAL,2.76
,,,,,,,,,,,,,,WR,LaJohntay Wester (43728199),LaJohntay Wester,43728199,WR/FLEX,3000,BAL@IND 09/13/2026 01:00PM ET,BAL,-0.06
,,,,,,,,,,,,,,WR,Dayton Wade (43728201),Dayton Wade,43728201,WR/FLEX,3000,BAL@IND 09/13/2026 01:00PM ET,BAL,0
,,,,,,,,,,,,,,WR,Cornelius Johnson (43728203),Cornelius Johnson,43728203,WR/FLEX,3000,BAL@IND 09/13/2026 01:00PM ET,BAL,0
,,,,,,,,,,,,,,WR,Xavier Guillory (43728205),Xavier Guillory,43728205,WR/FLEX,3000,BAL@IND 09/13/2026 01:00PM ET,BAL,0
,,,,,,,,,,,,,,WR,Cortez Braham Jr. (43728207),Cortez Braham Jr.,43728207,WR/FLEX,3000,BAL@IND 09/13/2026 01:00PM ET,BAL,0
,,,,,,,,,,,,,,WR,Octavian Smith Jr. (43728209),Octavian Smith Jr.,43728209,WR/FLEX,3000,BAL@IND 09/13/2026 01:00PM ET,BAL,0
,,,,,,,,,,,,,,DST,Ravens  (43728533),Ravens ,43728533,DST,3000,BAL@IND 09/13/2026 01:00PM ET,BAL,5.71
,,,,,,,,,,,,,,WR,Mecole Hardman Jr. (43727853),Mecole Hardman Jr.,43727853,WR/FLEX,3000,BUF@HOU 09/13/2026 01:00PM ET,BUF,2.13
,,,,,,,,,,,,,,WR,Tyrell Shavers (43727855),Tyrell Shavers,43727855,WR/FLEX,3000,BUF@HOU 09/13/2026 01:00PM ET,BUF,2.66
,,,,,,,,,,,,,,WR,Trent Sherfield Sr. (43727857),Trent Sherfield Sr.,43727857,WR/FLEX,3000,BUF@HOU 09/13/2026 01:00PM ET,BUF,0.42
,,,,,,,,,,,,,,WR,Jalen Virgil (43727859),Jalen Virgil,43727859,WR/FLEX,3000,BUF@HOU 09/13/2026 01:00PM ET,BUF,0
,,,,,,,,,,,,,,WR,Stephen Gosnell (43727861),Stephen Gosnell,43727861,WR/FLEX,3000,BUF@HOU 09/13/2026 01:00PM ET,BUF,0
,,,,,,,,,,,,,,WR,Mac Dalena (43727863),Mac Dalena,43727863,WR/FLEX,3000,BUF@HOU 09/13/2026 01:00PM ET,BUF,0
,,,,,,,,,,,,,,WR,Max Tomczak (43727865),Max Tomczak,43727865,WR/FLEX,3000,BUF@HOU 09/13/2026 01:00PM ET,BUF,0
,,,,,,,,,,,,,,WR,Ja'Mori Maclin (43727867),Ja'Mori Maclin,43727867,WR/FLEX,3000,BUF@HOU 09/13/2026 01:00PM ET,BUF,0
,,,,,,,,,,,,,,WR,Quentin Skinner (43727869),Quentin Skinner,43727869,WR/FLEX,3000,BUF@HOU 09/13/2026 01:00PM ET,BUF,4
,,,,,,,,,,,,,,WR,Lewis Bond (43727871),Lewis Bond,43727871,WR/FLEX,3000,BUF@HOU 09/13/2026 01:00PM ET,HOU,0
,,,,,,,,,,,,,,WR,Justin Watson (43727873),Justin Watson,43727873,WR/FLEX,3000,BUF@HOU 09/13/2026 01:00PM ET,HOU,1.5
,,,,,,,,,,,,,,WR,Josh Kelly (43727875),Josh Kelly,43727875,WR/FLEX,3000,BUF@HOU 09/13/2026 01:00PM ET,HOU,0
,,,,,,,,,,,,,,WR,Jared Wayne (43727877),Jared Wayne,43727877,WR/FLEX,3000,BUF@HOU 09/13/2026 01:00PM ET,HOU,4
,,,,,,,,,,,,,,WR,Treyvhon Saunders (43727879),Treyvhon Saunders,43727879,WR/FLEX,3000,BUF@HOU 09/13/2026 01:00PM ET,HOU,0
,,,,,,,,,,,,,,WR,Daniel Sobkowicz (43727881),Daniel Sobkowicz,43727881,WR/FLEX,3000,BUF@HOU 09/13/2026 01:00PM ET,HOU,0
,,,,,,,,,,,,,,WR,Jha'Quan Jackson (43727883),Jha'Quan Jackson,43727883,WR/FLEX,3000,BUF@HOU 09/13/2026 01:00PM ET,HOU,0
,,,,,,,,,,,,,,WR,DJ Turner (43727885),DJ Turner,43727885,WR/FLEX,3000,BUF@HOU 09/13/2026 01:00PM ET,HOU,0
,,,,,,,,,,,,,,WR,Bo Melton (43727949),Bo Melton,43727949,WR/FLEX,3000,GB@MIN 09/13/2026 04:25PM ET,GB,0.19
,,,,,,,,,,,,,,WR,Skyy Moore (43727951),Skyy Moore,43727951,WR/FLEX,3000,GB@MIN 09/13/2026 04:25PM ET,GB,0.80
,,,,,,,,,,,,,,WR,Isaiah Neyor (43727953),Isaiah Neyor,43727953,WR/FLEX,3000,GB@MIN 09/13/2026 04:25PM ET,GB,0
,,,,,,,,,,,,,,WR,Will Sheppard (43727955),Will Sheppard,43727955,WR/FLEX,3000,GB@MIN 09/13/2026 04:25PM ET,GB,0
,,,,,,,,,,,,,,WR,Brenden Rice (43727957),Brenden Rice,43727957,WR/FLEX,3000,GB@MIN 09/13/2026 04:25PM ET,GB,0
,,,,,,,,,,,,,,WR,J. Michael Sturdivant (43727959),J. Michael Sturdivant,43727959,WR/FLEX,3000,GB@MIN 09/13/2026 04:25PM ET,GB,0
,,,,,,,,,,,,,,WR,Tai Felton (43728025),Tai Felton,43728025,WR/FLEX,3000,GB@MIN 09/13/2026 04:25PM ET,MIN,0.32
,,,,,,,,,,,,,,WR,Myles Price (43728027),Myles Price,43728027,WR/FLEX,3000,GB@MIN 09/13/2026 04:25PM ET,MIN,-0.19
,,,,,,,,,,,,,,WR,Dillon Bell (43728029),Dillon Bell,43728029,WR/FLEX,3000,GB@MIN 09/13/2026 04:25PM ET,MIN,0
,,,,,,,,,,,,,,WR,Jeshaun Jones (43728031),Jeshaun Jones,43728031,WR/FLEX,3000,GB@MIN 09/13/2026 04:25PM ET,MIN,0
,,,,,,,,,,,,,,WR,Dontae Fleming (43728033),Dontae Fleming,43728033,WR/FLEX,3000,GB@MIN 09/13/2026 04:25PM ET,MIN,0
,,,,,,,,,,,,,,WR,Trayvon Rudolph (43728035),Trayvon Rudolph,43728035,WR/FLEX,3000,GB@MIN 09/13/2026 04:25PM ET,MIN,0
,,,,,,,,,,,,,,WR,Michael Briscoe (43728037),Michael Briscoe,43728037,WR/FLEX,3000,GB@MIN 09/13/2026 04:25PM ET,MIN,0
,,,,,,,,,,,,,,WR,Terrill Davis (43728039),Terrill Davis,43728039,WR/FLEX,3000,GB@MIN 09/13/2026 04:25PM ET,MIN,0
,,,,,,,,,,,,,,WR,Marcus Sanders Jr. (43728041),Marcus Sanders Jr.,43728041,WR/FLEX,3000,GB@MIN 09/13/2026 04:25PM ET,MIN,0
,,,,,,,,,,,,,,TE,Luke Musgrave (43728269),Luke Musgrave,43728269,TE/FLEX,3000,GB@MIN 09/13/2026 04:25PM ET,GB,2.84
,,,,,,,,,,,,,,DST,Packers  (43728532),Packers ,43728532,DST,3000,GB@MIN 09/13/2026 04:25PM ET,GB,4.61
,,,,,,,,,,,,,,WR,Elijah Moore (43728079),Elijah Moore,43728079,WR/FLEX,3000,WAS@PHI 09/13/2026 04:25PM ET,PHI,3
,,,,,,,,,,,,,,WR,Johnny Wilson (43728081),Johnny Wilson,43728081,WR/FLEX,3000,WAS@PHI 09/13/2026 04:25PM ET,PHI,0
,,,,,,,,,,,,,,WR,Darius Cooper (43728083),Darius Cooper,43728083,WR/FLEX,3000,WAS@PHI 09/13/2026 04:25PM ET,PHI,1.44
,,,,,,,,,,,,,,WR,Britain Covey (43728085),Britain Covey,43728085,WR/FLEX,3000,WAS@PHI 09/13/2026 04:25PM ET,PHI,0.57
,,,,,,,,,,,,,,WR,Quez Watkins (43728087),Quez Watkins,43728087,WR/FLEX,3000,WAS@PHI 09/13/2026 04:25PM ET,PHI,0
,,,,,,,,,,,,,,WR,Samori Toure (43728089),Samori Toure,43728089,WR/FLEX,3000,WAS@PHI 09/13/2026 04:25PM ET,PHI,1.3
,,,,,,,,,,,,,,WR,Danny Gray (43728091),Danny Gray,43728091,WR/FLEX,3000,WAS@PHI 09/13/2026 04:25PM ET,PHI,0
,,,,,,,,,,,,,,WR,Erik Ezukanma (43728093),Erik Ezukanma,43728093,WR/FLEX,3000,WAS@PHI 09/13/2026 04:25PM ET,PHI,0
,,,,,,,,,,,,,,WR,Van Jefferson (43728151),Van Jefferson,43728151,WR/FLEX,3000,WAS@PHI 09/13/2026 04:25PM ET,WAS,4.38
,,,,,,,,,,,,,,WR,Jacoby Jones (43728153),Jacoby Jones,43728153,WR/FLEX,3000,WAS@PHI 09/13/2026 04:25PM ET,WAS,3.5
,,,,,,,,,,,,,,WR,Nick Nash (43728155),Nick Nash,43728155,WR/FLEX,3000,WAS@PHI 09/13/2026 04:25PM ET,WAS,0
,,,,,,,,,,,,,,WR,Jaden Bradley (43728157),Jaden Bradley,43728157,WR/FLEX,3000,WAS@PHI 09/13/2026 04:25PM ET,WAS,0
,,,,,,,,,,,,,,WR,River Cracraft (43728161),River Cracraft,43728161,WR/FLEX,3000,WAS@PHI 09/13/2026 04:25PM ET,WAS,0
,,,,,,,,,,,,,,WR,Jackson Meeks (43727929),Jackson Meeks,43727929,WR/FLEX,3000,NO@DET 09/13/2026 01:00PM ET,DET,0
,,,,,,,,,,,,,,WR,Dominic Lovett (43727931),Dominic Lovett,43727931,WR/FLEX,3000,NO@DET 09/13/2026 01:00PM ET,DET,0
,,,,,,,,,,,,,,WR,Cedrick Wilson Jr. (43727933),Cedrick Wilson Jr.,43727933,WR/FLEX,3000,NO@DET 09/13/2026 01:00PM ET,DET,0.94
,,,,,,,,,,,,,,WR,Tom Kennedy (43727935),Tom Kennedy,43727935,WR/FLEX,3000,NO@DET 09/13/2026 01:00PM ET,DET,1.27
,,,,,,,,,,,,,,WR,Malik Cunningham (43727937),Malik Cunningham,43727937,WR/FLEX,3000,NO@DET 09/13/2026 01:00PM ET,DET,0.1
,,,,,,,,,,,,,,WR,Tay Martin (43727939),Tay Martin,43727939,WR/FLEX,3000,NO@DET 09/13/2026 01:00PM ET,DET,1.43
,,,,,,,,,,,,,,WR,Lucky Jackson (43727941),Lucky Jackson,43727941,WR/FLEX,3000,NO@DET 09/13/2026 01:00PM ET,DET,0
,,,,,,,,,,,,,,WR,Tarik Black (43727943),Tarik Black,43727943,WR/FLEX,3000,NO@DET 09/13/2026 01:00PM ET,DET,0
,,,,,,,,,,,,,,WR,Lawrence Keys III (43727945),Lawrence Keys III,43727945,WR/FLEX,3000,NO@DET 09/13/2026 01:00PM ET,DET,0
,,,,,,,,,,,,,,WR,Kendrick Law (43727947),Kendrick Law,43727947,WR/FLEX,3000,NO@DET 09/13/2026 01:00PM ET,DET,0
,,,,,,,,,,,,,,WR,Ja'Lynn Polk (43728043),Ja'Lynn Polk,43728043,WR/FLEX,3000,NO@DET 09/13/2026 01:00PM ET,NO,0
,,,,,,,,,,,,,,WR,Barion Brown (43728045),Barion Brown,43728045,WR/FLEX,3000,NO@DET 09/13/2026 01:00PM ET,NO,0
,,,,,,,,,,,,,,WR,Mason Tipton (43728047),Mason Tipton,43728047,WR/FLEX,3000,NO@DET 09/13/2026 01:00PM ET,NO,1.46
,,,,,,,,,,,,,,WR,Ronnie Bell (43728049),Ronnie Bell,43728049,WR/FLEX,3000,NO@DET 09/13/2026 01:00PM ET,NO,5.15
,,,,,,,,,,,,,,WR,Trey Palmer (43728051),Trey Palmer,43728051,WR/FLEX,3000,NO@DET 09/13/2026 01:00PM ET,NO,0
,,,,,,,,,,,,,,WR,Bub Means (43728053),Bub Means,43728053,WR/FLEX,3000,NO@DET 09/13/2026 01:00PM ET,NO,0
,,,,,,,,,,,,,,WR,Kevin Austin Jr. (43728055),Kevin Austin Jr.,43728055,WR/FLEX,3000,NO@DET 09/13/2026 01:00PM ET,NO,4.12
,,,,,,,,,,,,,,WR,Jalen Moreno-Cropper (43728057),Jalen Moreno-Cropper,43728057,WR/FLEX,3000,NO@DET 09/13/2026 01:00PM ET,NO,0
,,,,,,,,,,,,,,WR,Brock Rechsteiner (43728059),Brock Rechsteiner,43728059,WR/FLEX,3000,NO@DET 09/13/2026 01:00PM ET,NO,0
,,,,,,,,,,,,,,WR,Tylan Wallace (43727915),Tylan Wallace,43727915,WR/FLEX,3000,CLE@JAX 09/13/2026 01:00PM ET,CLE,1.04
,,,,,,,,,,,,,,WR,Malachi Corley (43727917),Malachi Corley,43727917,WR/FLEX,3000,CLE@JAX 09/13/2026 01:00PM ET,CLE,2.43
,,,,,,,,,,,,,,WR,Jamari Thrash (43727919),Jamari Thrash,43727919,WR/FLEX,3000,CLE@JAX 09/13/2026 01:00PM ET,CLE,2.3
,,,,,,,,,,,,,,WR,Gage Larvadain (43727921),Gage Larvadain,43727921,WR/FLEX,3000,CLE@JAX 09/13/2026 01:00PM ET,CLE,1.03
,,,,,,,,,,,,,,WR,Luke Floriea (43727923),Luke Floriea,43727923,WR/FLEX,3000,CLE@JAX 09/13/2026 01:00PM ET,CLE,0
,,,,,,,,,,,,,,WR,Aaron Anderson (43727925),Aaron Anderson,43727925,WR/FLEX,3000,CLE@JAX 09/13/2026 01:00PM ET,CLE,0
,,,,,,,,,,,,,,WR,Kole Wilson (43727927),Kole Wilson,43727927,WR/FLEX,3000,CLE@JAX 09/13/2026 01:00PM ET,CLE,0
,,,,,,,,,,,,,,WR,Josh Cameron (43728179),Josh Cameron,43728179,WR/FLEX,3000,CLE@JAX 09/13/2026 01:00PM ET,JAX,0
,,,,,,,,,,,,,,WR,CJ Williams (43728181),CJ Williams,43728181,WR/FLEX,3000,CLE@JAX 09/13/2026 01:00PM ET,JAX,0
,,,,,,,,,,,,,,WR,Tim Jones (43728183),Tim Jones,43728183,WR/FLEX,3000,CLE@JAX 09/13/2026 01:00PM ET,JAX,0.5
,,,,,,,,,,,,,,WR,Austin Trammell (43728185),Austin Trammell,43728185,WR/FLEX,3000,CLE@JAX 09/13/2026 01:00PM ET,JAX,1.27
,,,,,,,,,,,,,,WR,Chandler Brayboy (43728187),Chandler Brayboy,43728187,WR/FLEX,3000,CLE@JAX 09/13/2026 01:00PM ET,JAX,0
,,,,,,,,,,,,,,WR,Brady Boyd (43728189),Brady Boyd,43728189,WR/FLEX,3000,CLE@JAX 09/13/2026 01:00PM ET,JAX,0
,,,,,,,,,,,,,,WR,Trebor Pena (43728193),Trebor Pena,43728193,WR/FLEX,3000,CLE@JAX 09/13/2026 01:00PM ET,JAX,0
,,,,,,,,,,,,,,WR,Michael Wortham (43728195),Michael Wortham,43728195,WR/FLEX,3000,CLE@JAX 09/13/2026 01:00PM ET,JAX,0
,,,,,,,,,,,,,,WR,Reggie Virgil (43728095),Reggie Virgil,43728095,WR/FLEX,3000,ARI@LAC 09/13/2026 04:25PM ET,ARI,0
,,,,,,,,,,,,,,WR,Devin Duvernay (43728097),Devin Duvernay,43728097,WR/FLEX,3000,ARI@LAC 09/13/2026 04:25PM ET,ARI,0.24
,,,,,,,,,,,,,,WR,Simi Fehoko (43728099),Simi Fehoko,43728099,WR/FLEX,3000,ARI@LAC 09/13/2026 04:25PM ET,ARI,0
,,,,,,,,,,,,,,WR,Jalen Brooks (43728101),Jalen Brooks,43728101,WR/FLEX,3000,ARI@LAC 09/13/2026 04:25PM ET,ARI,1.18
,,,,,,,,,,,,,,WR,Tejhaun Palmer (43728103),Tejhaun Palmer,43728103,WR/FLEX,3000,ARI@LAC 09/13/2026 04:25PM ET,ARI,0
,,,,,,,,,,,,,,WR,Harrison Wallace III (43728105),Harrison Wallace III,43728105,WR/FLEX,3000,ARI@LAC 09/13/2026 04:25PM ET,ARI,0
,,,,,,,,,,,,,,WR,Bryson Green (43728107),Bryson Green,43728107,WR/FLEX,3000,ARI@LAC 09/13/2026 04:25PM ET,ARI,0
,,,,,,,,,,,,,,WR,KeAndre Lambert-Smith (43728123),KeAndre Lambert-Smith,43728123,WR/FLEX,3000,ARI@LAC 09/13/2026 04:25PM ET,LAC,1.61
,,,,,,,,,,,,,,WR,Derius Davis (43728125),Derius Davis,43728125,WR/FLEX,3000,ARI@LAC 09/13/2026 04:25PM ET,LAC,0.21
,,,,,,,,,,,,,,WR,Dalevon Campbell (43728127),Dalevon Campbell,43728127,WR/FLEX,3000,ARI@LAC 09/13/2026 04:25PM ET,LAC,0
,,,,,,,,,,,,,,WR,Luke Grimm (43728129),Luke Grimm,43728129,WR/FLEX,3000,ARI@LAC 09/13/2026 04:25PM ET,LAC,0
,,,,,,,,,,,,,,WR,JaQuae Jackson (43728131),JaQuae Jackson,43728131,WR/FLEX,3000,ARI@LAC 09/13/2026 04:25PM ET,LAC,0
,,,,,,,,,,,,,,WR,Mante Morrow (43728133),Mante Morrow,43728133,WR/FLEX,3000,ARI@LAC 09/13/2026 04:25PM ET,LAC,0
,,,,,,,,,,,,,,WR,Devonte Ross (43728135),Devonte Ross,43728135,WR/FLEX,3000,ARI@LAC 09/13/2026 04:25PM ET,LAC,0
,,,,,,,,,,,,,,WR,Sincere Brown (43728137),Sincere Brown,43728137,WR/FLEX,3000,ARI@LAC 09/13/2026 04:25PM ET,LAC,0
,,,,,,,,,,,,,,TE,David Njoku (43728271),David Njoku,43728271,TE/FLEX,3000,ARI@LAC 09/13/2026 04:25PM ET,LAC,7.19
,,,,,,,,,,,,,,WR,Dareke Young (43727991),Dareke Young,43727991,WR/FLEX,3000,MIA@LV 09/13/2026 04:25PM ET,LV,0.57
,,,,,,,,,,,,,,WR,Shedrick Jackson (43727993),Shedrick Jackson,43727993,WR/FLEX,3000,MIA@LV 09/13/2026 04:25PM ET,LV,3.18
,,,,,,,,,,,,,,WR,Phillip Dorsett II (43727995),Phillip Dorsett II,43727995,WR/FLEX,3000,MIA@LV 09/13/2026 04:25PM ET,LV,0
,,,,,,,,,,,,,,WR,Brandon Johnson (43727997),Brandon Johnson,43727997,WR/FLEX,3000,MIA@LV 09/13/2026 04:25PM ET,LV,0
,,,,,,,,,,,,,,WR,Chase Roberts (43727999),Chase Roberts,43727999,WR/FLEX,3000,MIA@LV 09/13/2026 04:25PM ET,LV,0
,,,,,,,,,,,,,,WR,E.J. Williams Jr. (43728001),E.J. Williams Jr.,43728001,WR/FLEX,3000,MIA@LV 09/13/2026 04:25PM ET,LV,0
,,,,,,,,,,,,,,WR,Deven Thompkins (43728003),Deven Thompkins,43728003,WR/FLEX,3000,MIA@LV 09/13/2026 04:25PM ET,LV,0.89
,,,,,,,,,,,,,,WR,Justin Shorter (43728005),Justin Shorter,43728005,WR/FLEX,3000,MIA@LV 09/13/2026 04:25PM ET,LV,0
,,,,,,,,,,,,,,WR,Corey Rucker (43728007),Corey Rucker,43728007,WR/FLEX,3000,MIA@LV 09/13/2026 04:25PM ET,LV,0
,,,,,,,,,,,,,,WR,Caleb Douglas (43728009),Caleb Douglas,43728009,WR/FLEX,3000,MIA@LV 09/13/2026 04:25PM ET,MIA,0
,,,,,,,,,,,,,,WR,Kevin Coleman Jr. (43728011),Kevin Coleman Jr.,43728011,WR/FLEX,3000,MIA@LV 09/13/2026 04:25PM ET,MIA,0
,,,,,,,,,,,,,,WR,Theo Wease Jr. (43728013),Theo Wease Jr.,43728013,WR/FLEX,3000,MIA@LV 09/13/2026 04:25PM ET,MIA,8.63
,,,,,,,,,,,,,,WR,Tahj Washington (43728015),Tahj Washington,43728015,WR/FLEX,3000,MIA@LV 09/13/2026 04:25PM ET,MIA,0.95
,,,,,,,,,,,,,,WR,Jalen Reagor (43728017),Jalen Reagor,43728017,WR/FLEX,3000,MIA@LV 09/13/2026 04:25PM ET,MIA,0
,,,,,,,,,,,,,,WR,Terrace Marshall Jr. (43728019),Terrace Marshall Jr.,43728019,WR/FLEX,3000,MIA@LV 09/13/2026 04:25PM ET,MIA,0
,,,,,,,,,,,,,,WR,AJ Henning (43728021),AJ Henning,43728021,WR/FLEX,3000,MIA@LV 09/13/2026 04:25PM ET,MIA,0
,,,,,,,,,,,,,,WR,Donaven McCulley (43728023),Donaven McCulley,43728023,WR/FLEX,3000,MIA@LV 09/13/2026 04:25PM ET,MIA,0
,,,,,,,,,,,,,,WR,Bryce Oliver (43727961),Bryce Oliver,43727961,WR/FLEX,3000,NYJ@TEN 09/13/2026 01:00PM ET,TEN,0.6
,,,,,,,,,,,,,,WR,Mason Kinsey (43727963),Mason Kinsey,43727963,WR/FLEX,3000,NYJ@TEN 09/13/2026 01:00PM ET,TEN,0.68
,,,,,,,,,,,,,,WR,K.J. Osborn (43727965),K.J. Osborn,43727965,WR/FLEX,3000,NYJ@TEN 09/13/2026 01:00PM ET,TEN,0
,,,,,,,,,,,,,,WR,Xavier Restrepo (43727967),Xavier Restrepo,43727967,WR/FLEX,3000,NYJ@TEN 09/13/2026 01:00PM ET,TEN,3.55
,,,,,,,,,,,,,,WR,Lance McCutcheon (43727969),Lance McCutcheon,43727969,WR/FLEX,3000,NYJ@TEN 09/13/2026 01:00PM ET,TEN,0
,,,,,,,,,,,,,,WR,Courtney Jackson (43727971),Courtney Jackson,43727971,WR/FLEX,3000,NYJ@TEN 09/13/2026 01:00PM ET,TEN,0
,,,,,,,,,,,,,,WR,Tyren Montgomery (43727973),Tyren Montgomery,43727973,WR/FLEX,3000,NYJ@TEN 09/13/2026 01:00PM ET,TEN,0
,,,,,,,,,,,,,,WR,Hank Beatty (43727975),Hank Beatty,43727975,WR/FLEX,3000,NYJ@TEN 09/13/2026 01:00PM ET,TEN,0
,,,,,,,,,,,,,,WR,Tim Patrick (43728061),Tim Patrick,43728061,WR/FLEX,3000,NYJ@TEN 09/13/2026 01:00PM ET,NYJ,3.04
,,,,,,,,,,,,,,WR,Isaiah Williams (43728063),Isaiah Williams,43728063,WR/FLEX,3000,NYJ@TEN 09/13/2026 01:00PM ET,NYJ,3.98
,,,,,,,,,,,,,,WR,Arian Smith (43728065),Arian Smith,43728065,WR/FLEX,3000,NYJ@TEN 09/13/2026 01:00PM ET,NYJ,0.84
,,,,,,,,,,,,,,WR,Jamaal Pritchett (43728067),Jamaal Pritchett,43728067,WR/FLEX,3000,NYJ@TEN 09/13/2026 01:00PM ET,NYJ,0
,,,,,,,,,,,,,,WR,Gee Scott Jr. (43728069),Gee Scott Jr.,43728069,WR/FLEX,3000,NYJ@TEN 09/13/2026 01:00PM ET,NYJ,0
,,,,,,,,,,,,,,WR,Jalen Walthall (43728071),Jalen Walthall,43728071,WR/FLEX,3000,NYJ@TEN 09/13/2026 01:00PM ET,NYJ,0
,,,,,,,,,,,,,,WR,Caullin Lacy (43728073),Caullin Lacy,43728073,WR/FLEX,3000,NYJ@TEN 09/13/2026 01:00PM ET,NYJ,0
,,,,,,,,,,,,,,WR,DT Sheffield (43728075),DT Sheffield,43728075,WR/FLEX,3000,NYJ@TEN 09/13/2026 01:00PM ET,NYJ,0
,,,,,,,,,,,,,,WR,Malik McClain (43728077),Malik McClain,43728077,WR/FLEX,3000,NYJ@TEN 09/13/2026 01:00PM ET,NYJ,0
,,,,,,,,,,,,,,WR,Dylan Drummond (43727841),Dylan Drummond,43727841,WR/FLEX,3000,ATL@PIT 09/13/2026 01:00PM ET,ATL,1.24
,,,,,,,,,,,,,,WR,Vinny Anthony II (43727843),Vinny Anthony II,43727843,WR/FLEX,3000,ATL@PIT 09/13/2026 01:00PM ET,ATL,0
,,,,,,,,,,,,,,WR,Chris Blair (43727845),Chris Blair,43727845,WR/FLEX,3000,ATL@PIT 09/13/2026 01:00PM ET,ATL,0
,,,,,,,,,,,,,,WR,Antwane Wells Jr. (43727847),Antwane Wells Jr.,43727847,WR/FLEX,3000,ATL@PIT 09/13/2026 01:00PM ET,ATL,0
,,,,,,,,,,,,,,WR,Le'Meke Brockington (43727849),Le'Meke Brockington,43727849,WR/FLEX,3000,ATL@PIT 09/13/2026 01:00PM ET,ATL,0
,,,,,,,,,,,,,,WR,Keelan Marion (43727851),Keelan Marion,43727851,WR/FLEX,3000,ATL@PIT 09/13/2026 01:00PM ET,ATL,0
,,,,,,,,,,,,,,WR,Ben Skowronek (43728109),Ben Skowronek,43728109,WR/FLEX,3000,ATL@PIT 09/13/2026 01:00PM ET,PIT,0.94
,,,,,,,,,,,,,,WR,Kaden Wetjen (43728111),Kaden Wetjen,43728111,WR/FLEX,3000,ATL@PIT 09/13/2026 01:00PM ET,PIT,0
,,,,,,,,,,,,,,WR,Max Hurleman (43728113),Max Hurleman,43728113,WR/FLEX,3000,ATL@PIT 09/13/2026 01:00PM ET,PIT,0
,,,,,,,,,,,,,,WR,Cole Burgess (43728115),Cole Burgess,43728115,WR/FLEX,3000,ATL@PIT 09/13/2026 01:00PM ET,PIT,0
,,,,,,,,,,,,,,WR,Brandon Smith (43728117),Brandon Smith,43728117,WR/FLEX,3000,ATL@PIT 09/13/2026 01:00PM ET,PIT,0
,,,,,,,,,,,,,,WR,Joaquin Davis (43728119),Joaquin Davis,43728119,WR/FLEX,3000,ATL@PIT 09/13/2026 01:00PM ET,PIT,0
,,,,,,,,,,,,,,WR,Levi Wentz (43728121),Levi Wentz,43728121,WR/FLEX,3000,ATL@PIT 09/13/2026 01:00PM ET,PIT,0
,,,,,,,,,,,,,,TE,Darnell Washington (43728273),Darnell Washington,43728273,TE/FLEX,3000,ATL@PIT 09/13/2026 01:00PM ET,PIT,4.65
,,,,,,,,,,,,,,WR,Scotty Miller (43727887),Scotty Miller,43727887,WR/FLEX,3000,CHI@CAR 09/13/2026 01:00PM ET,CHI,1.09
,,,,,,,,,,,,,,WR,Maurice Alexander (43727889),Maurice Alexander,43727889,WR/FLEX,3000,CHI@CAR 09/13/2026 01:00PM ET,CHI,0
,,,,,,,,,,,,,,WR,JP Richardson (43727891),JP Richardson,43727891,WR/FLEX,3000,CHI@CAR 09/13/2026 01:00PM ET,CHI,0
,,,,,,,,,,,,,,WR,Kaden Davis (43727893),Kaden Davis,43727893,WR/FLEX,3000,CHI@CAR 09/13/2026 01:00PM ET,CHI,0
,,,,,,,,,,,,,,WR,Omari Kelly (43727895),Omari Kelly,43727895,WR/FLEX,3000,CHI@CAR 09/13/2026 01:00PM ET,CHI,0
,,,,,,,,,,,,,,WR,Kyron Hudson (43727897),Kyron Hudson,43727897,WR/FLEX,3000,CHI@CAR 09/13/2026 01:00PM ET,CHI,0
,,,,,,,,,,,,,,WR,Chris Brazzell II (43728163),Chris Brazzell II,43728163,WR/FLEX,3000,CHI@CAR 09/13/2026 01:00PM ET,CAR,0
,,,,,,,,,,,,,,WR,Jimmy Horn Jr. (43728165),Jimmy Horn Jr.,43728165,WR/FLEX,3000,CHI@CAR 09/13/2026 01:00PM ET,CAR,1.91
,,,,,,,,,,,,,,WR,Brycen Tremayne (43728167),Brycen Tremayne,43728167,WR/FLEX,3000,CHI@CAR 09/13/2026 01:00PM ET,CAR,1.76
,,,,,,,,,,,,,,WR,David Moore (43728169),David Moore,43728169,WR/FLEX,3000,CHI@CAR 09/13/2026 01:00PM ET,CAR,0.68
,,,,,,,,,,,,,,WR,Dan Chisena (43728171),Dan Chisena,43728171,WR/FLEX,3000,CHI@CAR 09/13/2026 01:00PM ET,CAR,0
,,,,,,,,,,,,,,WR,Ainias Smith (43728173),Ainias Smith,43728173,WR/FLEX,3000,CHI@CAR 09/13/2026 01:00PM ET,CAR,0
,,,,,,,,,,,,,,WR,Ja'seem Reed (43728175),Ja'seem Reed,43728175,WR/FLEX,3000,CHI@CAR 09/13/2026 01:00PM ET,CAR,0
,,,,,,,,,,,,,,WR,Malick Meiga (43728177),Malick Meiga,43728177,WR/FLEX,3000,CHI@CAR 09/13/2026 01:00PM ET,CAR,0
,,,,,,,,,,,,,,WR,Gabriel Benyard (43728211),Gabriel Benyard,43728211,WR/FLEX,3000,CHI@CAR 09/13/2026 01:00PM ET,CAR,0
,,,,,,,,,,,,,,WR,Casey Washington (43728213),Casey Washington,43728213,WR/FLEX,3000,CHI@CAR 09/13/2026 01:00PM ET,CAR,2.2
,,,,,,,,,,,,,,DST,Texans  (43728534),Texans ,43728534,DST,2900,BUF@HOU 09/13/2026 01:00PM ET,HOU,10.63
,,,,,,,,,,,,,,TE,Brock Wright (43728275),Brock Wright,43728275,TE/FLEX,2900,NO@DET 09/13/2026 01:00PM ET,DET,3.34
,,,,,,,,,,,,,,TE,Michael Mayer (43728277),Michael Mayer,43728277,TE/FLEX,2900,MIA@LV 09/13/2026 04:25PM ET,LV,5.68
,,,,,,,,,,,,,,DST,Raiders  (43728535),Raiders ,43728535,DST,2900,MIA@LV 09/13/2026 04:25PM ET,LV,4.41
,,,,,,,,,,,,,,TE,Tommy Tremble (43728279),Tommy Tremble,43728279,TE/FLEX,2900,CHI@CAR 09/13/2026 01:00PM ET,CAR,3.84
,,,,,,,,,,,,,,TE,Josh Oliver (43728281),Josh Oliver,43728281,TE/FLEX,2800,GB@MIN 09/13/2026 04:25PM ET,MIN,3.67
,,,,,,,,,,,,,,DST,Vikings  (43728537),Vikings ,43728537,DST,2800,GB@MIN 09/13/2026 04:25PM ET,MIN,8
,,,,,,,,,,,,,,TE,Ben Sinnott (43728285),Ben Sinnott,43728285,TE/FLEX,2800,WAS@PHI 09/13/2026 04:25PM ET,WAS,1.78
,,,,,,,,,,,,,,TE,Mason Taylor (43728283),Mason Taylor,43728283,TE/FLEX,2800,NYJ@TEN 09/13/2026 01:00PM ET,NYJ,6.84
,,,,,,,,,,,,,,TE,Sam Roush (43728287),Sam Roush,43728287,TE/FLEX,2800,CHI@CAR 09/13/2026 01:00PM ET,CHI,0
,,,,,,,,,,,,,,DST,Bears  (43728536),Bears ,43728536,DST,2800,CHI@CAR 09/13/2026 01:00PM ET,CHI,6.37
,,,,,,,,,,,,,,DST,Bengals  (43728538),Bengals ,43728538,DST,2700,TB@CIN 09/13/2026 01:00PM ET,CIN,4.65
,,,,,,,,,,,,,,TE,Marlin Klein (43728295),Marlin Klein,43728295,TE/FLEX,2700,BUF@HOU 09/13/2026 01:00PM ET,HOU,0
,,,,,,,,,,,,,,TE,Oscar Delp (43728291),Oscar Delp,43728291,TE/FLEX,2700,NO@DET 09/13/2026 01:00PM ET,NO,0
,,,,,,,,,,,,,,DST,Dolphins  (43728539),Dolphins ,43728539,DST,2700,MIA@LV 09/13/2026 04:25PM ET,MIA,5.59
,,,,,,,,,,,,,,TE,Daniel Bellinger (43728289),Daniel Bellinger,43728289,TE/FLEX,2700,NYJ@TEN 09/13/2026 01:00PM ET,TEN,3.72
,,,,,,,,,,,,,,TE,Austin Hooper (43728309),Austin Hooper,43728309,TE/FLEX,2700,ATL@PIT 09/13/2026 01:00PM ET,ATL,3.24
,,,,,,,,,,,,,,TE,Ja'Tavion Sanders (43728293),Ja'Tavion Sanders,43728293,TE/FLEX,2700,CHI@CAR 09/13/2026 01:00PM ET,CAR,4.15
,,,,,,,,,,,,,,TE,Drew Sample (43728301),Drew Sample,43728301,TE/FLEX,2600,TB@CIN 09/13/2026 01:00PM ET,CIN,1.88
,,,,,,,,,,,,,,DST,Buccaneers  (43728541),Buccaneers ,43728541,DST,2600,TB@CIN 09/13/2026 01:00PM ET,TB,5.76
,,,,,,,,,,,,,,TE,Foster Moreau (43728299),Foster Moreau,43728299,TE/FLEX,2600,BUF@HOU 09/13/2026 01:00PM ET,HOU,1.17
,,,,,,,,,,,,,,TE,Tanner Koziol (43728305),Tanner Koziol,43728305,TE/FLEX,2600,CLE@JAX 09/13/2026 01:00PM ET,JAX,0
,,,,,,,,,,,,,,TE,Nate Boerkircher (43728307),Nate Boerkircher,43728307,TE/FLEX,2600,CLE@JAX 09/13/2026 01:00PM ET,JAX,0
,,,,,,,,,,,,,,DST,Falcons  (43728540),Falcons ,43728540,DST,2600,ATL@PIT 09/13/2026 01:00PM ET,ATL,7.12
,,,,,,,,,,,,,,TE,Mitchell Evans (43728303),Mitchell Evans,43728303,TE/FLEX,2600,CHI@CAR 09/13/2026 01:00PM ET,CAR,2.68
,,,,,,,,,,,,,,TE,Dae'Quan Wright (43728451),Dae'Quan Wright,43728451,TE/FLEX,2500,CLE@JAX 09/13/2026 01:00PM ET,CLE,0
,,,,,,,,,,,,,,TE,JJ Galbreath (43728471),JJ Galbreath,43728471,TE/FLEX,2500,BAL@IND 09/13/2026 01:00PM ET,IND,0
,,,,,,,,,,,,,,TE,Ethan Conner (43728515),Ethan Conner,43728515,TE/FLEX,2500,MIA@LV 09/13/2026 04:25PM ET,MIA,0
,,,,,,,,,,,,,,TE,Erick All Jr. (43728337),Erick All Jr.,43728337,TE/FLEX,2500,TB@CIN 09/13/2026 01:00PM ET,CIN,0
,,,,,,,,,,,,,,TE,Tanner Hudson (43728339),Tanner Hudson,43728339,TE/FLEX,2500,TB@CIN 09/13/2026 01:00PM ET,CIN,3.19
,,,,,,,,,,,,,,TE,Jack Endries (43728341),Jack Endries,43728341,TE/FLEX,2500,TB@CIN 09/13/2026 01:00PM ET,CIN,0
,,,,,,,,,,,,,,TE,Cam Grandy (43728343),Cam Grandy,43728343,TE/FLEX,2500,TB@CIN 09/13/2026 01:00PM ET,CIN,0.54
,,,,,,,,,,,,,,TE,Josh Kattus (43728345),Josh Kattus,43728345,TE/FLEX,2500,TB@CIN 09/13/2026 01:00PM ET,CIN,0
,,,,,,,,,,,,,,TE,William Wagner (43728347),William Wagner,43728347,TE/FLEX,2500,TB@CIN 09/13/2026 01:00PM ET,CIN,0
,,,,,,,,,,,,,,TE,Payne Durham (43728481),Payne Durham,43728481,TE/FLEX,2500,TB@CIN 09/13/2026 01:00PM ET,TB,0.12
,,,,,,,,,,,,,,TE,Ko Kieft (43728483),Ko Kieft,43728483,TE/FLEX,2500,TB@CIN 09/13/2026 01:00PM ET,TB,0
,,,,,,,,,,,,,,TE,Bauer Sharp (43728485),Bauer Sharp,43728485,TE/FLEX,2500,TB@CIN 09/13/2026 01:00PM ET,TB,0
,,,,,,,,,,,,,,TE,Devin Culp (43728487),Devin Culp,43728487,TE/FLEX,2500,TB@CIN 09/13/2026 01:00PM ET,TB,0.58
,,,,,,,,,,,,,,TE,Kenny Fletcher Jr. (43728489),Kenny Fletcher Jr.,43728489,TE/FLEX,2500,TB@CIN 09/13/2026 01:00PM ET,TB,0
,,,,,,,,,,,,,,TE,Evan Deckers (43728491),Evan Deckers,43728491,TE/FLEX,2500,TB@CIN 09/13/2026 01:00PM ET,TB,0
,,,,,,,,,,,,,,TE,Mo Alie-Cox (43728387),Mo Alie-Cox,43728387,TE/FLEX,2500,BAL@IND 09/13/2026 01:00PM ET,IND,1.81
,,,,,,,,,,,,,,TE,Drew Ogletree (43728389),Drew Ogletree,43728389,TE/FLEX,2500,BAL@IND 09/13/2026 01:00PM ET,IND,0.85
,,,,,,,,,,,,,,TE,Will Mallory (43728391),Will Mallory,43728391,TE/FLEX,2500,BAL@IND 09/13/2026 01:00PM ET,IND,1.3
,,,,,,,,,,,,,,TE,Sean McKeon (43728393),Sean McKeon,43728393,TE/FLEX,2500,BAL@IND 09/13/2026 01:00PM ET,IND,0
,,,,,,,,,,,,,,TE,Carson Towt (43728395),Carson Towt,43728395,TE/FLEX,2500,BAL@IND 09/13/2026 01:00PM ET,IND,0
,,,,,,,,,,,,,,TE,Durham Smythe (43728517),Durham Smythe,43728517,TE/FLEX,2500,BAL@IND 09/13/2026 01:00PM ET,BAL,0.50
,,,,,,,,,,,,,,TE,Matt Hibner (43728519),Matt Hibner,43728519,TE/FLEX,2500,BAL@IND 09/13/2026 01:00PM ET,BAL,0
,,,,,,,,,,,,,,TE,Josh Cuevas (43728521),Josh Cuevas,43728521,TE/FLEX,2500,BAL@IND 09/13/2026 01:00PM ET,BAL,0
,,,,,,,,,,,,,,TE,Ty Pezza (43728523),Ty Pezza,43728523,TE/FLEX,2500,BAL@IND 09/13/2026 01:00PM ET,BAL,0
,,,,,,,,,,,,,,TE,Jackson Hawes (43728317),Jackson Hawes,43728317,TE/FLEX,2500,BUF@HOU 09/13/2026 01:00PM ET,BUF,2.77
,,,,,,,,,,,,,,TE,Shane Zylstra (43728319),Shane Zylstra,43728319,TE/FLEX,2500,BUF@HOU 09/13/2026 01:00PM ET,BUF,0.83
,,,,,,,,,,,,,,TE,Keleki Latu (43728321),Keleki Latu,43728321,TE/FLEX,2500,BUF@HOU 09/13/2026 01:00PM ET,BUF,1.5
,,,,,,,,,,,,,,TE,Brevin Jordan (43728323),Brevin Jordan,43728323,TE/FLEX,2500,BUF@HOU 09/13/2026 01:00PM ET,HOU,0
,,,,,,,,,,,,,,TE,Cade Stover (43728325),Cade Stover,43728325,TE/FLEX,2500,BUF@HOU 09/13/2026 01:00PM ET,HOU,2.31
,,,,,,,,,,,,,,TE,Layne Pryor (43728327),Layne Pryor,43728327,TE/FLEX,2500,BUF@HOU 09/13/2026 01:00PM ET,HOU,0
,,,,,,,,,,,,,,TE,Josh Whyle (43728367),Josh Whyle,43728367,TE/FLEX,2500,GB@MIN 09/13/2026 04:25PM ET,GB,1.81
,,,,,,,,,,,,,,TE,Drake Dabney (43728369),Drake Dabney,43728369,TE/FLEX,2500,GB@MIN 09/13/2026 04:25PM ET,GB,0.65
,,,,,,,,,,,,,,TE,Messiah Swinson (43728371),Messiah Swinson,43728371,TE/FLEX,2500,GB@MIN 09/13/2026 04:25PM ET,GB,0
,,,,,,,,,,,,,,TE,Luke Lachey (43728373),Luke Lachey,43728373,TE/FLEX,2500,GB@MIN 09/13/2026 04:25PM ET,GB,0
,,,,,,,,,,,,,,TE,RJ Maryland (43728375),RJ Maryland,43728375,TE/FLEX,2500,GB@MIN 09/13/2026 04:25PM ET,GB,0
,,,,,,,,,,,,,,TE,Thomas Yassmin (43728377),Thomas Yassmin,43728377,TE/FLEX,2500,GB@MIN 09/13/2026 04:25PM ET,GB,0
,,,,,,,,,,,,,,TE,Ben Yurosek (43728413),Ben Yurosek,43728413,TE/FLEX,2500,GB@MIN 09/13/2026 04:25PM ET,MIN,0.28
,,,,,,,,,,,,,,TE,Gavin Bartholomew (43728415),Gavin Bartholomew,43728415,TE/FLEX,2500,GB@MIN 09/13/2026 04:25PM ET,MIN,0
,,,,,,,,,,,,,,TE,Bryson Nesbit (43728417),Bryson Nesbit,43728417,TE/FLEX,2500,GB@MIN 09/13/2026 04:25PM ET,MIN,0
,,,,,,,,,,,,,,TE,Marshall Lang (43728419),Marshall Lang,43728419,TE/FLEX,2500,GB@MIN 09/13/2026 04:25PM ET,MIN,0
,,,,,,,,,,,,,,TE,Andrew DePaola (43728421),Andrew DePaola,43728421,TE/FLEX,2500,GB@MIN 09/13/2026 04:25PM ET,MIN,0
,,,,,,,,,,,,,,TE,Johnny Mundt (43728441),Johnny Mundt,43728441,TE/FLEX,2500,WAS@PHI 09/13/2026 04:25PM ET,PHI,1.18
,,,,,,,,,,,,,,TE,Grant Calcaterra (43728443),Grant Calcaterra,43728443,TE/FLEX,2500,WAS@PHI 09/13/2026 04:25PM ET,PHI,1.41
,,,,,,,,,,,,,,TE,Stone Smartt (43728445),Stone Smartt,43728445,TE/FLEX,2500,WAS@PHI 09/13/2026 04:25PM ET,PHI,0.81
,,,,,,,,,,,,,,TE,Cameron Latu (43728447),Cameron Latu,43728447,TE/FLEX,2500,WAS@PHI 09/13/2026 04:25PM ET,PHI,0
,,,,,,,,,,,,,,TE,E.J. Jenkins (43728449),E.J. Jenkins,43728449,TE/FLEX,2500,WAS@PHI 09/13/2026 04:25PM ET,PHI,0
,,,,,,,,,,,,,,TE,Rocco Underwood (43728453),Rocco Underwood,43728453,TE/FLEX,2500,WAS@PHI 09/13/2026 04:25PM ET,PHI,0
,,,,,,,,,,,,,,TE,John Bates (43728493),John Bates,43728493,TE/FLEX,2500,WAS@PHI 09/13/2026 04:25PM ET,WAS,1.82
,,,,,,,,,,,,,,TE,Colson Yankoff (43728495),Colson Yankoff,43728495,TE/FLEX,2500,WAS@PHI 09/13/2026 04:25PM ET,WAS,0.27
,,,,,,,,,,,,,,TE,Lawrence Cager (43728497),Lawrence Cager,43728497,TE/FLEX,2500,WAS@PHI 09/13/2026 04:25PM ET,WAS,0
,,,,,,,,,,,,,,TE,Quentin Moore (43728499),Quentin Moore,43728499,TE/FLEX,2500,WAS@PHI 09/13/2026 04:25PM ET,WAS,0
,,,,,,,,,,,,,,TE,Tyler Ott (43728501),Tyler Ott,43728501,TE/FLEX,2500,WAS@PHI 09/13/2026 04:25PM ET,WAS,0
,,,,,,,,,,,,,,TE,Tyler Conklin (43728359),Tyler Conklin,43728359,TE/FLEX,2500,NO@DET 09/13/2026 01:00PM ET,DET,1.33
,,,,,,,,,,,,,,TE,Zach Horton (43728361),Zach Horton,43728361,TE/FLEX,2500,NO@DET 09/13/2026 01:00PM ET,DET,0
,,,,,,,,,,,,,,TE,Thomas Gordon (43728363),Thomas Gordon,43728363,TE/FLEX,2500,NO@DET 09/13/2026 01:00PM ET,DET,0
,,,,,,,,,,,,,,TE,Miles Kitselman (43728365),Miles Kitselman,43728365,TE/FLEX,2500,NO@DET 09/13/2026 01:00PM ET,DET,0
,,,,,,,,,,,,,,TE,Moliki Matavao (43728423),Moliki Matavao,43728423,TE/FLEX,2500,NO@DET 09/13/2026 01:00PM ET,NO,0.5
,,,,,,,,,,,,,,TE,Zaire Mitchell-Paden (43728425),Zaire Mitchell-Paden,43728425,TE/FLEX,2500,NO@DET 09/13/2026 01:00PM ET,NO,0.46
,,,,,,,,,,,,,,TE,Treyton Welch (43728427),Treyton Welch,43728427,TE/FLEX,2500,NO@DET 09/13/2026 01:00PM ET,NO,0
,,,,,,,,,,,,,,TE,Cody Hardy (43728429),Cody Hardy,43728429,TE/FLEX,2500,NO@DET 09/13/2026 01:00PM ET,NO,0
,,,,,,,,,,,,,,TE,Zach Wood (43728431),Zach Wood,43728431,TE/FLEX,2500,NO@DET 09/13/2026 01:00PM ET,NO,0
,,,,,,,,,,,,,,TE,Joe Royer (43728349),Joe Royer,43728349,TE/FLEX,2500,CLE@JAX 09/13/2026 01:00PM ET,CLE,0
,,,,,,,,,,,,,,TE,Jack Stoll (43728351),Jack Stoll,43728351,TE/FLEX,2500,CLE@JAX 09/13/2026 01:00PM ET,CLE,1.11
,,,,,,,,,,,,,,TE,Blake Whiteheart (43728353),Blake Whiteheart,43728353,TE/FLEX,2500,CLE@JAX 09/13/2026 01:00PM ET,CLE,0.14
,,,,,,,,,,,,,,TE,Carsen Ryan (43728355),Carsen Ryan,43728355,TE/FLEX,2500,CLE@JAX 09/13/2026 01:00PM ET,CLE,0
,,,,,,,,,,,,,,TE,Brenden Bates (43728357),Brenden Bates,43728357,TE/FLEX,2500,CLE@JAX 09/13/2026 01:00PM ET,CLE,0.98
,,,,,,,,,,,,,,TE,Quintin Morris (43728509),Quintin Morris,43728509,TE/FLEX,2500,CLE@JAX 09/13/2026 01:00PM ET,JAX,1.17
,,,,,,,,,,,,,,TE,Hunter Long (43728511),Hunter Long,43728511,TE/FLEX,2500,CLE@JAX 09/13/2026 01:00PM ET,JAX,3.61
,,,,,,,,,,,,,,TE,Patrick Herbert (43728513),Patrick Herbert,43728513,TE/FLEX,2500,CLE@JAX 09/13/2026 01:00PM ET,JAX,0
,,,,,,,,,,,,,,TE,Charlie Kolar (43728297),Charlie Kolar,43728297,TE/FLEX,2500,ARI@LAC 09/13/2026 04:25PM ET,LAC,2.13
,,,,,,,,,,,,,,TE,Tip Reiman (43728455),Tip Reiman,43728455,TE/FLEX,2500,ARI@LAC 09/13/2026 04:25PM ET,ARI,0.96
,,,,,,,,,,,,,,TE,Elijah Higgins (43728457),Elijah Higgins,43728457,TE/FLEX,2500,ARI@LAC 09/13/2026 04:25PM ET,ARI,3.48
,,,,,,,,,,,,,,TE,Teagan Quitoriano (43728459),Teagan Quitoriano,43728459,TE/FLEX,2500,ARI@LAC 09/13/2026 04:25PM ET,ARI,0
,,,,,,,,,,,,,,TE,Kenny Yeboah (43728461),Kenny Yeboah,43728461,TE/FLEX,2500,ARI@LAC 09/13/2026 04:25PM ET,ARI,0
,,,,,,,,,,,,,,TE,Rivaldo Fairweather (43728463),Rivaldo Fairweather,43728463,TE/FLEX,2500,ARI@LAC 09/13/2026 04:25PM ET,ARI,0
,,,,,,,,,,,,,,TE,Jameson Geers (43728465),Jameson Geers,43728465,TE/FLEX,2500,ARI@LAC 09/13/2026 04:25PM ET,ARI,0
,,,,,,,,,,,,,,TE,Jerand Bradley (43728475),Jerand Bradley,43728475,TE/FLEX,2500,ARI@LAC 09/13/2026 04:25PM ET,LAC,0
,,,,,,,,,,,,,,TE,Evan Svoboda (43728477),Evan Svoboda,43728477,TE/FLEX,2500,ARI@LAC 09/13/2026 04:25PM ET,LAC,0
,,,,,,,,,,,,,,TE,Johnny Pascuzzi (43728479),Johnny Pascuzzi,43728479,TE/FLEX,2500,ARI@LAC 09/13/2026 04:25PM ET,LAC,0
,,,,,,,,,,,,,,TE,Ian Thomas (43728397),Ian Thomas,43728397,TE/FLEX,2500,MIA@LV 09/13/2026 04:25PM ET,LV,1.63
,,,,,,,,,,,,,,TE,Carter Runyon (43728399),Carter Runyon,43728399,TE/FLEX,2500,MIA@LV 09/13/2026 04:25PM ET,LV,0.1
,,,,,,,,,,,,,,TE,Albert Okwuegbunam Jr. (43728401),Albert Okwuegbunam Jr.,43728401,TE/FLEX,2500,MIA@LV 09/13/2026 04:25PM ET,LV,8.6
,,,,,,,,,,,,,,TE,Patrick Gurd (43728403),Patrick Gurd,43728403,TE/FLEX,2500,MIA@LV 09/13/2026 04:25PM ET,LV,0
,,,,,,,,,,,,,,TE,Will Kacmarek (43728405),Will Kacmarek,43728405,TE/FLEX,2500,MIA@LV 09/13/2026 04:25PM ET,MIA,0
,,,,,,,,,,,,,,TE,Seydou Traore (43728407),Seydou Traore,43728407,TE/FLEX,2500,MIA@LV 09/13/2026 04:25PM ET,MIA,0
,,,,,,,,,,,,,,TE,Ben Sims (43728409),Ben Sims,43728409,TE/FLEX,2500,MIA@LV 09/13/2026 04:25PM ET,MIA,0.54
,,,,,,,,,,,,,,TE,Cole Turner (43728411),Cole Turner,43728411,TE/FLEX,2500,MIA@LV 09/13/2026 04:25PM ET,MIA,0
,,,,,,,,,,,,,,TE,Kylen Granson (43728379),Kylen Granson,43728379,TE/FLEX,2500,NYJ@TEN 09/13/2026 01:00PM ET,TEN,0.61
,,,,,,,,,,,,,,TE,Jaren Kanak (43728381),Jaren Kanak,43728381,TE/FLEX,2500,NYJ@TEN 09/13/2026 01:00PM ET,TEN,0
,,,,,,,,,,,,,,TE,David Martin-Robinson (43728383),David Martin-Robinson,43728383,TE/FLEX,2500,NYJ@TEN 09/13/2026 01:00PM ET,TEN,0.76
,,,,,,,,,,,,,,TE,Joel Wilson (43728385),Joel Wilson,43728385,TE/FLEX,2500,NYJ@TEN 09/13/2026 01:00PM ET,TEN,0
,,,,,,,,,,,,,,TE,Jeremy Ruckert (43728433),Jeremy Ruckert,43728433,TE/FLEX,2500,NYJ@TEN 09/13/2026 01:00PM ET,NYJ,2.76
,,,,,,,,,,,,,,TE,Jelani Woods (43728435),Jelani Woods,43728435,TE/FLEX,2500,NYJ@TEN 09/13/2026 01:00PM ET,NYJ,0.28
,,,,,,,,,,,,,,TE,Chase Curtis (43728437),Chase Curtis,43728437,TE/FLEX,2500,NYJ@TEN 09/13/2026 01:00PM ET,NYJ,0
,,,,,,,,,,,,,,TE,Garrison Grimes (43728439),Garrison Grimes,43728439,TE/FLEX,2500,NYJ@TEN 09/13/2026 01:00PM ET,NYJ,0
,,,,,,,,,,,,,,DST,Jets  (43728542),Jets ,43728542,DST,2500,NYJ@TEN 09/13/2026 01:00PM ET,NYJ,2.76
,,,,,,,,,,,,,,TE,Charlie Woerner (43728311),Charlie Woerner,43728311,TE/FLEX,2500,ATL@PIT 09/13/2026 01:00PM ET,ATL,0.75
,,,,,,,,,,,,,,TE,Joshua Simon (43728313),Joshua Simon,43728313,TE/FLEX,2500,ATL@PIT 09/13/2026 01:00PM ET,ATL,0
,,,,,,,,,,,,,,TE,Jack Velling (43728315),Jack Velling,43728315,TE/FLEX,2500,ATL@PIT 09/13/2026 01:00PM ET,ATL,0
,,,,,,,,,,,,,,TE,Robert Tonyan (43728467),Robert Tonyan,43728467,TE/FLEX,2500,ATL@PIT 09/13/2026 01:00PM ET,PIT,0.06
,,,,,,,,,,,,,,TE,Jaheim Bell (43728469),Jaheim Bell,43728469,TE/FLEX,2500,ATL@PIT 09/13/2026 01:00PM ET,PIT,0
,,,,,,,,,,,,,,TE,Lake McRee (43728473),Lake McRee,43728473,TE/FLEX,2500,ATL@PIT 09/13/2026 01:00PM ET,PIT,0
,,,,,,,,,,,,,,TE,Nikola Kalinic (43728329),Nikola Kalinic,43728329,TE/FLEX,2500,CHI@CAR 09/13/2026 01:00PM ET,CHI,0
,,,,,,,,,,,,,,TE,Stephen Carlson (43728331),Stephen Carlson,43728331,TE/FLEX,2500,CHI@CAR 09/13/2026 01:00PM ET,CHI,0
,,,,,,,,,,,,,,TE,Qadir Ismail (43728333),Qadir Ismail,43728333,TE/FLEX,2500,CHI@CAR 09/13/2026 01:00PM ET,CHI,0
,,,,,,,,,,,,,,TE,Hayden Large (43728335),Hayden Large,43728335,TE/FLEX,2500,CHI@CAR 09/13/2026 01:00PM ET,CHI,0
,,,,,,,,,,,,,,TE,Feleipe Franks (43728503),Feleipe Franks,43728503,TE/FLEX,2500,CHI@CAR 09/13/2026 01:00PM ET,CAR,0.02
,,,,,,,,,,,,,,TE,James Mitchell (43728505),James Mitchell,43728505,TE/FLEX,2500,CHI@CAR 09/13/2026 01:00PM ET,CAR,0.97
,,,,,,,,,,,,,,TE,Caden Prieskorn (43728507),Caden Prieskorn,43728507,TE/FLEX,2500,CHI@CAR 09/13/2026 01:00PM ET,CAR,0
,,,,,,,,,,,,,,DST,Panthers  (43728543),Panthers ,43728543,DST,2500,CHI@CAR 09/13/2026 01:00PM ET,CAR,5.94
,,,,,,,,,,,,,,DST,Colts  (43728544),Colts ,43728544,DST,2400,BAL@IND 09/13/2026 01:00PM ET,IND,5.82
,,,,,,,,,,,,,,DST,Commanders  (43728545),Commanders ,43728545,DST,2300,WAS@PHI 09/13/2026 04:25PM ET,WAS,4.47
,,,,,,,,,,,,,,DST,Saints  (43728546),Saints ,43728546,DST,2200,NO@DET 09/13/2026 01:00PM ET,NO,6.94
,,,,,,,,,,,,,,DST,Browns  (43728547),Browns ,43728547,DST,2100,CLE@JAX 09/13/2026 01:00PM ET,CLE,7.82
,,,,,,,,,,,,,,DST,Cardinals  (43728548),Cardinals ,43728548,DST,2000,ARI@LAC 09/13/2026 04:25PM ET,ARI,4.29
