P,P,C,1B,2B,3B,SS,OF,OF,OF,,Instructions
,,,,,,,,,,,1. Locate the player you want to select in the list below 
,,,,,,,,,,,2. Copy the ID of your player (you can use the Name + ID column or the ID column) 
,,,,,,,,,,,3. Paste the ID into the roster position desired 
,,,,,,,,,,,4. You must include an ID for each player; you cannot use just the player's name 
,,,,,,,,,,,5. You can create up to 500 lineups per file 
 
,,,,,,,,,,,Position,Name + ID,Name,ID,Roster Position,Salary,Game Info,TeamAbbrev,AvgPointsPerGame
,,,,,,,,,,,SP,Chase Burns (43711483),Chase Burns,43711483,P,11000,PIT@CIN 07/30/2026 07:10PM ET,CIN,21.10
,,,,,,,,,,,SP,Chris Sale (43711484),Chris Sale,43711484,P,10800,WSH@ATL 07/30/2026 07:15PM ET,ATL,23.29
,,,,,,,,,,,SP,Tyler Glasnow (43711485),Tyler Glasnow,43711485,P,10500,SEA@LAD 07/30/2026 10:10PM ET,LAD,22.21
,,,,,,,,,,,SP,Yoshinobu Yamamoto (43711486),Yoshinobu Yamamoto,43711486,P,10500,SEA@LAD 07/30/2026 10:10PM ET,LAD,22.09
,,,,,,,,,,,SP,Logan Gilbert (43711487),Logan Gilbert,43711487,P,10000,SEA@LAD 07/30/2026 10:10PM ET,SEA,19.37
,,,,,,,,,,,SP,Garrett Crochet (43711488),Garrett Crochet,43711488,P,9600,BOS@ATH 07/30/2026 09:40PM ET,BOS,13.78
,,,,,,,,,,,SP,Paul Skenes (43711178),Paul Skenes,43711178,P,9500,PIT@CIN 07/30/2026 07:10PM ET,PIT,19.03
,,,,,,,,,,,SP,Nick Pivetta (43711489),Nick Pivetta,43711489,P,9500,SF@SD 07/30/2026 09:40PM ET,SD,15.3
,,,,,,,,,,,SP,Bryce Miller (43711179),Bryce Miller,43711179,P,9000,SEA@LAD 07/30/2026 10:10PM ET,SEA,19.34
,,,,,,,,,,,SP,George Kirby (43711490),George Kirby,43711490,P,9000,SEA@LAD 07/30/2026 10:10PM ET,SEA,15.86
,,,,,,,,,,,SP,Bryan Woo (43711491),Bryan Woo,43711491,P,9000,SEA@LAD 07/30/2026 10:10PM ET,SEA,16.16
,,,,,,,,,,,SP,Spencer Schwellenbach (43711493),Spencer Schwellenbach,43711493,P,8800,WSH@ATL 07/30/2026 07:15PM ET,ATL,0
,,,,,,,,,,,RP,AJ Smith-Shawver (43711494),AJ Smith-Shawver,43711494,P,8800,WSH@ATL 07/30/2026 07:15PM ET,ATL,10.15
,,,,,,,,,,,RP,Spencer Strider (43711495),Spencer Strider,43711495,P,8800,WSH@ATL 07/30/2026 07:15PM ET,ATL,14.67
,,,,,,,,,,,SP,Logan Webb (43711492),Logan Webb,43711492,P,8800,SF@SD 07/30/2026 09:40PM ET,SF,15.31
,,,,,,,,,,,SP,Nolan McLean (43711180),Nolan McLean,43711180,P,8800,MIA@NYM 07/30/2026 07:10PM ET,NYM,19.28
,,,,,,,,,,,SP,Tylor Megill (43711496),Tylor Megill,43711496,P,8800,MIA@NYM 07/30/2026 07:10PM ET,NYM,0
,,,,,,,,,,,SP,Zac Thornton (43711497),Zac Thornton,43711497,P,8800,MIA@NYM 07/30/2026 07:10PM ET,NYM,17.31
,,,,,,,,,,,RP,Clay Holmes (43711498),Clay Holmes,43711498,P,8800,MIA@NYM 07/30/2026 07:10PM ET,NYM,17.9
,,,,,,,,,,,SP,Payton Tolle (43711499),Payton Tolle,43711499,P,8600,BOS@ATH 07/30/2026 09:40PM ET,BOS,17.90
,,,,,,,,,,,SP,Ranger Suarez (43711500),Ranger Suarez,43711500,P,8600,BOS@ATH 07/30/2026 09:40PM ET,BOS,16.96
,,,,,,,,,,,SP,Foster Griffin (43711181),Foster Griffin,43711181,P,8600,WSH@ATL 07/30/2026 07:15PM ET,WSH,18.83
,,,,,,,,,,,SP,Connelly Early (43711501),Connelly Early,43711501,P,8600,WSH@ATL 07/30/2026 07:15PM ET,WSH,16.23
,,,,,,,,,,,RP,Braxton Ashcraft (43711505),Braxton Ashcraft,43711505,P,8500,PIT@CIN 07/30/2026 07:10PM ET,PIT,18.32
,,,,,,,,,,,SP,Justin Wrobleski (43711502),Justin Wrobleski,43711502,P,8500,SEA@LAD 07/30/2026 10:10PM ET,LAD,18.23
,,,,,,,,,,,SP,Blake Snell (43711503),Blake Snell,43711503,P,8500,SEA@LAD 07/30/2026 10:10PM ET,LAD,3.95
,,,,,,,,,,,RP,Michael King (43711504),Michael King,43711504,P,8500,SF@SD 07/30/2026 09:40PM ET,SD,15.29
,,,,,,,,,,,SP,Joe Musgrove (43711506),Joe Musgrove,43711506,P,8500,SF@SD 07/30/2026 09:40PM ET,SD,0
,,,,,,,,,,,SP,Eury Perez (43711182),Eury Perez,43711182,P,8300,MIA@NYM 07/30/2026 07:10PM ET,MIA,16.96
,,,,,,,,,,,SP,Max Meyer (43711507),Max Meyer,43711507,P,8300,MIA@NYM 07/30/2026 07:10PM ET,MIA,19.10
,,,,,,,,,,,SP,Sandy Alcantara (43711508),Sandy Alcantara,43711508,P,8300,MIA@NYM 07/30/2026 07:10PM ET,MIA,16.26
,,,,,,,,,,,SP,Sonny Gray (43711183),Sonny Gray,43711183,P,8100,BOS@ATH 07/30/2026 09:40PM ET,BOS,17.46
,,,,,,,,,,,SP,Cade Cavalli (43711509),Cade Cavalli,43711509,P,8100,WSH@ATL 07/30/2026 07:15PM ET,WSH,15.86
,,,,,,,,,,,SP,Hunter Greene (43711510),Hunter Greene,43711510,P,8000,PIT@CIN 07/30/2026 07:10PM ET,CIN,15.84
,,,,,,,,,,,SP,Emerson Hancock (43711511),Emerson Hancock,43711511,P,8000,SEA@LAD 07/30/2026 10:10PM ET,SEA,16.24
,,,,,,,,,,,SP,Robbie Ray (43711184),Robbie Ray,43711184,P,7800,SF@SD 07/30/2026 09:40PM ET,SF,15.56
,,,,,,,,,,,RP,Landen Roupp (43711512),Landen Roupp,43711512,P,7800,SF@SD 07/30/2026 09:40PM ET,SF,15.22
,,,,,,,,,,,SP,Tyler Mahle (43711513),Tyler Mahle,43711513,P,7800,SF@SD 07/30/2026 09:40PM ET,SF,11.68
,,,,,,,,,,,RP,Trevor McDonald (43711514),Trevor McDonald,43711514,P,7800,SF@SD 07/30/2026 09:40PM ET,SF,10.13
,,,,,,,,,,,SP,Carson Whisenhunt (43711515),Carson Whisenhunt,43711515,P,7800,SF@SD 07/30/2026 09:40PM ET,SF,13.35
,,,,,,,,,,,SP,Christian Scott (43711516),Christian Scott,43711516,P,7800,MIA@NYM 07/30/2026 07:10PM ET,NYM,15.83
,,,,,,,,,,,SP,Jake Bennett (43711517),Jake Bennett,43711517,P,7600,BOS@ATH 07/30/2026 09:40PM ET,BOS,16.74
,,,,,,,,,,,SP,Gage Jump (43711519),Gage Jump,43711519,P,7500,BOS@ATH 07/30/2026 09:40PM ET,ATH,15.26
,,,,,,,,,,,SP,Jared Jones (43711520),Jared Jones,43711520,P,7500,PIT@CIN 07/30/2026 07:10PM ET,PIT,15.02
,,,,,,,,,,,RP,Carmen Mlodzinski (43711521),Carmen Mlodzinski,43711521,P,7500,PIT@CIN 07/30/2026 07:10PM ET,PIT,9.60
,,,,,,,,,,,SP,Mitch Keller (43711522),Mitch Keller,43711522,P,7500,PIT@CIN 07/30/2026 07:10PM ET,PIT,11.31
,,,,,,,,,,,SP,Bubba Chandler (43711523),Bubba Chandler,43711523,P,7500,PIT@CIN 07/30/2026 07:10PM ET,PIT,11.00
,,,,,,,,,,,SP,Roki Sasaki (43711185),Roki Sasaki,43711185,P,7500,SEA@LAD 07/30/2026 10:10PM ET,LAD,13.40
,,,,,,,,,,,SP,Emmet Sheehan (43711518),Emmet Sheehan,43711518,P,7500,SEA@LAD 07/30/2026 10:10PM ET,LAD,13.51
,,,,,,,,,,,RP,J.T. Ginn (43711524),J.T. Ginn,43711524,P,7400,BOS@ATH 07/30/2026 09:40PM ET,ATH,14.11
,,,,,,,,,,,SP,Robby Snelling (43711525),Robby Snelling,43711525,P,7300,MIA@NYM 07/30/2026 07:10PM ET,MIA,3.85
,,,,,,,,,,,SP,Nick Lodolo (43711526),Nick Lodolo,43711526,P,7000,PIT@CIN 07/30/2026 07:10PM ET,CIN,10.75
,,,,,,,,,,,SP,Andrew Abbott (43711527),Andrew Abbott,43711527,P,7000,PIT@CIN 07/30/2026 07:10PM ET,CIN,12.58
,,,,,,,,,,,SP,Logan Evans (43711528),Logan Evans,43711528,P,7000,SEA@LAD 07/30/2026 10:10PM ET,SEA,0
,,,,,,,,,,,RP,Cooper Criswell (43711529),Cooper Criswell,43711529,P,7000,SEA@LAD 07/30/2026 10:10PM ET,SEA,2.95
,,,,,,,,,,,SP,Luis Castillo (43711530),Luis Castillo,43711530,P,7000,SEA@LAD 07/30/2026 10:10PM ET,SEA,10.49
,,,,,,,,,,,RP,Grant Holmes (43711186),Grant Holmes,43711186,P,6800,WSH@ATL 07/30/2026 07:15PM ET,ATL,12.3
,,,,,,,,,,,RP,Owen Murphy (43711533),Owen Murphy,43711533,P,6800,WSH@ATL 07/30/2026 07:15PM ET,ATL,5.2
,,,,,,,,,,,RP,Didier Fuentes (43711534),Didier Fuentes,43711534,P,6800,WSH@ATL 07/30/2026 07:15PM ET,ATL,4.55
,,,,,,,,,,,SP,JR Ritchie (43711535),JR Ritchie,43711535,P,6800,WSH@ATL 07/30/2026 07:15PM ET,ATL,9.15
,,,,,,,,,,,RP,Reynaldo Lopez (43711536),Reynaldo Lopez,43711536,P,6800,WSH@ATL 07/30/2026 07:15PM ET,ATL,8.04
,,,,,,,,,,,SP,Bryce Elder (43711537),Bryce Elder,43711537,P,6800,WSH@ATL 07/30/2026 07:15PM ET,ATL,14.47
,,,,,,,,,,,RP,Martin Perez (43711538),Martin Perez,43711538,P,6800,WSH@ATL 07/30/2026 07:15PM ET,ATL,11.37
,,,,,,,,,,,SP,Hurston Waldrep (43711539),Hurston Waldrep,43711539,P,6800,WSH@ATL 07/30/2026 07:15PM ET,ATL,2.33
,,,,,,,,,,,SP,Blade Tidwell (43711540),Blade Tidwell,43711540,P,6800,SF@SD 07/30/2026 09:40PM ET,SF,3.82
,,,,,,,,,,,SP,Keaton Winn (43711541),Keaton Winn,43711541,P,6800,SF@SD 07/30/2026 09:40PM ET,SF,2.60
,,,,,,,,,,,RP,Dylan Smith (43711542),Dylan Smith,43711542,P,6800,SF@SD 07/30/2026 09:40PM ET,SF,2.93
,,,,,,,,,,,RP,JT Brubaker (43711543),JT Brubaker,43711543,P,6800,SF@SD 07/30/2026 09:40PM ET,SF,3.64
,,,,,,,,,,,RP,Carson Seymour (43711544),Carson Seymour,43711544,P,6800,SF@SD 07/30/2026 09:40PM ET,SF,-4.02
,,,,,,,,,,,RP,Tristan Beck (43711545),Tristan Beck,43711545,P,6800,SF@SD 07/30/2026 09:40PM ET,SF,1.08
,,,,,,,,,,,SP,Adrian Houser (43711546),Adrian Houser,43711546,P,6800,SF@SD 07/30/2026 09:40PM ET,SF,7.57
,,,,,,,,,,,RP,Jose Butto (43711547),Jose Butto,43711547,P,6800,SF@SD 07/30/2026 09:40PM ET,SF,-0.5
,,,,,,,,,,,RP,Hayden Birdsong (43711548),Hayden Birdsong,43711548,P,6800,SF@SD 07/30/2026 09:40PM ET,SF,0
,,,,,,,,,,,SP,Caleb Kilian (43711549),Caleb Kilian,43711549,P,6800,SF@SD 07/30/2026 09:40PM ET,SF,3.03
,,,,,,,,,,,SP,Sean Manaea (43711531),Sean Manaea,43711531,P,6800,MIA@NYM 07/30/2026 07:10PM ET,NYM,9.30
,,,,,,,,,,,SP,Freddy Peralta (43711532),Freddy Peralta,43711532,P,6800,MIA@NYM 07/30/2026 07:10PM ET,NYM,12.57
,,,,,,,,,,,1B/OF,Shohei Ohtani (43711190),Shohei Ohtani,43711190,1B/OF,6700,SEA@LAD 07/30/2026 10:10PM ET,LAD,9.48
,,,,,,,,,,,SP,Tanner Houck (43711550),Tanner Houck,43711550,P,6600,BOS@ATH 07/30/2026 09:40PM ET,BOS,0
,,,,,,,,,,,SP,Kutter Crawford (43711551),Kutter Crawford,43711551,P,6600,BOS@ATH 07/30/2026 09:40PM ET,BOS,0
,,,,,,,,,,,SP,Patrick Sandoval (43711552),Patrick Sandoval,43711552,P,6600,BOS@ATH 07/30/2026 09:40PM ET,BOS,12.54
,,,,,,,,,,,RP,Eduardo Rivera (43711553),Eduardo Rivera,43711553,P,6600,BOS@ATH 07/30/2026 09:40PM ET,BOS,5.02
,,,,,,,,,,,RP,Andrew Alvarez (43711554),Andrew Alvarez,43711554,P,6600,WSH@ATL 07/30/2026 07:15PM ET,WSH,9.93
,,,,,,,,,,,SP,Jake Irvin (43711555),Jake Irvin,43711555,P,6600,WSH@ATL 07/30/2026 07:15PM ET,WSH,12.24
,,,,,,,,,,,SP,Luis Morales (43711564),Luis Morales,43711564,P,6500,BOS@ATH 07/30/2026 09:40PM ET,ATH,0.12
,,,,,,,,,,,SP,Kade Morris (43711565),Kade Morris,43711565,P,6500,BOS@ATH 07/30/2026 09:40PM ET,ATH,-2.17
,,,,,,,,,,,RP,Yunior Tur (43711566),Yunior Tur,43711566,P,6500,BOS@ATH 07/30/2026 09:40PM ET,ATH,-12.8
,,,,,,,,,,,SP,Luis Severino (43711567),Luis Severino,43711567,P,6500,BOS@ATH 07/30/2026 09:40PM ET,ATH,13.72
,,,,,,,,,,,SP,Gunnar Hoglund (43711568),Gunnar Hoglund,43711568,P,6500,BOS@ATH 07/30/2026 09:40PM ET,ATH,0
,,,,,,,,,,,RP,Jack Perkins (43711569),Jack Perkins,43711569,P,6500,BOS@ATH 07/30/2026 09:40PM ET,ATH,6.28
,,,,,,,,,,,RP,Joey Estes (43711570),Joey Estes,43711570,P,6500,BOS@ATH 07/30/2026 09:40PM ET,ATH,6.15
,,,,,,,,,,,OF,James Wood (43711192),James Wood,43711192,OF,6500,WSH@ATL 07/30/2026 07:15PM ET,WSH,11.09
,,,,,,,,,,,SP,River Ryan (43711558),River Ryan,43711558,P,6500,SEA@LAD 07/30/2026 10:10PM ET,LAD,0
,,,,,,,,,,,SP,Gavin Stone (43711559),Gavin Stone,43711559,P,6500,SEA@LAD 07/30/2026 10:10PM ET,LAD,0
,,,,,,,,,,,SP,Bobby Miller (43711560),Bobby Miller,43711560,P,6500,SEA@LAD 07/30/2026 10:10PM ET,LAD,0
,,,,,,,,,,,SP,Landon Knack (43711561),Landon Knack,43711561,P,6500,SEA@LAD 07/30/2026 10:10PM ET,LAD,1.92
,,,,,,,,,,,RP,Eric Lauer (43711562),Eric Lauer,43711562,P,6500,SEA@LAD 07/30/2026 10:10PM ET,LAD,10.66
,,,,,,,,,,,RP,Chayce McDermott (43711563),Chayce McDermott,43711563,P,6500,SEA@LAD 07/30/2026 10:10PM ET,LAD,0.72
,,,,,,,,,,,SP,German Marquez (43711187),German Marquez,43711187,P,6500,SF@SD 07/30/2026 09:40PM ET,SD,8.30
,,,,,,,,,,,SP,Walker Buehler (43711556),Walker Buehler,43711556,P,6500,SF@SD 07/30/2026 09:40PM ET,SD,10.95
,,,,,,,,,,,SP,JP Sears (43711557),JP Sears,43711557,P,6500,SF@SD 07/30/2026 09:40PM ET,SD,12.87
,,,,,,,,,,,SP,Randy Vasquez (43711571),Randy Vasquez,43711571,P,6500,SF@SD 07/30/2026 09:40PM ET,SD,8.76
,,,,,,,,,,,SP,Griffin Canning (43711572),Griffin Canning,43711572,P,6500,SF@SD 07/30/2026 09:40PM ET,SD,8.08
,,,,,,,,,,,SS,CJ Abrams (43711193),CJ Abrams,43711193,SS,6300,WSH@ATL 07/30/2026 07:15PM ET,WSH,10.23
,,,,,,,,,,,RP,Janson Junk (43711573),Janson Junk,43711573,P,6300,MIA@NYM 07/30/2026 07:10PM ET,MIA,11.08
,,,,,,,,,,,SP,Rhett Lowder (43711188),Rhett Lowder,43711188,P,6000,PIT@CIN 07/30/2026 07:10PM ET,CIN,8.01
,,,,,,,,,,,SP,Brady Singer (43711574),Brady Singer,43711574,P,6000,PIT@CIN 07/30/2026 07:10PM ET,CIN,11.60
,,,,,,,,,,,SP,Brandon Williamson (43711575),Brandon Williamson,43711575,P,6000,PIT@CIN 07/30/2026 07:10PM ET,CIN,6.93
,,,,,,,,,,,SP,Chase Petty (43711576),Chase Petty,43711576,P,6000,PIT@CIN 07/30/2026 07:10PM ET,CIN,2.86
,,,,,,,,,,,SP,Connor Phillips (43711577),Connor Phillips,43711577,P,6000,PIT@CIN 07/30/2026 07:10PM ET,CIN,2.28
,,,,,,,,,,,RP,Jose Franco (43711578),Jose Franco,43711578,P,6000,PIT@CIN 07/30/2026 07:10PM ET,CIN,3.88
,,,,,,,,,,,OF,Fernando Tatis Jr. (43711194),Fernando Tatis Jr.,43711194,OF,6000,SF@SD 07/30/2026 09:40PM ET,SD,8.35
,,,,,,,,,,,RP,Joey Wentz (43711584),Joey Wentz,43711584,P,5800,WSH@ATL 07/30/2026 07:15PM ET,ATL,0
,,,,,,,,,,,RP,Connor Thomas (43711585),Connor Thomas,43711585,P,5800,WSH@ATL 07/30/2026 07:15PM ET,ATL,-10.18
,,,,,,,,,,,RP,Victor Mederos (43711586),Victor Mederos,43711586,P,5800,WSH@ATL 07/30/2026 07:15PM ET,ATL,3.99
,,,,,,,,,,,SP,Trevor Williams (43725226),Trevor Williams,43725226,P,5800,WSH@ATL 07/30/2026 07:15PM ET,WSH,5
,,,,,,,,,,,RP,Justin Hagenman (43711579),Justin Hagenman,43711579,P,5800,MIA@NYM 07/30/2026 07:10PM ET,NYM,0
,,,,,,,,,,,SP,Tobias Myers (43711580),Tobias Myers,43711580,P,5800,MIA@NYM 07/30/2026 07:10PM ET,NYM,2.58
,,,,,,,,,,,SP,Kodai Senga (43711581),Kodai Senga,43711581,P,5800,MIA@NYM 07/30/2026 07:10PM ET,NYM,5.28
,,,,,,,,,,,RP,Xzavion Curry (43711582),Xzavion Curry,43711582,P,5800,MIA@NYM 07/30/2026 07:10PM ET,NYM,3.32
,,,,,,,,,,,SP,Jonah Tong (43711583),Jonah Tong,43711583,P,5800,MIA@NYM 07/30/2026 07:10PM ET,NYM,7.83
,,,,,,,,,,,SS,Elly De La Cruz (43711195),Elly De La Cruz,43711195,SS,5700,PIT@CIN 07/30/2026 07:10PM ET,CIN,9.66
,,,,,,,,,,,OF,Juan Soto (43711372),Juan Soto,43711372,OF,5700,MIA@NYM 07/30/2026 07:10PM ET,NYM,9.27
,,,,,,,,,,,SP,Johan Oviedo (43711587),Johan Oviedo,43711587,P,5600,BOS@ATH 07/30/2026 09:40PM ET,BOS,1.45
,,,,,,,,,,,SP,Brayan Bello (43711588),Brayan Bello,43711588,P,5600,BOS@ATH 07/30/2026 09:40PM ET,BOS,8.56
,,,,,,,,,,,OF,Ronald Acuna Jr. (43711196),Ronald Acuna Jr.,43711196,OF,5600,WSH@ATL 07/30/2026 07:15PM ET,ATL,8.70
,,,,,,,,,,,SP,Josiah Gray (43711589),Josiah Gray,43711589,P,5600,WSH@ATL 07/30/2026 07:15PM ET,WSH,0
,,,,,,,,,,,SP,Luis Perales (43711590),Luis Perales,43711590,P,5600,WSH@ATL 07/30/2026 07:15PM ET,WSH,0
,,,,,,,,,,,SP,DJ Herz (43711591),DJ Herz,43711591,P,5600,WSH@ATL 07/30/2026 07:15PM ET,WSH,0
,,,,,,,,,,,SP,Jackson Rutledge (43711592),Jackson Rutledge,43711592,P,5600,WSH@ATL 07/30/2026 07:15PM ET,WSH,-11.8
,,,,,,,,,,,RP,Carson Palmquist (43711593),Carson Palmquist,43711593,P,5600,WSH@ATL 07/30/2026 07:15PM ET,WSH,2.14
,,,,,,,,,,,RP,Max Kranick (43711594),Max Kranick,43711594,P,5600,WSH@ATL 07/30/2026 07:15PM ET,WSH,-0.42
,,,,,,,,,,,SP,Mitchell Parker (43711595),Mitchell Parker,43711595,P,5600,WSH@ATL 07/30/2026 07:15PM ET,WSH,3.42
,,,,,,,,,,,SP,Miles Mikolas (43711596),Miles Mikolas,43711596,P,5600,WSH@ATL 07/30/2026 07:15PM ET,WSH,6.36
,,,,,,,,,,,RP,Brad Lord (43711597),Brad Lord,43711597,P,5600,WSH@ATL 07/30/2026 07:15PM ET,WSH,5.88
,,,,,,,,,,,RP,Zack Littell (43711598),Zack Littell,43711598,P,5600,WSH@ATL 07/30/2026 07:15PM ET,WSH,9.03
,,,,,,,,,,,RP,Mason Barnett (43711189),Mason Barnett,43711189,P,5500,BOS@ATH 07/30/2026 09:40PM ET,ATH,4.22
,,,,,,,,,,,SP,Luis Medina (43711607),Luis Medina,43711607,P,5500,BOS@ATH 07/30/2026 09:40PM ET,ATH,4.11
,,,,,,,,,,,RP,Jose Suarez (43711608),Jose Suarez,43711608,P,5500,BOS@ATH 07/30/2026 09:40PM ET,ATH,3.68
,,,,,,,,,,,RP,Jeffrey Springs (43711609),Jeffrey Springs,43711609,P,5500,BOS@ATH 07/30/2026 09:40PM ET,ATH,8.68
,,,,,,,,,,,RP,Jacob Lopez (43711610),Jacob Lopez,43711610,P,5500,BOS@ATH 07/30/2026 09:40PM ET,ATH,8.09
,,,,,,,,,,,RP,Hunter Barco (43711603),Hunter Barco,43711603,P,5500,PIT@CIN 07/30/2026 07:10PM ET,PIT,1.45
,,,,,,,,,,,RP,Antwone Kelly (43711604),Antwone Kelly,43711604,P,5500,PIT@CIN 07/30/2026 07:10PM ET,PIT,-1.52
,,,,,,,,,,,RP,Thomas Harrington (43711605),Thomas Harrington,43711605,P,5500,PIT@CIN 07/30/2026 07:10PM ET,PIT,0
,,,,,,,,,,,RP,Wilber Dotel (43711606),Wilber Dotel,43711606,P,5500,PIT@CIN 07/30/2026 07:10PM ET,PIT,5.51
,,,,,,,,,,,1B,Freddie Freeman (43711197),Freddie Freeman,43711197,1B,5500,SEA@LAD 07/30/2026 10:10PM ET,LAD,8.31
,,,,,,,,,,,SP,Matt Waldron (43711599),Matt Waldron,43711599,P,5500,SF@SD 07/30/2026 09:40PM ET,SD,4.97
,,,,,,,,,,,SP,Kyle Hart (43711600),Kyle Hart,43711600,P,5500,SF@SD 07/30/2026 09:40PM ET,SD,3.24
,,,,,,,,,,,SP,Lucas Giolito (43711601),Lucas Giolito,43711601,P,5500,SF@SD 07/30/2026 09:40PM ET,SD,6.16
,,,,,,,,,,,RP,Jhony Brito (43711602),Jhony Brito,43711602,P,5500,SF@SD 07/30/2026 09:40PM ET,SD,4.33
,,,,,,,,,,,1B,Willson Contreras (43711198),Willson Contreras,43711198,1B,5400,BOS@ATH 07/30/2026 09:40PM ET,BOS,8.81
,,,,,,,,,,,C,Drake Baldwin (43711200),Drake Baldwin,43711200,C,5300,WSH@ATL 07/30/2026 07:15PM ET,ATL,9.05
,,,,,,,,,,,2B,Brandon Lowe (43711199),Brandon Lowe,43711199,2B,5300,PIT@CIN 07/30/2026 07:10PM ET,PIT,8.66
,,,,,,,,,,,SP,Chris Paddack (43711611),Chris Paddack,43711611,P,5300,MIA@NYM 07/30/2026 07:10PM ET,MIA,4.58
,,,,,,,,,,,RP,Lake Bachar (43711612),Lake Bachar,43711612,P,5300,MIA@NYM 07/30/2026 07:10PM ET,MIA,4.3
,,,,,,,,,,,RP,Dax Fulton (43711613),Dax Fulton,43711613,P,5300,MIA@NYM 07/30/2026 07:10PM ET,MIA,5.02
,,,,,,,,,,,RP,Tyler Phillips (43711614),Tyler Phillips,43711614,P,5300,MIA@NYM 07/30/2026 07:10PM ET,MIA,6.92
,,,,,,,,,,,SP,Braxton Garrett (43711615),Braxton Garrett,43711615,P,5300,MIA@NYM 07/30/2026 07:10PM ET,MIA,-1.62
,,,,,,,,,,,SP,Adam Mazur (43711616),Adam Mazur,43711616,P,5300,MIA@NYM 07/30/2026 07:10PM ET,MIA,0
,,,,,,,,,,,RP,Ryan Gusto (43711617),Ryan Gusto,43711617,P,5300,MIA@NYM 07/30/2026 07:10PM ET,MIA,5.76
,,,,,,,,,,,SP,Bradley Blalock (43711618),Bradley Blalock,43711618,P,5300,MIA@NYM 07/30/2026 07:10PM ET,MIA,0
,,,,,,,,,,,1B,Nick Kurtz (43711202),Nick Kurtz,43711202,1B,5200,BOS@ATH 07/30/2026 09:40PM ET,ATH,9.37
,,,,,,,,,,,OF,Oneil Cruz (43711373),Oneil Cruz,43711373,OF,5200,PIT@CIN 07/30/2026 07:10PM ET,PIT,10.39
,,,,,,,,,,,3B,Max Muncy (43711201),Max Muncy,43711201,3B,5200,SEA@LAD 07/30/2026 10:10PM ET,LAD,7.66
,,,,,,,,,,,1B,Luis Garcia Jr. (43711204),Luis Garcia Jr.,43711204,1B,5100,WSH@ATL 07/30/2026 07:15PM ET,WSH,7.87
,,,,,,,,,,,OF,Bryan Reynolds (43711203),Bryan Reynolds,43711203,OF,5100,PIT@CIN 07/30/2026 07:10PM ET,PIT,8.62
,,,,,,,,,,,1B,Matt Olson (43711205),Matt Olson,43711205,1B,5000,WSH@ATL 07/30/2026 07:15PM ET,ATL,8.99
,,,,,,,,,,,3B,Manny Machado (43711206),Manny Machado,43711206,3B,5000,SF@SD 07/30/2026 09:40PM ET,SD,7.61
,,,,,,,,,,,OF,Wilyer Abreu (43711208),Wilyer Abreu,43711208,OF,4900,BOS@ATH 07/30/2026 09:40PM ET,BOS,7.56
,,,,,,,,,,,OF,Andy Pages (43711207),Andy Pages,43711207,OF,4900,SEA@LAD 07/30/2026 10:10PM ET,LAD,8.56
,,,,,,,,,,,1B,Ryan O'Hearn (43711210),Ryan O'Hearn,43711210,1B,4800,PIT@CIN 07/30/2026 07:10PM ET,PIT,8.06
,,,,,,,,,,,SS,Mookie Betts (43711209),Mookie Betts,43711209,SS,4800,SEA@LAD 07/30/2026 10:10PM ET,LAD,7.16
,,,,,,,,,,,1B/3B,Sal Stewart (43711211),Sal Stewart,43711211,1B/3B,4700,PIT@CIN 07/30/2026 07:10PM ET,CIN,8.76
,,,,,,,,,,,2B/OF,Tommy Edman (43711213),Tommy Edman,43711213,2B/OF,4700,SEA@LAD 07/30/2026 10:10PM ET,LAD,7.70
,,,,,,,,,,,OF,Michael Harris II (43711215),Michael Harris II,43711215,OF,4600,WSH@ATL 07/30/2026 07:15PM ET,ATL,7.95
,,,,,,,,,,,OF,Randy Arozarena (43711216),Randy Arozarena,43711216,OF,4600,SEA@LAD 07/30/2026 10:10PM ET,SEA,8.73
,,,,,,,,,,,OF,Tyler Soderstrom (43711219),Tyler Soderstrom,43711219,OF,4500,BOS@ATH 07/30/2026 09:40PM ET,ATH,7.60
,,,,,,,,,,,2B/3B,Curtis Mead (43711374),Curtis Mead,43711374,2B/3B,4500,BOS@ATH 07/30/2026 09:40PM ET,BOS,7.80
,,,,,,,,,,,2B,Ozzie Albies (43711217),Ozzie Albies,43711217,2B,4500,WSH@ATL 07/30/2026 07:15PM ET,ATL,7.69
,,,,,,,,,,,OF,Esmerlyn Valdez (43711218),Esmerlyn Valdez,43711218,OF,4500,PIT@CIN 07/30/2026 07:10PM ET,PIT,9.9
,,,,,,,,,,,OF,Kyle Tucker (43711220),Kyle Tucker,43711220,OF,4500,SEA@LAD 07/30/2026 10:10PM ET,LAD,7.12
,,,,,,,,,,,OF,Jackson Merrill (43711221),Jackson Merrill,43711221,OF,4500,SF@SD 07/30/2026 09:40PM ET,SD,7.57
,,,,,,,,,,,3B,Casey Schmitt (43711376),Casey Schmitt,43711376,3B,4500,SF@SD 07/30/2026 09:40PM ET,SF,8.02
,,,,,,,,,,,OF,Ceddanne Rafaela (43711223),Ceddanne Rafaela,43711223,OF,4400,BOS@ATH 07/30/2026 09:40PM ET,BOS,7.67
,,,,,,,,,,,OF,Roman Anthony (43711377),Roman Anthony,43711377,OF,4400,BOS@ATH 07/30/2026 09:40PM ET,BOS,6.1
,,,,,,,,,,,SS,Otto Lopez (43711222),Otto Lopez,43711222,SS,4400,MIA@NYM 07/30/2026 07:10PM ET,MIA,9.10
,,,,,,,,,,,3B,Bo Bichette (43711224),Bo Bichette,43711224,3B,4400,MIA@NYM 07/30/2026 07:10PM ET,NYM,6.59
,,,,,,,,,,,C,Shea Langeliers (43711378),Shea Langeliers,43711378,C,4300,BOS@ATH 07/30/2026 09:40PM ET,ATH,8.56
,,,,,,,,,,,OF,Dylan Crews (43711227),Dylan Crews,43711227,OF,4300,WSH@ATL 07/30/2026 07:15PM ET,WSH,7.35
,,,,,,,,,,,1B,Rafael Devers (43711225),Rafael Devers,43711225,1B,4300,SF@SD 07/30/2026 09:40PM ET,SF,7.73
,,,,,,,,,,,2B,Luis Arraez (43711228),Luis Arraez,43711228,2B,4300,SF@SD 07/30/2026 09:40PM ET,SF,7.94
,,,,,,,,,,,C,Liam Hicks (43711226),Liam Hicks,43711226,C,4300,MIA@NYM 07/30/2026 07:10PM ET,MIA,7.65
,,,,,,,,,,,SS,Francisco Lindor (43711229),Francisco Lindor,43711229,SS,4300,MIA@NYM 07/30/2026 07:10PM ET,NYM,7.33
,,,,,,,,,,,SS,Jacob Wilson (43711230),Jacob Wilson,43711230,SS,4200,BOS@ATH 07/30/2026 09:40PM ET,ATH,6.96
,,,,,,,,,,,OF,Julio Rodriguez (43711231),Julio Rodriguez,43711231,OF,4200,SEA@LAD 07/30/2026 10:10PM ET,SEA,7.83
,,,,,,,,,,,2B,Xavier Edwards (43711232),Xavier Edwards,43711232,2B,4200,MIA@NYM 07/30/2026 07:10PM ET,MIA,7.60
,,,,,,,,,,,3B/OF,Zack Gelof (43711379),Zack Gelof,43711379,3B/OF,4100,BOS@ATH 07/30/2026 09:40PM ET,ATH,7.55
,,,,,,,,,,,2B/3B,Nick Gonzales (43711233),Nick Gonzales,43711233,2B/3B,4100,PIT@CIN 07/30/2026 07:10PM ET,PIT,7.28
,,,,,,,,,,,C,Endy Rodriguez (43711235),Endy Rodriguez,43711235,C,4100,PIT@CIN 07/30/2026 07:10PM ET,PIT,6.86
,,,,,,,,,,,SP,Braden Nett (43711620),Braden Nett,43711620,P,4000,BOS@ATH 07/30/2026 09:40PM ET,ATH,0
,,,,,,,,,,,SP,Henry Baez (43711624),Henry Baez,43711624,P,4000,BOS@ATH 07/30/2026 09:40PM ET,ATH,0
,,,,,,,,,,,SP,Chen Zhong-Ao Zhuang (43711637),Chen Zhong-Ao Zhuang,43711637,P,4000,BOS@ATH 07/30/2026 09:40PM ET,ATH,0
,,,,,,,,,,,RP,Michael Kelly (43711640),Michael Kelly,43711640,P,4000,BOS@ATH 07/30/2026 09:40PM ET,ATH,-1.11
,,,,,,,,,,,RP,Aroldis Chapman (43711644),Aroldis Chapman,43711644,P,4000,BOS@ATH 07/30/2026 09:40PM ET,BOS,3.82
,,,,,,,,,,,RP,Garrett Whitlock (43711657),Garrett Whitlock,43711657,P,4000,BOS@ATH 07/30/2026 09:40PM ET,BOS,3.88
,,,,,,,,,,,RP,Jovani Moran (43711658),Jovani Moran,43711658,P,4000,BOS@ATH 07/30/2026 09:40PM ET,BOS,5.17
,,,,,,,,,,,RP,Hayden Juenger (43711668),Hayden Juenger,43711668,P,4000,BOS@ATH 07/30/2026 09:40PM ET,ATH,0.91
,,,,,,,,,,,RP,Zack Kelly (43711673),Zack Kelly,43711673,P,4000,BOS@ATH 07/30/2026 09:40PM ET,BOS,2.21
,,,,,,,,,,,RP,Greg Weissert (43711674),Greg Weissert,43711674,P,4000,BOS@ATH 07/30/2026 09:40PM ET,BOS,2.67
,,,,,,,,,,,RP,Tyler Samaniego (43711677),Tyler Samaniego,43711677,P,4000,BOS@ATH 07/30/2026 09:40PM ET,BOS,2.43
,,,,,,,,,,,RP,Joe La Sorsa (43711680),Joe La Sorsa,43711680,P,4000,BOS@ATH 07/30/2026 09:40PM ET,BOS,0.15
,,,,,,,,,,,RP,Tyron Guerrero (43711694),Tyron Guerrero,43711694,P,4000,BOS@ATH 07/30/2026 09:40PM ET,BOS,3.75
,,,,,,,,,,,RP,Alec Gamboa (43711700),Alec Gamboa,43711700,P,4000,BOS@ATH 07/30/2026 09:40PM ET,BOS,5.46
,,,,,,,,,,,RP,Ryan Watson (43711722),Ryan Watson,43711722,P,4000,BOS@ATH 07/30/2026 09:40PM ET,BOS,3.25
,,,,,,,,,,,RP,Danny Coulombe (43711723),Danny Coulombe,43711723,P,4000,BOS@ATH 07/30/2026 09:40PM ET,BOS,0.93
,,,,,,,,,,,RP,Scott Blewett (43711727),Scott Blewett,43711727,P,4000,BOS@ATH 07/30/2026 09:40PM ET,ATH,6.7
,,,,,,,,,,,RP,Brooks Kriske (43711730),Brooks Kriske,43711730,P,4000,BOS@ATH 07/30/2026 09:40PM ET,ATH,4.1
,,,,,,,,,,,RP,Justin Slaten (43711734),Justin Slaten,43711734,P,4000,BOS@ATH 07/30/2026 09:40PM ET,BOS,2.75
,,,,,,,,,,,RP,Hogan Harris (43711739),Hogan Harris,43711739,P,4000,BOS@ATH 07/30/2026 09:40PM ET,ATH,3.30
,,,,,,,,,,,RP,Elvis Alvarado (43711748),Elvis Alvarado,43711748,P,4000,BOS@ATH 07/30/2026 09:40PM ET,ATH,3.36
,,,,,,,,,,,RP,Mark Leiter Jr. (43711763),Mark Leiter Jr.,43711763,P,4000,BOS@ATH 07/30/2026 09:40PM ET,ATH,2.54
,,,,,,,,,,,RP,Brady Basso (43711779),Brady Basso,43711779,P,4000,BOS@ATH 07/30/2026 09:40PM ET,ATH,2.93
,,,,,,,,,,,RP,Justin Sterner (43711782),Justin Sterner,43711782,P,4000,BOS@ATH 07/30/2026 09:40PM ET,ATH,1.97
,,,,,,,,,,,RP,Tyler Uberstine (43711784),Tyler Uberstine,43711784,P,4000,BOS@ATH 07/30/2026 09:40PM ET,BOS,5.6
,,,,,,,,,,,2B,Nasim Nunez (43711236),Nasim Nunez,43711236,2B,4000,WSH@ATL 07/30/2026 07:15PM ET,WSH,6.68
,,,,,,,,,,,3B,Austin Riley (43711237),Austin Riley,43711237,3B,4000,WSH@ATL 07/30/2026 07:15PM ET,ATL,6.25
,,,,,,,,,,,OF,Daylen Lile (43711242),Daylen Lile,43711242,OF,4000,WSH@ATL 07/30/2026 07:15PM ET,WSH,7.24
,,,,,,,,,,,RP,Joe Jimenez (43711622),Joe Jimenez,43711622,P,4000,WSH@ATL 07/30/2026 07:15PM ET,ATL,0
,,,,,,,,,,,RP,Zak Kent (43711643),Zak Kent,43711643,P,4000,WSH@ATL 07/30/2026 07:15PM ET,WSH,1.92
,,,,,,,,,,,RP,Robert Suarez (43711646),Robert Suarez,43711646,P,4000,WSH@ATL 07/30/2026 07:15PM ET,ATL,3.86
,,,,,,,,,,,RP,Anthony Molina (43711654),Anthony Molina,43711654,P,4000,WSH@ATL 07/30/2026 07:15PM ET,ATL,1.68
,,,,,,,,,,,RP,Dylan Lee (43711656),Dylan Lee,43711656,P,4000,WSH@ATL 07/30/2026 07:15PM ET,ATL,4.08
,,,,,,,,,,,RP,Tom Cosgrove (43711663),Tom Cosgrove,43711663,P,4000,WSH@ATL 07/30/2026 07:15PM ET,WSH,2.42
,,,,,,,,,,,RP,Rolddy Munoz (43711665),Rolddy Munoz,43711665,P,4000,WSH@ATL 07/30/2026 07:15PM ET,ATL,0.9
,,,,,,,,,,,RP,Clayton Beeter (43711671),Clayton Beeter,43711671,P,4000,WSH@ATL 07/30/2026 07:15PM ET,WSH,2.99
,,,,,,,,,,,RP,Riley Cornelio (43711678),Riley Cornelio,43711678,P,4000,WSH@ATL 07/30/2026 07:15PM ET,WSH,4.32
,,,,,,,,,,,RP,Austin Pope (43711697),Austin Pope,43711697,P,4000,WSH@ATL 07/30/2026 07:15PM ET,ATL,0
,,,,,,,,,,,SP,Elieser Hernandez (43711702),Elieser Hernandez,43711702,P,4000,WSH@ATL 07/30/2026 07:15PM ET,ATL,12.35
,,,,,,,,,,,RP,Hayden Harris (43711705),Hayden Harris,43711705,P,4000,WSH@ATL 07/30/2026 07:15PM ET,ATL,0
,,,,,,,,,,,RP,Richard Lovelady (43711707),Richard Lovelady,43711707,P,4000,WSH@ATL 07/30/2026 07:15PM ET,WSH,2.10
,,,,,,,,,,,RP,Gus Varland (43711709),Gus Varland,43711709,P,4000,WSH@ATL 07/30/2026 07:15PM ET,WSH,1.59
,,,,,,,,,,,RP,Dylan Dodd (43711718),Dylan Dodd,43711718,P,4000,WSH@ATL 07/30/2026 07:15PM ET,ATL,4.31
,,,,,,,,,,,SP,Ken Waldichuk (43711725),Ken Waldichuk,43711725,P,4000,WSH@ATL 07/30/2026 07:15PM ET,WSH,2.8
,,,,,,,,,,,RP,Cole Henry (43711736),Cole Henry,43711736,P,4000,WSH@ATL 07/30/2026 07:15PM ET,WSH,1.87
,,,,,,,,,,,RP,Tayler Scott (43711738),Tayler Scott,43711738,P,4000,WSH@ATL 07/30/2026 07:15PM ET,ATL,0
,,,,,,,,,,,RP,Eddy Yean (43711752),Eddy Yean,43711752,P,4000,WSH@ATL 07/30/2026 07:15PM ET,WSH,3.68
,,,,,,,,,,,RP,Tyler Kinley (43711755),Tyler Kinley,43711755,P,4000,WSH@ATL 07/30/2026 07:15PM ET,ATL,2.75
,,,,,,,,,,,RP,James Karinchak (43711761),James Karinchak,43711761,P,4000,WSH@ATL 07/30/2026 07:15PM ET,ATL,3.15
,,,,,,,,,,,RP,Paxton Schultz (43711762),Paxton Schultz,43711762,P,4000,WSH@ATL 07/30/2026 07:15PM ET,WSH,2.29
,,,,,,,,,,,RP,Raisel Iglesias (43711764),Raisel Iglesias,43711764,P,4000,WSH@ATL 07/30/2026 07:15PM ET,ATL,3.45
,,,,,,,,,,,RP,Orlando Ribalta (43711765),Orlando Ribalta,43711765,P,4000,WSH@ATL 07/30/2026 07:15PM ET,WSH,2.47
,,,,,,,,,,,RP,Kyle Nicolas (43711767),Kyle Nicolas,43711767,P,4000,WSH@ATL 07/30/2026 07:15PM ET,WSH,1.13
,,,,,,,,,,,RP,Julian Fernandez (43711771),Julian Fernandez,43711771,P,4000,WSH@ATL 07/30/2026 07:15PM ET,WSH,1.8
,,,,,,,,,,,RP,Danny Young (43711773),Danny Young,43711773,P,4000,WSH@ATL 07/30/2026 07:15PM ET,ATL,1.71
,,,,,,,,,,,RP,PJ Poulin (43711778),PJ Poulin,43711778,P,4000,WSH@ATL 07/30/2026 07:15PM ET,WSH,2.72
,,,,,,,,,,,1B,Spencer Horwitz (43711381),Spencer Horwitz,43711381,1B,4000,PIT@CIN 07/30/2026 07:10PM ET,PIT,7.26
,,,,,,,,,,,SP,Julian Aguiar (43711619),Julian Aguiar,43711619,P,4000,PIT@CIN 07/30/2026 07:10PM ET,CIN,0
,,,,,,,,,,,RP,Khristian Curtis (43711623),Khristian Curtis,43711623,P,4000,PIT@CIN 07/30/2026 07:10PM ET,PIT,16.85
,,,,,,,,,,,RP,Yunior Marte (43711631),Yunior Marte,43711631,P,4000,PIT@CIN 07/30/2026 07:10PM ET,CIN,-8.25
,,,,,,,,,,,SP,Tony Santillan (43711638),Tony Santillan,43711638,P,4000,PIT@CIN 07/30/2026 07:10PM ET,CIN,2.00
,,,,,,,,,,,RP,Zach Maxwell (43711642),Zach Maxwell,43711642,P,4000,PIT@CIN 07/30/2026 07:10PM ET,CIN,0.41
,,,,,,,,,,,RP,Evan Sisk (43711645),Evan Sisk,43711645,P,4000,PIT@CIN 07/30/2026 07:10PM ET,PIT,3.89
,,,,,,,,,,,RP,Brandan Bidois (43711648),Brandan Bidois,43711648,P,4000,PIT@CIN 07/30/2026 07:10PM ET,PIT,2.27
,,,,,,,,,,,RP,Hunter Stratton (43711649),Hunter Stratton,43711649,P,4000,PIT@CIN 07/30/2026 07:10PM ET,PIT,1.97
,,,,,,,,,,,RP,Yohan Ramirez (43711655),Yohan Ramirez,43711655,P,4000,PIT@CIN 07/30/2026 07:10PM ET,PIT,4.13
,,,,,,,,,,,RP,Pierce Johnson (43711660),Pierce Johnson,43711660,P,4000,PIT@CIN 07/30/2026 07:10PM ET,CIN,2.13
,,,,,,,,,,,RP,Ron Marinaccio (43711662),Ron Marinaccio,43711662,P,4000,PIT@CIN 07/30/2026 07:10PM ET,PIT,2.82
,,,,,,,,,,,RP,Isaac Mattson (43711666),Isaac Mattson,43711666,P,4000,PIT@CIN 07/30/2026 07:10PM ET,PIT,2.03
,,,,,,,,,,,RP,Chris Devenski (43711679),Chris Devenski,43711679,P,4000,PIT@CIN 07/30/2026 07:10PM ET,PIT,1.42
,,,,,,,,,,,RP,Tejay Antone (43711685),Tejay Antone,43711685,P,4000,PIT@CIN 07/30/2026 07:10PM ET,CIN,3.11
,,,,,,,,,,,RP,Gregory Soto (43711692),Gregory Soto,43711692,P,4000,PIT@CIN 07/30/2026 07:10PM ET,PIT,3.49
,,,,,,,,,,,RP,Luis Mey (43711699),Luis Mey,43711699,P,4000,PIT@CIN 07/30/2026 07:10PM ET,CIN,3.07
,,,,,,,,,,,RP,Brandon Eisert (43711711),Brandon Eisert,43711711,P,4000,PIT@CIN 07/30/2026 07:10PM ET,PIT,2.76
,,,,,,,,,,,RP,Graham Ashcraft (43711714),Graham Ashcraft,43711714,P,4000,PIT@CIN 07/30/2026 07:10PM ET,CIN,3.42
,,,,,,,,,,,SP,Noah Murdock (43711717),Noah Murdock,43711717,P,4000,PIT@CIN 07/30/2026 07:10PM ET,PIT,0
,,,,,,,,,,,RP,Brock Burke (43711737),Brock Burke,43711737,P,4000,PIT@CIN 07/30/2026 07:10PM ET,CIN,2.72
,,,,,,,,,,,RP,Sam Moll (43711741),Sam Moll,43711741,P,4000,PIT@CIN 07/30/2026 07:10PM ET,CIN,2.26
,,,,,,,,,,,RP,Mason Montgomery (43711745),Mason Montgomery,43711745,P,4000,PIT@CIN 07/30/2026 07:10PM ET,PIT,3.99
,,,,,,,,,,,RP,Zach McCambley (43711753),Zach McCambley,43711753,P,4000,PIT@CIN 07/30/2026 07:10PM ET,CIN,1.14
,,,,,,,,,,,RP,Julian Garcia (43711760),Julian Garcia,43711760,P,4000,PIT@CIN 07/30/2026 07:10PM ET,CIN,4.45
,,,,,,,,,,,RP,Andrew Chafin (43711766),Andrew Chafin,43711766,P,4000,PIT@CIN 07/30/2026 07:10PM ET,CIN,0
,,,,,,,,,,,RP,Emilio Pagan (43711776),Emilio Pagan,43711776,P,4000,PIT@CIN 07/30/2026 07:10PM ET,CIN,2.66
,,,,,,,,,,,RP,Caleb Ferguson (43711785),Caleb Ferguson,43711785,P,4000,PIT@CIN 07/30/2026 07:10PM ET,CIN,2.48
,,,,,,,,,,,C,Dalton Rushing (43711241),Dalton Rushing,43711241,C,4000,SEA@LAD 07/30/2026 10:10PM ET,LAD,6.32
,,,,,,,,,,,RP,Brusdar Graterol (43711621),Brusdar Graterol,43711621,P,4000,SEA@LAD 07/30/2026 10:10PM ET,LAD,0
,,,,,,,,,,,RP,Jake Cousins (43711627),Jake Cousins,43711627,P,4000,SEA@LAD 07/30/2026 10:10PM ET,LAD,0
,,,,,,,,,,,RP,Ronan Kopp (43711630),Ronan Kopp,43711630,P,4000,SEA@LAD 07/30/2026 10:10PM ET,LAD,0
,,,,,,,,,,,RP,Robinson Ortiz (43711633),Robinson Ortiz,43711633,P,4000,SEA@LAD 07/30/2026 10:10PM ET,SEA,0
,,,,,,,,,,,RP,Carlos Vargas (43711650),Carlos Vargas,43711650,P,4000,SEA@LAD 07/30/2026 10:10PM ET,SEA,0
,,,,,,,,,,,RP,Matt Brash (43711651),Matt Brash,43711651,P,4000,SEA@LAD 07/30/2026 10:10PM ET,SEA,3.36
,,,,,,,,,,,RP,Josh Simpson (43711652),Josh Simpson,43711652,P,4000,SEA@LAD 07/30/2026 10:10PM ET,SEA,0.79
,,,,,,,,,,,RP,Wyatt Mills (43711653),Wyatt Mills,43711653,P,4000,SEA@LAD 07/30/2026 10:10PM ET,LAD,1.03
,,,,,,,,,,,RP,Will Klein (43711659),Will Klein,43711659,P,4000,SEA@LAD 07/30/2026 10:10PM ET,LAD,3.57
,,,,,,,,,,,RP,Brock Stewart (43711667),Brock Stewart,43711667,P,4000,SEA@LAD 07/30/2026 10:10PM ET,LAD,3.31
,,,,,,,,,,,RP,Kyle Hurt (43711672),Kyle Hurt,43711672,P,4000,SEA@LAD 07/30/2026 10:10PM ET,LAD,3.12
,,,,,,,,,,,RP,Jordan Weems (43711676),Jordan Weems,43711676,P,4000,SEA@LAD 07/30/2026 10:10PM ET,LAD,0
,,,,,,,,,,,RP,Alex Hoppe (43711683),Alex Hoppe,43711683,P,4000,SEA@LAD 07/30/2026 10:10PM ET,SEA,2.77
,,,,,,,,,,,RP,Gabe Speier (43711686),Gabe Speier,43711686,P,4000,SEA@LAD 07/30/2026 10:10PM ET,SEA,2.67
,,,,,,,,,,,RP,Seth Halvorsen (43711688),Seth Halvorsen,43711688,P,4000,SEA@LAD 07/30/2026 10:10PM ET,LAD,1.64
,,,,,,,,,,,RP,Troy Taylor (43711696),Troy Taylor,43711696,P,4000,SEA@LAD 07/30/2026 10:10PM ET,SEA,0
,,,,,,,,,,,RP,Nick Davila (43711698),Nick Davila,43711698,P,4000,SEA@LAD 07/30/2026 10:10PM ET,SEA,1.65
,,,,,,,,,,,RP,Alex Vesia (43711704),Alex Vesia,43711704,P,4000,SEA@LAD 07/30/2026 10:10PM ET,LAD,2.98
,,,,,,,,,,,RP,Jake Eder (43711712),Jake Eder,43711712,P,4000,SEA@LAD 07/30/2026 10:10PM ET,LAD,2.65
,,,,,,,,,,,RP,Charlie Barnes (43711715),Charlie Barnes,43711715,P,4000,SEA@LAD 07/30/2026 10:10PM ET,LAD,1.25
,,,,,,,,,,,RP,Andres Munoz (43711716),Andres Munoz,43711716,P,4000,SEA@LAD 07/30/2026 10:10PM ET,SEA,3.74
,,,,,,,,,,,RP,Jack Dreyer (43711720),Jack Dreyer,43711720,P,4000,SEA@LAD 07/30/2026 10:10PM ET,LAD,3.56
,,,,,,,,,,,RP,Blake Treinen (43711726),Blake Treinen,43711726,P,4000,SEA@LAD 07/30/2026 10:10PM ET,LAD,2.78
,,,,,,,,,,,RP,Carlos Duran (43711728),Carlos Duran,43711728,P,4000,SEA@LAD 07/30/2026 10:10PM ET,LAD,0
,,,,,,,,,,,RP,Ben Casparius (43711732),Ben Casparius,43711732,P,4000,SEA@LAD 07/30/2026 10:10PM ET,LAD,0.5
,,,,,,,,,,,RP,Tanner Scott (43711733),Tanner Scott,43711733,P,4000,SEA@LAD 07/30/2026 10:10PM ET,LAD,3.65
,,,,,,,,,,,RP,Evan Phillips (43711735),Evan Phillips,43711735,P,4000,SEA@LAD 07/30/2026 10:10PM ET,LAD,2.51
,,,,,,,,,,,RP,Jose A. Ferrer (43711751),Jose A. Ferrer,43711751,P,4000,SEA@LAD 07/30/2026 10:10PM ET,SEA,2.53
,,,,,,,,,,,RP,Edgardo Henriquez (43711757),Edgardo Henriquez,43711757,P,4000,SEA@LAD 07/30/2026 10:10PM ET,LAD,3.50
,,,,,,,,,,,RP,Paul Gervase (43711768),Paul Gervase,43711768,P,4000,SEA@LAD 07/30/2026 10:10PM ET,LAD,5.51
,,,,,,,,,,,RP,Edwin Diaz (43711769),Edwin Diaz,43711769,P,4000,SEA@LAD 07/30/2026 10:10PM ET,LAD,1.69
,,,,,,,,,,,RP,Cole Wilcox (43711770),Cole Wilcox,43711770,P,4000,SEA@LAD 07/30/2026 10:10PM ET,SEA,3.00
,,,,,,,,,,,RP,Eduard Bazardo (43711772),Eduard Bazardo,43711772,P,4000,SEA@LAD 07/30/2026 10:10PM ET,SEA,2.92
,,,,,,,,,,,RP,Michael Rucker (43711775),Michael Rucker,43711775,P,4000,SEA@LAD 07/30/2026 10:10PM ET,SEA,3.00
,,,,,,,,,,,OF,Heliot Ramos (43711238),Heliot Ramos,43711238,OF,4000,SF@SD 07/30/2026 09:40PM ET,SF,7.16
,,,,,,,,,,,RP,Garrett Hawkins (43711626),Garrett Hawkins,43711626,P,4000,SF@SD 07/30/2026 09:40PM ET,SD,0
,,,,,,,,,,,SP,Nick Margevicius (43711632),Nick Margevicius,43711632,P,4000,SF@SD 07/30/2026 09:40PM ET,SF,0
,,,,,,,,,,,SP,Miguel Mendez (43711634),Miguel Mendez,43711634,P,4000,SF@SD 07/30/2026 09:40PM ET,SD,0
,,,,,,,,,,,RP,Rowan Wick (43711636),Rowan Wick,43711636,P,4000,SF@SD 07/30/2026 09:40PM ET,SF,0
,,,,,,,,,,,RP,Wandy Peralta (43711641),Wandy Peralta,43711641,P,4000,SF@SD 07/30/2026 09:40PM ET,SD,2.44
,,,,,,,,,,,RP,Ryan Borucki (43711661),Ryan Borucki,43711661,P,4000,SF@SD 07/30/2026 09:40PM ET,SF,1.83
,,,,,,,,,,,RP,Bradgley Rodriguez (43711669),Bradgley Rodriguez,43711669,P,4000,SF@SD 07/30/2026 09:40PM ET,SD,3.41
,,,,,,,,,,,RP,Joel Peguero (43711670),Joel Peguero,43711670,P,4000,SF@SD 07/30/2026 09:40PM ET,SF,1.81
,,,,,,,,,,,RP,Jason Adam (43711681),Jason Adam,43711681,P,4000,SF@SD 07/30/2026 09:40PM ET,SD,2.30
,,,,,,,,,,,RP,Alek Jacob (43711693),Alek Jacob,43711693,P,4000,SF@SD 07/30/2026 09:40PM ET,SD,5.48
,,,,,,,,,,,RP,Bryan Hoeing (43711701),Bryan Hoeing,43711701,P,4000,SF@SD 07/30/2026 09:40PM ET,SD,0
,,,,,,,,,,,RP,David Morgan (43711703),David Morgan,43711703,P,4000,SF@SD 07/30/2026 09:40PM ET,SD,3.46
,,,,,,,,,,,RP,Erik Miller (43711708),Erik Miller,43711708,P,4000,SF@SD 07/30/2026 09:40PM ET,SF,3.32
,,,,,,,,,,,RP,Spencer Bivens (43711710),Spencer Bivens,43711710,P,4000,SF@SD 07/30/2026 09:40PM ET,SF,4.05
,,,,,,,,,,,RP,Randy Rodriguez (43711713),Randy Rodriguez,43711713,P,4000,SF@SD 07/30/2026 09:40PM ET,SF,0
,,,,,,,,,,,RP,Sam Hentges (43711724),Sam Hentges,43711724,P,4000,SF@SD 07/30/2026 09:40PM ET,SF,2.28
,,,,,,,,,,,RP,Matt Gage (43711747),Matt Gage,43711747,P,4000,SF@SD 07/30/2026 09:40PM ET,SF,1.76
,,,,,,,,,,,RP,Ryan Walker (43711750),Ryan Walker,43711750,P,4000,SF@SD 07/30/2026 09:40PM ET,SF,0.88
,,,,,,,,,,,RP,Mason Miller (43711754),Mason Miller,43711754,P,4000,SF@SD 07/30/2026 09:40PM ET,SD,5.78
,,,,,,,,,,,RP,Adrian Morejon (43711759),Adrian Morejon,43711759,P,4000,SF@SD 07/30/2026 09:40PM ET,SD,4.18
,,,,,,,,,,,RP,Reiver Sanmartin (43711777),Reiver Sanmartin,43711777,P,4000,SF@SD 07/30/2026 09:40PM ET,SF,5.25
,,,,,,,,,,,RP,Gregory Santos (43711780),Gregory Santos,43711780,P,4000,SF@SD 07/30/2026 09:40PM ET,SF,1.48
,,,,,,,,,,,RP,Jeremiah Estrada (43711781),Jeremiah Estrada,43711781,P,4000,SF@SD 07/30/2026 09:40PM ET,SD,3.56
,,,,,,,,,,,RP,Jason Foley (43711783),Jason Foley,43711783,P,4000,SF@SD 07/30/2026 09:40PM ET,SF,0.89
,,,,,,,,,,,RP,Yuki Matsui (43711787),Yuki Matsui,43711787,P,4000,SF@SD 07/30/2026 09:40PM ET,SD,4.17
,,,,,,,,,,,OF,Carson Benge (43711239),Carson Benge,43711239,OF,4000,MIA@NYM 07/30/2026 07:10PM ET,NYM,7.36
,,,,,,,,,,,1B,Kyle Stowers (43711240),Kyle Stowers,43711240,1B,4000,MIA@NYM 07/30/2026 07:10PM ET,MIA,7.44
,,,,,,,,,,,RP,Adbert Alzolay (43711625),Adbert Alzolay,43711625,P,4000,MIA@NYM 07/30/2026 07:10PM ET,NYM,0
,,,,,,,,,,,RP,Anderson Severino (43711628),Anderson Severino,43711628,P,4000,MIA@NYM 07/30/2026 07:10PM ET,NYM,0
,,,,,,,,,,,RP,Dylan Ross (43711629),Dylan Ross,43711629,P,4000,MIA@NYM 07/30/2026 07:10PM ET,NYM,0
,,,,,,,,,,,RP,Jefry Yan (43711635),Jefry Yan,43711635,P,4000,MIA@NYM 07/30/2026 07:10PM ET,NYM,0
,,,,,,,,,,,RP,Cade Gibson (43711639),Cade Gibson,43711639,P,4000,MIA@NYM 07/30/2026 07:10PM ET,MIA,2.50
,,,,,,,,,,,RP,John King (43711647),John King,43711647,P,4000,MIA@NYM 07/30/2026 07:10PM ET,MIA,3.20
,,,,,,,,,,,RP,Andrew Nardi (43711664),Andrew Nardi,43711664,P,4000,MIA@NYM 07/30/2026 07:10PM ET,MIA,2.85
,,,,,,,,,,,RP,Huascar Brazoban (43711675),Huascar Brazoban,43711675,P,4000,MIA@NYM 07/30/2026 07:10PM ET,NYM,3.74
,,,,,,,,,,,RP,Alex Carrillo (43711682),Alex Carrillo,43711682,P,4000,MIA@NYM 07/30/2026 07:10PM ET,NYM,0
,,,,,,,,,,,RP,Brooks Raley (43711684),Brooks Raley,43711684,P,4000,MIA@NYM 07/30/2026 07:10PM ET,NYM,3.14
,,,,,,,,,,,RP,Zach Brzykcy (43711687),Zach Brzykcy,43711687,P,4000,MIA@NYM 07/30/2026 07:10PM ET,MIA,2.88
,,,,,,,,,,,RP,Devin Williams (43711689),Devin Williams,43711689,P,4000,MIA@NYM 07/30/2026 07:10PM ET,NYM,3.13
,,,,,,,,,,,RP,Cionel Perez (43711690),Cionel Perez,43711690,P,4000,MIA@NYM 07/30/2026 07:10PM ET,NYM,3.05
,,,,,,,,,,,RP,A.J. Minter (43711691),A.J. Minter,43711691,P,4000,MIA@NYM 07/30/2026 07:10PM ET,NYM,3.04
,,,,,,,,,,,RP,Jonathan Pintaro (43711695),Jonathan Pintaro,43711695,P,4000,MIA@NYM 07/30/2026 07:10PM ET,NYM,6.23
,,,,,,,,,,,RP,Michael Petersen (43711706),Michael Petersen,43711706,P,4000,MIA@NYM 07/30/2026 07:10PM ET,MIA,3.48
,,,,,,,,,,,RP,Josh White (43711719),Josh White,43711719,P,4000,MIA@NYM 07/30/2026 07:10PM ET,MIA,-10.1
,,,,,,,,,,,RP,Reed Garrett (43711721),Reed Garrett,43711721,P,4000,MIA@NYM 07/30/2026 07:10PM ET,NYM,0
,,,,,,,,,,,RP,Joey Gerber (43711729),Joey Gerber,43711729,P,4000,MIA@NYM 07/30/2026 07:10PM ET,NYM,2.96
,,,,,,,,,,,RP,Ronny Henriquez (43711731),Ronny Henriquez,43711731,P,4000,MIA@NYM 07/30/2026 07:10PM ET,MIA,0
,,,,,,,,,,,RP,Luke Weaver (43711740),Luke Weaver,43711740,P,4000,MIA@NYM 07/30/2026 07:10PM ET,NYM,3.71
,,,,,,,,,,,RP,Daniel Duarte (43711742),Daniel Duarte,43711742,P,4000,MIA@NYM 07/30/2026 07:10PM ET,NYM,6.19
,,,,,,,,,,,RP,Tyler Zuber (43711743),Tyler Zuber,43711743,P,4000,MIA@NYM 07/30/2026 07:10PM ET,MIA,2.33
,,,,,,,,,,,RP,Will Kempner (43711744),Will Kempner,43711744,P,4000,MIA@NYM 07/30/2026 07:10PM ET,MIA,4.82
,,,,,,,,,,,RP,Josh Ekness (43711746),Josh Ekness,43711746,P,4000,MIA@NYM 07/30/2026 07:10PM ET,MIA,2.63
,,,,,,,,,,,RP,Calvin Faucher (43711749),Calvin Faucher,43711749,P,4000,MIA@NYM 07/30/2026 07:10PM ET,MIA,2.73
,,,,,,,,,,,RP,Dedniel Nunez (43711756),Dedniel Nunez,43711756,P,4000,MIA@NYM 07/30/2026 07:10PM ET,NYM,0
,,,,,,,,,,,RP,Austin Warren (43711758),Austin Warren,43711758,P,4000,MIA@NYM 07/30/2026 07:10PM ET,NYM,3.38
,,,,,,,,,,,RP,Anthony Bender (43711774),Anthony Bender,43711774,P,4000,MIA@NYM 07/30/2026 07:10PM ET,MIA,3.48
,,,,,,,,,,,RP,Pete Fairbanks (43711786),Pete Fairbanks,43711786,P,4000,MIA@NYM 07/30/2026 07:10PM ET,MIA,2.71
,,,,,,,,,,,OF,Jarren Duran (43711244),Jarren Duran,43711244,OF,3900,BOS@ATH 07/30/2026 09:40PM ET,BOS,6.93
,,,,,,,,,,,1B/OF,Spencer Steer (43711382),Spencer Steer,43711382,1B/OF,3900,PIT@CIN 07/30/2026 07:10PM ET,CIN,6.84
,,,,,,,,,,,C,Cal Raleigh (43711243),Cal Raleigh,43711243,C,3900,SEA@LAD 07/30/2026 10:10PM ET,SEA,5.83
,,,,,,,,,,,OF,Teoscar Hernandez (43711247),Teoscar Hernandez,43711247,OF,3900,SEA@LAD 07/30/2026 10:10PM ET,LAD,6.80
,,,,,,,,,,,SS,Willy Adames (43711246),Willy Adames,43711246,SS,3900,SF@SD 07/30/2026 09:40PM ET,SF,7.08
,,,,,,,,,,,OF,A.J. Ewing (43711245),A.J. Ewing,43711245,OF,3900,MIA@NYM 07/30/2026 07:10PM ET,NYM,7.65
,,,,,,,,,,,OF,Jake Mangum (43711248),Jake Mangum,43711248,OF,3800,PIT@CIN 07/30/2026 07:10PM ET,PIT,6.35
,,,,,,,,,,,C,Will Smith (43711384),Will Smith,43711384,C,3800,SEA@LAD 07/30/2026 10:10PM ET,LAD,6.21
,,,,,,,,,,,1B,Bryce Eldridge (43711249),Bryce Eldridge,43711249,1B,3800,SF@SD 07/30/2026 09:40PM ET,SF,7.27
,,,,,,,,,,,3B,Caleb Durbin (43711250),Caleb Durbin,43711250,3B,3700,BOS@ATH 07/30/2026 09:40PM ET,BOS,6.6
,,,,,,,,,,,C,Harry Ford (43711253),Harry Ford,43711253,C,3700,WSH@ATL 07/30/2026 07:15PM ET,WSH,8
,,,,,,,,,,,OF,JJ Bleday (43711251),JJ Bleday,43711251,OF,3700,PIT@CIN 07/30/2026 07:10PM ET,CIN,8.13
,,,,,,,,,,,1B,Josh Naylor (43711252),Josh Naylor,43711252,1B,3700,SEA@LAD 07/30/2026 10:10PM ET,SEA,7.22
,,,,,,,,,,,SS,Xander Bogaerts (43711254),Xander Bogaerts,43711254,SS,3700,SF@SD 07/30/2026 09:40PM ET,SD,6.35
,,,,,,,,,,,OF,Jung Hoo Lee (43711255),Jung Hoo Lee,43711255,OF,3600,SF@SD 07/30/2026 09:40PM ET,SF,7.12
,,,,,,,,,,,1B,Ty France (43711257),Ty France,43711257,1B,3600,SF@SD 07/30/2026 09:40PM ET,SD,7
,,,,,,,,,,,OF,Heriberto Hernandez (43711256),Heriberto Hernandez,43711256,OF,3600,MIA@NYM 07/30/2026 07:10PM ET,MIA,7
,,,,,,,,,,,1B/2B,Romy Gonzalez (43711260),Romy Gonzalez,43711260,1B/2B,3500,BOS@ATH 07/30/2026 09:40PM ET,BOS,5.32
,,,,,,,,,,,OF,Carlos Cortes (43711265),Carlos Cortes,43711265,OF,3500,BOS@ATH 07/30/2026 09:40PM ET,ATH,5.10
,,,,,,,,,,,OF,Mauricio Dubon (43711259),Mauricio Dubon,43711259,OF,3500,WSH@ATL 07/30/2026 07:15PM ET,ATL,6.77
,,,,,,,,,,,C,Keibert Ruiz (43711263),Keibert Ruiz,43711263,C,3500,WSH@ATL 07/30/2026 07:15PM ET,WSH,6.27
,,,,,,,,,,,OF,Dominic Canzone (43711264),Dominic Canzone,43711264,OF,3500,SEA@LAD 07/30/2026 10:10PM ET,SEA,6.54
,,,,,,,,,,,3B/OF,Kike Hernandez (43711266),Kike Hernandez,43711266,3B/OF,3500,SEA@LAD 07/30/2026 10:10PM ET,LAD,15.5
,,,,,,,,,,,OF,Luis Robert Jr. (43711258),Luis Robert Jr.,43711258,OF,3500,MIA@NYM 07/30/2026 07:10PM ET,NYM,6.03
,,,,,,,,,,,OF,Jakob Marsee (43711262),Jakob Marsee,43711262,OF,3500,MIA@NYM 07/30/2026 07:10PM ET,MIA,6.33
,,,,,,,,,,,OF,Henry Bolte (43711270),Henry Bolte,43711270,OF,3400,BOS@ATH 07/30/2026 09:40PM ET,ATH,5.83
,,,,,,,,,,,2B/3B,Joshua Kuroda-Grauer (43711387),Joshua Kuroda-Grauer,43711387,2B/3B,3400,BOS@ATH 07/30/2026 09:40PM ET,ATH,7.75
,,,,,,,,,,,OF,Jacob Young (43711271),Jacob Young,43711271,OF,3400,WSH@ATL 07/30/2026 07:15PM ET,WSH,6.08
,,,,,,,,,,,1B/OF,Tyler Callihan (43711273),Tyler Callihan,43711273,1B/OF,3400,PIT@CIN 07/30/2026 07:10PM ET,PIT,4.5
,,,,,,,,,,,2B,Cole Young (43711272),Cole Young,43711272,2B,3400,SEA@LAD 07/30/2026 10:10PM ET,SEA,6.61
,,,,,,,,,,,3B,Brendan Donovan (43711386),Brendan Donovan,43711386,3B,3400,SEA@LAD 07/30/2026 10:10PM ET,SEA,6.96
,,,,,,,,,,,C,Luis Campusano (43711268),Luis Campusano,43711268,C,3400,SF@SD 07/30/2026 09:40PM ET,SD,6.18
,,,,,,,,,,,3B/OF,Luis Rengifo (43711275),Luis Rengifo,43711275,3B/OF,3400,SF@SD 07/30/2026 09:40PM ET,SD,5.26
,,,,,,,,,,,3B,Matt Chapman (43711385),Matt Chapman,43711385,3B,3400,SF@SD 07/30/2026 09:40PM ET,SF,6.44
,,,,,,,,,,,OF,Griffin Conine (43711269),Griffin Conine,43711269,OF,3400,MIA@NYM 07/30/2026 07:10PM ET,MIA,6.76
,,,,,,,,,,,SS,Andruw Monasterio (43711279),Andruw Monasterio,43711279,SS,3300,BOS@ATH 07/30/2026 09:40PM ET,BOS,5.30
,,,,,,,,,,,3B,Brady House (43711281),Brady House,43711281,3B,3300,WSH@ATL 07/30/2026 07:15PM ET,WSH,6.87
,,,,,,,,,,,1B/OF,Dominic Smith (43711282),Dominic Smith,43711282,1B/OF,3300,WSH@ATL 07/30/2026 07:15PM ET,ATL,5.09
,,,,,,,,,,,C,Francisco Alvarez (43711277),Francisco Alvarez,43711277,C,3300,MIA@NYM 07/30/2026 07:10PM ET,NYM,6.04
,,,,,,,,,,,2B,Marcus Semien (43711278),Marcus Semien,43711278,2B,3300,MIA@NYM 07/30/2026 07:10PM ET,NYM,5.9
,,,,,,,,,,,OF,Esteury Ruiz (43711280),Esteury Ruiz,43711280,OF,3300,MIA@NYM 07/30/2026 07:10PM ET,MIA,5.70
,,,,,,,,,,,1B/3B,Mark Vientos (43711389),Mark Vientos,43711389,1B/3B,3300,MIA@NYM 07/30/2026 07:10PM ET,NYM,5.41
,,,,,,,,,,,2B,Anthony Seigler (43711285),Anthony Seigler,43711285,2B,3200,BOS@ATH 07/30/2026 09:40PM ET,BOS,6.52
,,,,,,,,,,,OF,Lawrence Butler (43711286),Lawrence Butler,43711286,OF,3200,BOS@ATH 07/30/2026 09:40PM ET,ATH,4.73
,,,,,,,,,,,C,Joey Bart (43711290),Joey Bart,43711290,C,3200,WSH@ATL 07/30/2026 07:15PM ET,ATL,4.55
,,,,,,,,,,,OF,Joey Wiemer (43711394),Joey Wiemer,43711394,OF,3200,WSH@ATL 07/30/2026 07:15PM ET,WSH,5.72
,,,,,,,,,,,3B,Eugenio Suarez (43711284),Eugenio Suarez,43711284,3B,3200,PIT@CIN 07/30/2026 07:10PM ET,CIN,6.22
,,,,,,,,,,,1B/SS,Jacob Gonzalez (43711288),Jacob Gonzalez,43711288,1B/SS,3200,PIT@CIN 07/30/2026 07:10PM ET,PIT,5.34
,,,,,,,,,,,SS,Konnor Griffin (43711391),Konnor Griffin,43711391,SS,3200,PIT@CIN 07/30/2026 07:10PM ET,PIT,8.66
,,,,,,,,,,,OF,Gavin Sheets (43711287),Gavin Sheets,43711287,OF,3200,SF@SD 07/30/2026 09:40PM ET,SD,5.97
,,,,,,,,,,,OF,Samad Taylor (43711395),Samad Taylor,43711395,OF,3200,SF@SD 07/30/2026 09:40PM ET,SD,7.88
,,,,,,,,,,,1B/3B,Connor Norby (43711392),Connor Norby,43711392,1B/3B,3200,MIA@NYM 07/30/2026 07:10PM ET,MIA,5.15
,,,,,,,,,,,C,Jonah Heim (43711295),Jonah Heim,43711295,C,3100,BOS@ATH 07/30/2026 09:40PM ET,ATH,6.34
,,,,,,,,,,,2B,Jose Tena (43711294),Jose Tena,43711294,2B,3100,WSH@ATL 07/30/2026 07:15PM ET,WSH,4.37
,,,,,,,,,,,C,Sean Murphy (43711396),Sean Murphy,43711396,C,3100,WSH@ATL 07/30/2026 07:15PM ET,ATL,1.25
,,,,,,,,,,,1B,Nathaniel Lowe (43711296),Nathaniel Lowe,43711296,1B,3100,PIT@CIN 07/30/2026 07:10PM ET,CIN,5.76
,,,,,,,,,,,2B/SS,Matt McLain (43711399),Matt McLain,43711399,2B/SS,3100,PIT@CIN 07/30/2026 07:10PM ET,CIN,5.77
,,,,,,,,,,,3B/SS,J.P. Crawford (43711291),J.P. Crawford,43711291,3B/SS,3100,SEA@LAD 07/30/2026 10:10PM ET,SEA,6.18
,,,,,,,,,,,C,Jhonny Pereda (43711398),Jhonny Pereda,43711398,C,3100,SEA@LAD 07/30/2026 10:10PM ET,SEA,5.21
,,,,,,,,,,,OF,Drew Gilbert (43711293),Drew Gilbert,43711293,OF,3100,SF@SD 07/30/2026 09:40PM ET,SF,4.26
,,,,,,,,,,,OF,Harrison Bader (43711397),Harrison Bader,43711397,OF,3100,SF@SD 07/30/2026 09:40PM ET,SF,5.17
,,,,,,,,,,,OF,Masataka Yoshida (43711303),Masataka Yoshida,43711303,OF,3000,BOS@ATH 07/30/2026 09:40PM ET,BOS,5.15
,,,,,,,,,,,SS,Trevor Story (43711403),Trevor Story,43711403,SS,3000,BOS@ATH 07/30/2026 09:40PM ET,BOS,5.98
,,,,,,,,,,,3B,Max Muncy (43711405),Max Muncy,43711405,3B,3000,BOS@ATH 07/30/2026 09:40PM ET,ATH,6.31
,,,,,,,,,,,SS,Jim Jarvis (43711300),Jim Jarvis,43711300,SS,3000,WSH@ATL 07/30/2026 07:15PM ET,ATL,5.23
,,,,,,,,,,,1B,Andres Chaparro (43711304),Andres Chaparro,43711304,1B,3000,WSH@ATL 07/30/2026 07:15PM ET,WSH,4.92
,,,,,,,,,,,OF,Marcell Ozuna (43711299),Marcell Ozuna,43711299,OF,3000,PIT@CIN 07/30/2026 07:10PM ET,PIT,5.45
,,,,,,,,,,,OF,Noelvi Marte (43711305),Noelvi Marte,43711305,OF,3000,PIT@CIN 07/30/2026 07:10PM ET,CIN,4.98
,,,,,,,,,,,OF,Blake Dunn (43711406),Blake Dunn,43711406,OF,3000,PIT@CIN 07/30/2026 07:10PM ET,CIN,6.87
,,,,,,,,,,,2B,Hyeseong Kim (43711404),Hyeseong Kim,43711404,2B,3000,SEA@LAD 07/30/2026 10:10PM ET,LAD,4.91
,,,,,,,,,,,C/OF,Jesus Rodriguez (43711301),Jesus Rodriguez,43711301,C/OF,3000,SF@SD 07/30/2026 09:40PM ET,SF,4.90
,,,,,,,,,,,OF,Victor Bericoto (43711401),Victor Bericoto,43711401,OF,3000,SF@SD 07/30/2026 09:40PM ET,SF,5.17
,,,,,,,,,,,3B/SS,Javier Sanoja (43711297),Javier Sanoja,43711297,3B/SS,3000,MIA@NYM 07/30/2026 07:10PM ET,MIA,5.16
,,,,,,,,,,,C,Agustin Ramirez (43711402),Agustin Ramirez,43711402,C,3000,MIA@NYM 07/30/2026 07:10PM ET,MIA,6.71
,,,,,,,,,,,2B/SS,Alika Williams (43711308),Alika Williams,43711308,2B/SS,2900,BOS@ATH 07/30/2026 09:40PM ET,ATH,3.63
,,,,,,,,,,,OF,Mike Yastrzemski (43711313),Mike Yastrzemski,43711313,OF,2900,WSH@ATL 07/30/2026 07:15PM ET,ATL,4.59
,,,,,,,,,,,OF,TJ Friedl (43711317),TJ Friedl,43711317,OF,2900,PIT@CIN 07/30/2026 07:10PM ET,CIN,4.27
,,,,,,,,,,,C,Mitch Garver (43711307),Mitch Garver,43711307,C,2900,SEA@LAD 07/30/2026 10:10PM ET,SEA,4.35
,,,,,,,,,,,OF,Alex Call (43711314),Alex Call,43711314,OF,2900,SEA@LAD 07/30/2026 10:10PM ET,LAD,3.68
,,,,,,,,,,,OF,Luke Raley (43711316),Luke Raley,43711316,OF,2900,SEA@LAD 07/30/2026 10:10PM ET,SEA,5.16
,,,,,,,,,,,2B,Jake Cronenworth (43711312),Jake Cronenworth,43711312,2B,2900,SF@SD 07/30/2026 09:40PM ET,SD,5.32
,,,,,,,,,,,C,Joe Mack (43711306),Joe Mack,43711306,C,2900,MIA@NYM 07/30/2026 07:10PM ET,MIA,5.59
,,,,,,,,,,,2B/3B,Brett Baty (43711310),Brett Baty,43711310,2B/3B,2900,MIA@NYM 07/30/2026 07:10PM ET,NYM,5.19
,,,,,,,,,,,OF,Tyrone Taylor (43711315),Tyrone Taylor,43711315,OF,2900,MIA@NYM 07/30/2026 07:10PM ET,NYM,4.61
,,,,,,,,,,,OF,Owen Caissie (43711407),Owen Caissie,43711407,OF,2900,MIA@NYM 07/30/2026 07:10PM ET,MIA,6.08
,,,,,,,,,,,2B,Donovan Walton (43711319),Donovan Walton,43711319,2B,2800,BOS@ATH 07/30/2026 09:40PM ET,ATH,5.44
,,,,,,,,,,,OF,Colby Thomas (43711322),Colby Thomas,43711322,OF,2800,BOS@ATH 07/30/2026 09:40PM ET,ATH,3
,,,,,,,,,,,2B/3B,Jorbit Vivas (43711323),Jorbit Vivas,43711323,2B/3B,2800,WSH@ATL 07/30/2026 07:15PM ET,WSH,4.01
,,,,,,,,,,,C,Henry Davis (43711320),Henry Davis,43711320,C,2800,PIT@CIN 07/30/2026 07:10PM ET,PIT,4.69
,,,,,,,,,,,SS,Colt Emerson (43711325),Colt Emerson,43711325,SS,2800,SEA@LAD 07/30/2026 10:10PM ET,SEA,5.48
,,,,,,,,,,,C,Daniel Susac (43711318),Daniel Susac,43711318,C,2800,SF@SD 07/30/2026 09:40PM ET,SF,4.67
,,,,,,,,,,,3B/OF,Miguel Andujar (43711408),Miguel Andujar,43711408,3B/OF,2800,SF@SD 07/30/2026 09:40PM ET,SD,5.45
,,,,,,,,,,,1B,Jared Young (43711321),Jared Young,43711321,1B,2800,MIA@NYM 07/30/2026 07:10PM ET,NYM,5.15
,,,,,,,,,,,1B/3B,Tommy White (43711329),Tommy White,43711329,1B/3B,2700,BOS@ATH 07/30/2026 09:40PM ET,ATH,5.64
,,,,,,,,,,,OF,Nate Eaton (43711412),Nate Eaton,43711412,OF,2700,BOS@ATH 07/30/2026 09:40PM ET,BOS,4.5
,,,,,,,,,,,OF,Eli White (43711327),Eli White,43711327,OF,2700,WSH@ATL 07/30/2026 07:15PM ET,ATL,3.94
,,,,,,,,,,,C,Drew Millas (43711411),Drew Millas,43711411,C,2700,WSH@ATL 07/30/2026 07:15PM ET,WSH,3.72
,,,,,,,,,,,C,Jose Trevino (43711328),Jose Trevino,43711328,C,2700,PIT@CIN 07/30/2026 07:10PM ET,CIN,4.38
,,,,,,,,,,,OF,Robert Hassell III (43711410),Robert Hassell III,43711410,OF,2700,PIT@CIN 07/30/2026 07:10PM ET,PIT,0
,,,,,,,,,,,3B/SS,Sung-Mun Song (43711331),Sung-Mun Song,43711331,3B/SS,2700,SF@SD 07/30/2026 09:40PM ET,SD,4.5
,,,,,,,,,,,C,Brian Navarreto (43711326),Brian Navarreto,43711326,C,2700,MIA@NYM 07/30/2026 07:10PM ET,MIA,2.25
,,,,,,,,,,,C,Connor Wong (43711335),Connor Wong,43711335,C,2600,BOS@ATH 07/30/2026 09:40PM ET,BOS,4.98
,,,,,,,,,,,C,Mickey Gasper (43711414),Mickey Gasper,43711414,C,2600,BOS@ATH 07/30/2026 09:40PM ET,BOS,4.38
,,,,,,,,,,,OF,Brewer Hicklen (43711413),Brewer Hicklen,43711413,OF,2600,WSH@ATL 07/30/2026 07:15PM ET,ATL,6.62
,,,,,,,,,,,C,Tyler Stephenson (43711336),Tyler Stephenson,43711336,C,2600,PIT@CIN 07/30/2026 07:10PM ET,CIN,5.37
,,,,,,,,,,,2B/3B,Will Wilson (43711415),Will Wilson,43711415,2B/3B,2600,SEA@LAD 07/30/2026 10:10PM ET,SEA,9
,,,,,,,,,,,OF,Ryan Ward (43711417),Ryan Ward,43711417,OF,2600,SEA@LAD 07/30/2026 10:10PM ET,LAD,5.75
,,,,,,,,,,,2B/3B,Jorge Polanco (43711333),Jorge Polanco,43711333,2B/3B,2600,MIA@NYM 07/30/2026 07:10PM ET,NYM,3.42
,,,,,,,,,,,C,Brian Serven (43711337),Brian Serven,43711337,C,2500,BOS@ATH 07/30/2026 09:40PM ET,ATH,6.33
,,,,,,,,,,,2B/3B,Nick Sogard (43711342),Nick Sogard,43711342,2B/3B,2500,BOS@ATH 07/30/2026 09:40PM ET,BOS,4.92
,,,,,,,,,,,SS,Jorge Mateo (43711338),Jorge Mateo,43711338,SS,2500,WSH@ATL 07/30/2026 07:15PM ET,ATL,4.16
,,,,,,,,,,,OF,Dane Myers (43711340),Dane Myers,43711340,OF,2500,PIT@CIN 07/30/2026 07:10PM ET,CIN,4.22
,,,,,,,,,,,1B/C,Rafael Flores Jr. (43711418),Rafael Flores Jr.,43711418,C/1B,2500,PIT@CIN 07/30/2026 07:10PM ET,PIT,4.62
,,,,,,,,,,,OF,Rhylan Thomas (43711421),Rhylan Thomas,43711421,OF,2500,SEA@LAD 07/30/2026 10:10PM ET,SEA,0
,,,,,,,,,,,C,Freddy Fermin (43711341),Freddy Fermin,43711341,C,2500,SF@SD 07/30/2026 09:40PM ET,SD,3.12
,,,,,,,,,,,OF,Jonah Cox (43711420),Jonah Cox,43711420,OF,2500,SF@SD 07/30/2026 09:40PM ET,SF,2.96
,,,,,,,,,,,3B,Jose Miranda (43711422),Jose Miranda,43711422,3B,2500,SF@SD 07/30/2026 09:40PM ET,SD,0
,,,,,,,,,,,3B,Leo Jimenez (43711339),Leo Jimenez,43711339,3B,2500,MIA@NYM 07/30/2026 07:10PM ET,MIA,3.83
,,,,,,,,,,,1B/2B,Jeff McNeil (43711346),Jeff McNeil,43711346,1B/2B,2400,BOS@ATH 07/30/2026 09:40PM ET,ATH,4.90
,,,,,,,,,,,OF,Jahmai Jones (43711350),Jahmai Jones,43711350,OF,2400,BOS@ATH 07/30/2026 09:40PM ET,BOS,2.54
,,,,,,,,,,,2B/SS,Isiah Kiner-Falefa (43711425),Isiah Kiner-Falefa,43711425,2B/SS,2400,BOS@ATH 07/30/2026 09:40PM ET,BOS,5.19
,,,,,,,,,,,SS,Darell Hernaiz (43711427),Darell Hernaiz,43711427,SS,2400,BOS@ATH 07/30/2026 09:40PM ET,ATH,3.79
,,,,,,,,,,,3B/SS,Jared Triolo (43711344),Jared Triolo,43711344,3B/SS,2400,PIT@CIN 07/30/2026 07:10PM ET,PIT,4.88
,,,,,,,,,,,OF,Jhostynxon Garcia (43711423),Jhostynxon Garcia,43711423,OF,2400,PIT@CIN 07/30/2026 07:10PM ET,PIT,2.5
,,,,,,,,,,,OF,Victor Robles (43711351),Victor Robles,43711351,OF,2400,SEA@LAD 07/30/2026 10:10PM ET,SEA,3.39
,,,,,,,,,,,1B,Eric Wagaman (43711348),Eric Wagaman,43711348,1B,2400,MIA@NYM 07/30/2026 07:10PM ET,NYM,2.68
,,,,,,,,,,,C,Luis Torrens (43711349),Luis Torrens,43711349,C,2400,MIA@NYM 07/30/2026 07:10PM ET,NYM,4.14
,,,,,,,,,,,OF,MJ Melendez (43711424),MJ Melendez,43711424,OF,2400,MIA@NYM 07/30/2026 07:10PM ET,NYM,3.68
,,,,,,,,,,,C,Carlos Narvaez (43711358),Carlos Narvaez,43711358,C,2300,BOS@ATH 07/30/2026 09:40PM ET,BOS,3.63
,,,,,,,,,,,SS,Marcelo Mayer (43711428),Marcelo Mayer,43711428,SS,2300,BOS@ATH 07/30/2026 09:40PM ET,BOS,4.44
,,,,,,,,,,,OF,Billy Cook (43711356),Billy Cook,43711356,OF,2300,PIT@CIN 07/30/2026 07:10PM ET,PIT,1.33
,,,,,,,,,,,3B/OF,Weston Wilson (43711352),Weston Wilson,43711352,3B/OF,2300,SEA@LAD 07/30/2026 10:10PM ET,SEA,3.9
,,,,,,,,,,,2B/SS,Miguel Rojas (43711354),Miguel Rojas,43711354,2B/SS,2300,SEA@LAD 07/30/2026 10:10PM ET,LAD,3.67
,,,,,,,,,,,2B,Alex Freeland (43711429),Alex Freeland,43711429,2B,2300,SEA@LAD 07/30/2026 10:10PM ET,LAD,4.38
,,,,,,,,,,,OF,Grant McCray (43711357),Grant McCray,43711357,OF,2300,SF@SD 07/30/2026 09:40PM ET,SF,4
,,,,,,,,,,,OF,Jase Bowen (43711359),Jase Bowen,43711359,OF,2300,SF@SD 07/30/2026 09:40PM ET,SD,2.10
,,,,,,,,,,,2B,Ivan Johnson (43711361),Ivan Johnson,43711361,2B,2200,PIT@CIN 07/30/2026 07:10PM ET,CIN,2.43
,,,,,,,,,,,C,Eliezer Alfonzo (43711362),Eliezer Alfonzo,43711362,C,2200,SEA@LAD 07/30/2026 10:10PM ET,LAD,2.33
,,,,,,,,,,,OF,Rob Refsnyder (43711363),Rob Refsnyder,43711363,OF,2200,SEA@LAD 07/30/2026 10:10PM ET,SEA,2.71
,,,,,,,,,,,3B,Graham Pauley (43711360),Graham Pauley,43711360,3B,2200,MIA@NYM 07/30/2026 07:10PM ET,MIA,3.28
,,,,,,,,,,,3B,Ke'Bryan Hayes (43711365),Ke'Bryan Hayes,43711365,3B,2100,PIT@CIN 07/30/2026 07:10PM ET,CIN,2.79
,,,,,,,,,,,2B,Edwin Arroyo (43711366),Edwin Arroyo,43711366,2B,2100,PIT@CIN 07/30/2026 07:10PM ET,CIN,3.73
,,,,,,,,,,,C,Drew Cavanaugh (43711364),Drew Cavanaugh,43711364,C,2100,SF@SD 07/30/2026 09:40PM ET,SF,3.24
,,,,,,,,,,,SS,Tsung-Che Cheng (43711434),Tsung-Che Cheng,43711434,SS,2000,BOS@ATH 07/30/2026 09:40PM ET,BOS,4.57
,,,,,,,,,,,1B/3B,Brett Harris (43711438),Brett Harris,43711438,1B/3B,2000,BOS@ATH 07/30/2026 09:40PM ET,BOS,1
,,,,,,,,,,,OF,Brent Rooker (43711449),Brent Rooker,43711449,OF,2000,BOS@ATH 07/30/2026 09:40PM ET,ATH,7
,,,,,,,,,,,1B,Triston Casas (43711450),Triston Casas,43711450,1B,2000,BOS@ATH 07/30/2026 09:40PM ET,BOS,0
,,,,,,,,,,,2B,Kristian Campbell (43711452),Kristian Campbell,43711452,2B,2000,BOS@ATH 07/30/2026 09:40PM ET,BOS,0
,,,,,,,,,,,OF,Denzel Clarke (43711464),Denzel Clarke,43711464,OF,2000,BOS@ATH 07/30/2026 09:40PM ET,ATH,3.04
,,,,,,,,,,,1B,Abimelec Ortiz (43711430),Abimelec Ortiz,43711430,1B,2000,WSH@ATL 07/30/2026 07:15PM ET,WSH,5
,,,,,,,,,,,3B,Nacho Alvarez Jr. (43711432),Nacho Alvarez Jr.,43711432,3B,2000,WSH@ATL 07/30/2026 07:15PM ET,ATL,0
,,,,,,,,,,,OF,Christian Franklin (43711444),Christian Franklin,43711444,OF,2000,WSH@ATL 07/30/2026 07:15PM ET,WSH,0
,,,,,,,,,,,OF,Jurickson Profar (43711448),Jurickson Profar,43711448,OF,2000,WSH@ATL 07/30/2026 07:15PM ET,ATL,0
,,,,,,,,,,,OF,DaShawn Keirsey Jr. (43711473),DaShawn Keirsey Jr.,43711473,OF,2000,WSH@ATL 07/30/2026 07:15PM ET,ATL,0
,,,,,,,,,,,SS,Ha-Seong Kim (43711477),Ha-Seong Kim,43711477,SS,2000,WSH@ATL 07/30/2026 07:15PM ET,ATL,1.93
,,,,,,,,,,,OF,Johnathan Rodriguez (43711431),Johnathan Rodriguez,43711431,OF,2000,PIT@CIN 07/30/2026 07:10PM ET,PIT,2.57
,,,,,,,,,,,OF,Hector Rodriguez (43711440),Hector Rodriguez,43711440,OF,2000,PIT@CIN 07/30/2026 07:10PM ET,CIN,0
,,,,,,,,,,,SS,Leo Balcazar (43711446),Leo Balcazar,43711446,SS,2000,PIT@CIN 07/30/2026 07:10PM ET,CIN,0
,,,,,,,,,,,1B/3B,Nick Yorke (43711460),Nick Yorke,43711460,1B/3B,2000,PIT@CIN 07/30/2026 07:10PM ET,PIT,3.70
,,,,,,,,,,,1B,Davis Wendzel (43711476),Davis Wendzel,43711476,1B,2000,PIT@CIN 07/30/2026 07:10PM ET,PIT,0
,,,,,,,,,,,C,Will Banfield (43711480),Will Banfield,43711480,C,2000,PIT@CIN 07/30/2026 07:10PM ET,CIN,0
,,,,,,,,,,,SS,Jack Brannigan (43711482),Jack Brannigan,43711482,SS,2000,PIT@CIN 07/30/2026 07:10PM ET,PIT,0
,,,,,,,,,,,2B/OF,Tyler Fitzgerald (43711435),Tyler Fitzgerald,43711435,2B/OF,2000,SEA@LAD 07/30/2026 10:10PM ET,LAD,0
,,,,,,,,,,,3B/OF,Nick Senzel (43711442),Nick Senzel,43711442,3B/OF,2000,SEA@LAD 07/30/2026 10:10PM ET,LAD,0
,,,,,,,,,,,OF,Brennen Davis (43711447),Brennen Davis,43711447,OF,2000,SEA@LAD 07/30/2026 10:10PM ET,SEA,0
,,,,,,,,,,,1B/3B,Patrick Wisdom (43711455),Patrick Wisdom,43711455,1B/3B,2000,SEA@LAD 07/30/2026 10:10PM ET,SEA,2.93
,,,,,,,,,,,OF,Alek Thomas (43711457),Alek Thomas,43711457,OF,2000,SEA@LAD 07/30/2026 10:10PM ET,LAD,5.61
,,,,,,,,,,,3B,Leo Rivas (43711458),Leo Rivas,43711458,3B,2000,SEA@LAD 07/30/2026 10:10PM ET,SEA,3.32
,,,,,,,,,,,1B/OF,Connor Joe (43711467),Connor Joe,43711467,1B/OF,2000,SEA@LAD 07/30/2026 10:10PM ET,SEA,3.05
,,,,,,,,,,,2B,Ryan Bliss (43711479),Ryan Bliss,43711479,2B,2000,SEA@LAD 07/30/2026 10:10PM ET,SEA,2.33
,,,,,,,,,,,C,Rodolfo Duran (43711367),Rodolfo Duran,43711367,C,2000,SF@SD 07/30/2026 09:40PM ET,SD,2.97
,,,,,,,,,,,2B/3B,Christian Koss (43711368),Christian Koss,43711368,2B/3B,2000,SF@SD 07/30/2026 09:40PM ET,SF,2.11
,,,,,,,,,,,3B/SS,Osleivis Basabe (43711370),Osleivis Basabe,43711370,3B/SS,2000,SF@SD 07/30/2026 09:40PM ET,SF,0
,,,,,,,,,,,C,Diego Cartaya (43711445),Diego Cartaya,43711445,C,2000,SF@SD 07/30/2026 09:40PM ET,SF,0
,,,,,,,,,,,OF,Ramon Laureano (43711451),Ramon Laureano,43711451,OF,2000,SF@SD 07/30/2026 09:40PM ET,SD,6.58
,,,,,,,,,,,OF,Nick Castellanos (43711459),Nick Castellanos,43711459,OF,2000,SF@SD 07/30/2026 09:40PM ET,SD,4.67
,,,,,,,,,,,2B/SS,Mason McCoy (43711465),Mason McCoy,43711465,2B/SS,2000,SF@SD 07/30/2026 09:40PM ET,SD,0
,,,,,,,,,,,2B,Will Wagner (43711469),Will Wagner,43711469,2B,2000,SF@SD 07/30/2026 09:40PM ET,SD,3.69
,,,,,,,,,,,2B/3B,Pablo Reyes (43711470),Pablo Reyes,43711470,2B/3B,2000,SF@SD 07/30/2026 09:40PM ET,SD,0
,,,,,,,,,,,1B/OF,Jerar Encarnacion (43711474),Jerar Encarnacion,43711474,1B/OF,2000,SF@SD 07/30/2026 09:40PM ET,SF,1.41
,,,,,,,,,,,OF,Jared Oliva (43711478),Jared Oliva,43711478,OF,2000,SF@SD 07/30/2026 09:40PM ET,SF,1.43
,,,,,,,,,,,C,Blake Hunt (43711481),Blake Hunt,43711481,C,2000,SF@SD 07/30/2026 09:40PM ET,SD,0
,,,,,,,,,,,SS,Ronny Mauricio (43711433),Ronny Mauricio,43711433,SS,2000,MIA@NYM 07/30/2026 07:10PM ET,NYM,2.82
,,,,,,,,,,,1B,Deyvison De Los Santos (43711437),Deyvison De Los Santos,43711437,1B,2000,MIA@NYM 07/30/2026 07:10PM ET,MIA,2.67
,,,,,,,,,,,SS,Jared Serna (43711441),Jared Serna,43711441,SS,2000,MIA@NYM 07/30/2026 07:10PM ET,MIA,0
,,,,,,,,,,,2B/3B,Maximo Acosta (43711453),Maximo Acosta,43711453,2B/3B,2000,MIA@NYM 07/30/2026 07:10PM ET,MIA,0
,,,,,,,,,,,OF,Nick Morabito (43711462),Nick Morabito,43711462,OF,2000,MIA@NYM 07/30/2026 07:10PM ET,NYM,0.4
,,,,,,,,,,,OF,Rece Hinds (43711463),Rece Hinds,43711463,OF,2000,MIA@NYM 07/30/2026 07:10PM ET,MIA,2.77
,,,,,,,,,,,C,Hayden Senger (43711472),Hayden Senger,43711472,C,2000,MIA@NYM 07/30/2026 07:10PM ET,NYM,3
