Entry ID,Contest Name,Contest ID,Entry Fee,P,P,C,1B,2B,3B,SS,OF,OF,OF,,Instructions
5209342971,MLB $5K Solo Shot [$1K to 1st],193254906,$1,Noah Cameron (43755565),Dean Kremer (43755566),Luis Campusano (43755655),Spencer Torkelson (43755623),Chase Meidroth (43755643),Jose Fernandez (43755793),J.P. Crawford (43755803),Akil Baddoo (43755830),Jorge Barrosa (43755753),Kyle Isbel (43755752),,1. Column A lists all of your contest entries for this draftgroup
5209352493,MLB $5K Solo Shot [$1K to 1st],193254906,$1,Noah Cameron (43755565),Dean Kremer (43755566),Luis Campusano (43755655),Spencer Torkelson (43755623),Chase Meidroth (43755643),Jose Fernandez (43755793),J.P. Crawford (43755803),Akil Baddoo (43755830),Jorge Barrosa (43755753),Kyle Isbel (43755752),,2. Your current lineup is listed next to each entry (blank for reservations)
5209352494,MLB $5K Solo Shot [$1K to 1st],193254906,$1,Noah Cameron (43755565),Dean Kremer (43755566),Luis Campusano (43755655),Spencer Torkelson (43755623),Chase Meidroth (43755643),Jose Fernandez (43755793),J.P. Crawford (43755803),Akil Baddoo (43755830),Jorge Barrosa (43755753),Kyle Isbel (43755752),,3. You can change the lineup for an entry by entering the IDs of the players in the row next to that entry
5209352495,MLB $5K Solo Shot [$1K to 1st],193254906,$1,Noah Cameron (43755565),Dean Kremer (43755566),Luis Campusano (43755655),Spencer Torkelson (43755623),Chase Meidroth (43755643),Jose Fernandez (43755793),J.P. Crawford (43755803),Akil Baddoo (43755830),Jorge Barrosa (43755753),Kyle Isbel (43755752),,4. Use data from the Name+ID column or the ID column; you cannot use just the player's name
5209352496,MLB $5K Solo Shot [$1K to 1st],193254906,$1,Noah Cameron (43755565),Dean Kremer (43755566),Luis Campusano (43755655),Spencer Torkelson (43755623),Chase Meidroth (43755643),Jose Fernandez (43755793),J.P. Crawford (43755803),Akil Baddoo (43755830),Jorge Barrosa (43755753),Kyle Isbel (43755752),,5. For faster processing only include entries you are changing in the file you upload
5209352497,MLB $5K Solo Shot [$1K to 1st],193254906,$1,Noah Cameron (43755565),Dean Kremer (43755566),Luis Campusano (43755655),Spencer Torkelson (43755623),Chase Meidroth (43755643),Jose Fernandez (43755793),J.P. Crawford (43755803),Akil Baddoo (43755830),Jorge Barrosa (43755753),Kyle Isbel (43755752),,
5209352498,MLB $5K Solo Shot [$1K to 1st],193254906,$1,Noah Cameron (43755565),Dean Kremer (43755566),Luis Campusano (43755655),Spencer Torkelson (43755623),Chase Meidroth (43755643),Jose Fernandez (43755793),J.P. Crawford (43755803),Akil Baddoo (43755830),Jorge Barrosa (43755753),Kyle Isbel (43755752),,Position,Name + ID,Name,ID,Roster Position,Salary,Game Info,TeamAbbrev,AvgPointsPerGame
5209352499,MLB $5K Solo Shot [$1K to 1st],193254906,$1,Noah Cameron (43755565),Dean Kremer (43755566),Luis Campusano (43755655),Spencer Torkelson (43755623),Chase Meidroth (43755643),Jose Fernandez (43755793),J.P. Crawford (43755803),Akil Baddoo (43755830),Jorge Barrosa (43755753),Kyle Isbel (43755752),,SP,Jacob Misiorowski (43755889),Jacob Misiorowski,43755889,P,12000,PIT@MIL 08/05/2026 07:40PM ET,MIL,29.41
5209352500,MLB $5K Solo Shot [$1K to 1st],193254906,$1,Noah Cameron (43755565),Dean Kremer (43755566),Luis Campusano (43755655),Spencer Torkelson (43755623),Chase Meidroth (43755643),Jose Fernandez (43755793),J.P. Crawford (43755803),Akil Baddoo (43755830),Jorge Barrosa (43755753),Kyle Isbel (43755752),,SP,Cam Schlittler (43755890),Cam Schlittler,43755890,P,11300,STL@NYY 08/05/2026 07:05PM ET,NYY,22.62
5209352501,MLB $5K Solo Shot [$1K to 1st],193254906,$1,Noah Cameron (43755565),Dean Kremer (43755566),Luis Campusano (43755655),Spencer Torkelson (43755623),Chase Meidroth (43755643),Jose Fernandez (43755793),J.P. Crawford (43755803),Akil Baddoo (43755830),Jorge Barrosa (43755753),Kyle Isbel (43755752),,SP,Logan Henderson (43755891),Logan Henderson,43755891,P,10500,PIT@MIL 08/05/2026 07:40PM ET,MIL,20.29
5209352502,MLB $5K Solo Shot [$1K to 1st],193254906,$1,Noah Cameron (43755565),Dean Kremer (43755566),Luis Campusano (43755655),Spencer Torkelson (43755623),Chase Meidroth (43755643),Jose Fernandez (43755793),J.P. Crawford (43755803),Akil Baddoo (43755830),Jorge Barrosa (43755753),Kyle Isbel (43755752),,SP,Chris Sale (43755892),Chris Sale,43755892,P,10400,MIA@ATL 08/05/2026 07:15PM ET,ATL,23.29
5209352503,MLB $5K Solo Shot [$1K to 1st],193254906,$1,Noah Cameron (43755565),Dean Kremer (43755566),Luis Campusano (43755655),Spencer Torkelson (43755623),Chase Meidroth (43755643),Jose Fernandez (43755793),J.P. Crawford (43755803),Akil Baddoo (43755830),Jorge Barrosa (43755753),Kyle Isbel (43755752),,SP,Logan Gilbert (43755893),Logan Gilbert,43755893,P,10000,DET@SEA 08/05/2026 09:40PM ET,SEA,19.31
5209352504,MLB $5K Solo Shot [$1K to 1st],193254906,$1,Noah Cameron (43755565),Dean Kremer (43755566),Luis Campusano (43755655),Spencer Torkelson (43755623),Chase Meidroth (43755643),Jose Fernandez (43755793),J.P. Crawford (43755803),Akil Baddoo (43755830),Jorge Barrosa (43755753),Kyle Isbel (43755752),,SP,Troy Melton (43755894),Troy Melton,43755894,P,9800,DET@SEA 08/05/2026 09:40PM ET,DET,21.26
5209352505,MLB $5K Solo Shot [$1K to 1st],193254906,$1,Noah Cameron (43755565),Dean Kremer (43755566),Luis Campusano (43755655),Spencer Torkelson (43755623),Chase Meidroth (43755643),Jose Fernandez (43755793),J.P. Crawford (43755803),Akil Baddoo (43755830),Jorge Barrosa (43755753),Kyle Isbel (43755752),,SP,Gerrit Cole (43755895),Gerrit Cole,43755895,P,9800,STL@NYY 08/05/2026 07:05PM ET,NYY,18.20
5209352506,MLB $5K Solo Shot [$1K to 1st],193254906,$1,Noah Cameron (43755565),Dean Kremer (43755566),Luis Campusano (43755655),Spencer Torkelson (43755623),Chase Meidroth (43755643),Jose Fernandez (43755793),J.P. Crawford (43755803),Akil Baddoo (43755830),Jorge Barrosa (43755753),Kyle Isbel (43755752),,SP,Paul Skenes (43755555),Paul Skenes,43755555,P,9600,PIT@MIL 08/05/2026 07:40PM ET,PIT,18.48
5209352507,MLB $5K Solo Shot [$1K to 1st],193254906,$1,Noah Cameron (43755565),Dean Kremer (43755566),Luis Campusano (43755655),Spencer Torkelson (43755623),Chase Meidroth (43755643),Jose Fernandez (43755793),J.P. Crawford (43755803),Akil Baddoo (43755830),Jorge Barrosa (43755753),Kyle Isbel (43755752),,SP,Brandon Woodruff (43755896),Brandon Woodruff,43755896,P,9500,PIT@MIL 08/05/2026 07:40PM ET,MIL,16.73
5209352508,MLB $5K Solo Shot [$1K to 1st],193254906,$1,Noah Cameron (43755565),Dean Kremer (43755566),Luis Campusano (43755655),Spencer Torkelson (43755623),Chase Meidroth (43755643),Jose Fernandez (43755793),J.P. Crawford (43755803),Akil Baddoo (43755830),Jorge Barrosa (43755753),Kyle Isbel (43755752),,SP,Spencer Schwellenbach (43755897),Spencer Schwellenbach,43755897,P,9400,MIA@ATL 08/05/2026 07:15PM ET,ATL,0
5209352509,MLB $5K Solo Shot [$1K to 1st],193254906,$1,Noah Cameron (43755565),Dean Kremer (43755566),Luis Campusano (43755655),Spencer Torkelson (43755623),Chase Meidroth (43755643),Jose Fernandez (43755793),J.P. Crawford (43755803),Akil Baddoo (43755830),Jorge Barrosa (43755753),Kyle Isbel (43755752),,RP,Spencer Strider (43755898),Spencer Strider,43755898,P,9400,MIA@ATL 08/05/2026 07:15PM ET,ATL,14.67
5209352510,MLB $5K Solo Shot [$1K to 1st],193254906,$1,Noah Cameron (43755565),Dean Kremer (43755566),Luis Campusano (43755655),Spencer Torkelson (43755623),Chase Meidroth (43755643),Jose Fernandez (43755793),J.P. Crawford (43755803),Akil Baddoo (43755830),Jorge Barrosa (43755753),Kyle Isbel (43755752),,SP,Max Meyer (43755901),Max Meyer,43755901,P,9300,MIA@ATL 08/05/2026 07:15PM ET,MIA,19.10
5209352511,MLB $5K Solo Shot [$1K to 1st],193254906,$1,Noah Cameron (43755565),Dean Kremer (43755566),Luis Campusano (43755655),Spencer Torkelson (43755623),Chase Meidroth (43755643),Jose Fernandez (43755793),J.P. Crawford (43755803),Akil Baddoo (43755830),Jorge Barrosa (43755753),Kyle Isbel (43755752),,SP,Sonny Gray (43755556),Sonny Gray,43755556,P,9300,CWS@BOS 08/05/2026 07:10PM ET,BOS,17.41
,,,,,,,,,,,,,,,SP,Garrett Crochet (43755899),Garrett Crochet,43755899,P,9300,CWS@BOS 08/05/2026 07:10PM ET,BOS,13.78
,,,,,,,,,,,,,,,SP,Joe Ryan (43755900),Joe Ryan,43755900,P,9300,MIN@KC 08/05/2026 07:40PM ET,MIN,16.49
,,,,,,,,,,,,,,,SP,Nick Pivetta (43755904),Nick Pivetta,43755904,P,9000,SD@ARI 08/05/2026 09:40PM ET,SD,15.3
,,,,,,,,,,,,,,,SP,Casey Mize (43755905),Casey Mize,43755905,P,9000,SD@ARI 08/05/2026 09:40PM ET,SD,17.3
,,,,,,,,,,,,,,,SP,Bryan Woo (43755557),Bryan Woo,43755557,P,9000,DET@SEA 08/05/2026 09:40PM ET,SEA,16.01
,,,,,,,,,,,,,,,SP,George Kirby (43755902),George Kirby,43755902,P,9000,DET@SEA 08/05/2026 09:40PM ET,SEA,15.96
,,,,,,,,,,,,,,,SP,Bryce Miller (43755903),Bryce Miller,43755903,P,9000,DET@SEA 08/05/2026 09:40PM ET,SEA,18.7
,,,,,,,,,,,,,,,SP,Payton Tolle (43755908),Payton Tolle,43755908,P,8800,CWS@BOS 08/05/2026 07:10PM ET,BOS,17.85
,,,,,,,,,,,,,,,SP,Ranger Suarez (43755909),Ranger Suarez,43755909,P,8800,CWS@BOS 08/05/2026 07:10PM ET,BOS,16.33
,,,,,,,,,,,,,,,RP,Drew Anderson (43755910),Drew Anderson,43755910,P,8800,DET@SEA 08/05/2026 09:40PM ET,DET,5.08
,,,,,,,,,,,,,,,RP,Ryan Weathers (43755906),Ryan Weathers,43755906,P,8800,STL@NYY 08/05/2026 07:05PM ET,NYY,16.53
,,,,,,,,,,,,,,,SP,Carlos Rodon (43755907),Carlos Rodon,43755907,P,8800,STL@NYY 08/05/2026 07:05PM ET,NYY,17.21
,,,,,,,,,,,,,,,SP,Max Fried (43755911),Max Fried,43755911,P,8800,STL@NYY 08/05/2026 07:05PM ET,NYY,17.16
,,,,,,,,,,,,,,,SP,Sean Burke (43755558),Sean Burke,43755558,P,8700,CWS@BOS 08/05/2026 07:10PM ET,CWS,18.94
,,,,,,,,,,,,,,,RP,Braxton Ashcraft (43755912),Braxton Ashcraft,43755912,P,8600,PIT@MIL 08/05/2026 07:40PM ET,PIT,18.43
,,,,,,,,,,,,,,,SP,Corbin Burnes (43755913),Corbin Burnes,43755913,P,8500,SD@ARI 08/05/2026 09:40PM ET,ARI,0
,,,,,,,,,,,,,,,SP,Kyle Harrison (43755559),Kyle Harrison,43755559,P,8500,PIT@MIL 08/05/2026 07:40PM ET,MIL,18.23
,,,,,,,,,,,,,,,RP,Shane Drohan (43755914),Shane Drohan,43755914,P,8500,PIT@MIL 08/05/2026 07:40PM ET,MIL,12.2
,,,,,,,,,,,,,,,SP,Brandon Sproat (43755915),Brandon Sproat,43755915,P,8500,PIT@MIL 08/05/2026 07:40PM ET,MIL,10.87
,,,,,,,,,,,,,,,SP,Robert Gasser (43755916),Robert Gasser,43755916,P,8500,PIT@MIL 08/05/2026 07:40PM ET,MIL,13.29
,,,,,,,,,,,,,,,RP,AJ Smith-Shawver (43755917),AJ Smith-Shawver,43755917,P,8400,MIA@ATL 08/05/2026 07:15PM ET,ATL,10.15
,,,,,,,,,,,,,,,SP,Eury Perez (43755560),Eury Perez,43755560,P,8300,MIA@ATL 08/05/2026 07:15PM ET,MIA,17.14
,,,,,,,,,,,,,,,SP,Sandy Alcantara (43755922),Sandy Alcantara,43755922,P,8300,MIA@ATL 08/05/2026 07:15PM ET,MIA,16.58
,,,,,,,,,,,,,,,SP,Jake Bennett (43755920),Jake Bennett,43755920,P,8300,CWS@BOS 08/05/2026 07:10PM ET,BOS,16.51
,,,,,,,,,,,,,,,SP,Mick Abel (43755918),Mick Abel,43755918,P,8300,MIN@KC 08/05/2026 07:40PM ET,MIN,14.19
,,,,,,,,,,,,,,,SP,Taj Bradley (43755919),Taj Bradley,43755919,P,8300,MIN@KC 08/05/2026 07:40PM ET,MIN,18.34
,,,,,,,,,,,,,,,SP,Pablo Lopez (43755921),Pablo Lopez,43755921,P,8300,MIN@KC 08/05/2026 07:40PM ET,MIN,0
,,,,,,,,,,,,,,,SP,Robbie Ray (43755561),Robbie Ray,43755561,P,8000,SD@ARI 08/05/2026 09:40PM ET,SD,15.94
,,,,,,,,,,,,,,,RP,Michael King (43755924),Michael King,43755924,P,8000,SD@ARI 08/05/2026 09:40PM ET,SD,15.05
,,,,,,,,,,,,,,,SP,Joe Musgrove (43755925),Joe Musgrove,43755925,P,8000,SD@ARI 08/05/2026 09:40PM ET,SD,0
,,,,,,,,,,,,,,,SP,Emerson Hancock (43755923),Emerson Hancock,43755923,P,8000,DET@SEA 08/05/2026 09:40PM ET,SEA,16.11
,,,,,,,,,,,,,,,SP,Jack Flaherty (43755926),Jack Flaherty,43755926,P,7800,DET@SEA 08/05/2026 09:40PM ET,DET,12.89
,,,,,,,,,,,,,,,RP,Keider Montero (43755927),Keider Montero,43755927,P,7800,DET@SEA 08/05/2026 09:40PM ET,DET,12.57
,,,,,,,,,,,,,,,SP,Will Warren (43755562),Will Warren,43755562,P,7800,STL@NYY 08/05/2026 07:05PM ET,NYY,13.81
,,,,,,,,,,,,,,,SP,Clarke Schmidt (43755928),Clarke Schmidt,43755928,P,7800,STL@NYY 08/05/2026 07:05PM ET,NYY,0
,,,,,,,,,,,,,,,RP,Randy Dobnak (43755933),Randy Dobnak,43755933,P,7600,MIN@KC 08/05/2026 07:40PM ET,KC,12.92
,,,,,,,,,,,,,,,SP,Jared Jones (43755929),Jared Jones,43755929,P,7600,PIT@MIL 08/05/2026 07:40PM ET,PIT,14.23
,,,,,,,,,,,,,,,SP,Bubba Chandler (43755930),Bubba Chandler,43755930,P,7600,PIT@MIL 08/05/2026 07:40PM ET,PIT,11.44
,,,,,,,,,,,,,,,SP,Mitch Keller (43755931),Mitch Keller,43755931,P,7600,PIT@MIL 08/05/2026 07:40PM ET,PIT,10.28
,,,,,,,,,,,,,,,RP,Carmen Mlodzinski (43755932),Carmen Mlodzinski,43755932,P,7600,PIT@MIL 08/05/2026 07:40PM ET,PIT,9.76
,,,,,,,,,,,,,,,RP,Michael Soroka (43755934),Michael Soroka,43755934,P,7500,SD@ARI 08/05/2026 09:40PM ET,ARI,17.47
,,,,,,,,,,,,,,,RP,Eduardo Rodriguez (43755936),Eduardo Rodriguez,43755936,P,7500,SD@ARI 08/05/2026 09:40PM ET,ARI,15.10
,,,,,,,,,,,,,,,SP,Dustin May (43755935),Dustin May,43755935,P,7500,PIT@MIL 08/05/2026 07:40PM ET,MIL,13.72
,,,,,,,,,,,,,,,SP,Chad Patrick (43755937),Chad Patrick,43755937,P,7500,PIT@MIL 08/05/2026 07:40PM ET,MIL,6.40
,,,,,,,,,,,,,,,SP,Bryce Elder (43755563),Bryce Elder,43755563,P,7400,MIA@ATL 08/05/2026 07:15PM ET,ATL,14.60
,,,,,,,,,,,,,,,RP,Owen Murphy (43755938),Owen Murphy,43755938,P,7400,MIA@ATL 08/05/2026 07:15PM ET,ATL,5.2
,,,,,,,,,,,,,,,RP,Reynaldo Lopez (43755939),Reynaldo Lopez,43755939,P,7400,MIA@ATL 08/05/2026 07:15PM ET,ATL,8.04
,,,,,,,,,,,,,,,SP,Tyler Mahle (43755940),Tyler Mahle,43755940,P,7400,MIA@ATL 08/05/2026 07:15PM ET,ATL,11.92
,,,,,,,,,,,,,,,RP,Martin Perez (43755941),Martin Perez,43755941,P,7400,MIA@ATL 08/05/2026 07:15PM ET,ATL,12.26
,,,,,,,,,,,,,,,SP,JR Ritchie (43755942),JR Ritchie,43755942,P,7400,MIA@ATL 08/05/2026 07:15PM ET,ATL,9.08
,,,,,,,,,,,,,,,SP,Robby Snelling (43755943),Robby Snelling,43755943,P,7300,MIA@ATL 08/05/2026 07:15PM ET,MIA,3.85
,,,,,,,,,,,,,,,RP,David Sandlin (43755944),David Sandlin,43755944,P,7200,CWS@BOS 08/05/2026 07:10PM ET,CWS,12.62
,,,,,,,,,,,,,,,SP,Davis Martin (43755945),Davis Martin,43755945,P,7200,CWS@BOS 08/05/2026 07:10PM ET,CWS,14.20
,,,,,,,,,,,,,,,SP,Jonathan Cannon (43755946),Jonathan Cannon,43755946,P,7200,CWS@BOS 08/05/2026 07:10PM ET,CWS,-3.8
,,,,,,,,,,,,,,,RP,Shane Smith (43755947),Shane Smith,43755947,P,7200,CWS@BOS 08/05/2026 07:10PM ET,CWS,2.52
,,,,,,,,,,,,,,,SP,Logan Evans (43755948),Logan Evans,43755948,P,7000,DET@SEA 08/05/2026 09:40PM ET,SEA,0
,,,,,,,,,,,,,,,RP,Cooper Criswell (43755949),Cooper Criswell,43755949,P,7000,DET@SEA 08/05/2026 09:40PM ET,SEA,2.95
,,,,,,,,,,,,,,,SP,Andre Pallante (43755564),Andre Pallante,43755564,P,7000,STL@NYY 08/05/2026 07:05PM ET,STL,13.90
,,,,,,,,,,,,,,,RP,Kyle Leahy (43755950),Kyle Leahy,43755950,P,7000,STL@NYY 08/05/2026 07:05PM ET,STL,13.37
,,,,,,,,,,,,,,,SP,Michael McGreevy (43755951),Michael McGreevy,43755951,P,7000,STL@NYY 08/05/2026 07:05PM ET,STL,12.11
,,,,,,,,,,,,,,,SP,Quinn Mathews (43755952),Quinn Mathews,43755952,P,7000,STL@NYY 08/05/2026 07:05PM ET,STL,7.85
,,,,,,,,,,,,,,,RP,Matthew Liberatore (43755953),Matthew Liberatore,43755953,P,7000,STL@NYY 08/05/2026 07:05PM ET,STL,11.77
,,,,,,,,,,,,,,,SP,Hunter Dobbins (43755954),Hunter Dobbins,43755954,P,7000,STL@NYY 08/05/2026 07:05PM ET,STL,13.28
,,,,,,,,,,,,,,,RP,Grant Holmes (43755955),Grant Holmes,43755955,P,6900,MIA@ATL 08/05/2026 07:15PM ET,ATL,12.64
,,,,,,,,,,,,,,,SP,Patrick Sandoval (43755961),Patrick Sandoval,43755961,P,6800,CWS@BOS 08/05/2026 07:10PM ET,BOS,13.08
,,,,,,,,,,,,,,,SP,Tanner Houck (43755962),Tanner Houck,43755962,P,6800,CWS@BOS 08/05/2026 07:10PM ET,BOS,0
,,,,,,,,,,,,,,,SP,Kutter Crawford (43755963),Kutter Crawford,43755963,P,6800,CWS@BOS 08/05/2026 07:10PM ET,BOS,0
,,,,,,,,,,,,,,,RP,Eduardo Rivera (43755964),Eduardo Rivera,43755964,P,6800,CWS@BOS 08/05/2026 07:10PM ET,BOS,5.02
,,,,,,,,,,,,,,,RP,Framber Valdez (43755957),Framber Valdez,43755957,P,6800,DET@SEA 08/05/2026 09:40PM ET,DET,12.09
,,,,,,,,,,,,,,,SP,Reese Olson (43755958),Reese Olson,43755958,P,6800,DET@SEA 08/05/2026 09:40PM ET,DET,0
,,,,,,,,,,,,,,,SP,Jackson Jobe (43755959),Jackson Jobe,43755959,P,6800,DET@SEA 08/05/2026 09:40PM ET,DET,0
,,,,,,,,,,,,,,,SP,Justin Verlander (43755960),Justin Verlander,43755960,P,6800,DET@SEA 08/05/2026 09:40PM ET,DET,-4.55
,,,,,,,,,,,,,,,RP,Ryan Yarbrough (43755956),Ryan Yarbrough,43755956,P,6800,STL@NYY 08/05/2026 07:05PM ET,NYY,3.01
,,,,,,,,,,,,,,,SP,Noah Cameron (43755565),Noah Cameron,43755565,P,6600,MIN@KC 08/05/2026 07:40PM ET,KC,13.43
,,,,,,,,,,,,,,,SP,Cole Ragans (43755965),Cole Ragans,43755965,P,6600,MIN@KC 08/05/2026 07:40PM ET,KC,13.19
,,,,,,,,,,,,,,,SP,Michael Wacha (43755966),Michael Wacha,43755966,P,6600,MIN@KC 08/05/2026 07:40PM ET,KC,15.74
,,,,,,,,,,,,,,,RP,Seth Lugo (43755967),Seth Lugo,43755967,P,6600,MIN@KC 08/05/2026 07:40PM ET,KC,11.59
,,,,,,,,,,,,,,,RP,Lake Bachar (43755968),Lake Bachar,43755968,P,6600,PIT@MIL 08/05/2026 07:40PM ET,PIT,4.4
,,,,,,,,,,,,,,,SP,Ryne Nelson (43755971),Ryne Nelson,43755971,P,6500,SD@ARI 08/05/2026 09:40PM ET,ARI,11.11
,,,,,,,,,,,,,,,SP,Brandon Pfaadt (43755972),Brandon Pfaadt,43755972,P,6500,SD@ARI 08/05/2026 09:40PM ET,ARI,8.76
,,,,,,,,,,,,,,,SP,Merrill Kelly (43755973),Merrill Kelly,43755973,P,6500,SD@ARI 08/05/2026 09:40PM ET,ARI,10.60
,,,,,,,,,,,,,,,SP,JP Sears (43755974),JP Sears,43755974,P,6500,SD@ARI 08/05/2026 09:40PM ET,SD,9.24
,,,,,,,,,,,,,,,SP,Walker Buehler (43755975),Walker Buehler,43755975,P,6500,SD@ARI 08/05/2026 09:40PM ET,SD,10.44
,,,,,,,,,,,,,,,SP,German Marquez (43755976),German Marquez,43755976,P,6500,SD@ARI 08/05/2026 09:40PM ET,SD,7.59
,,,,,,,,,,,,,,,SP,Lucas Giolito (43755977),Lucas Giolito,43755977,P,6500,SD@ARI 08/05/2026 09:40PM ET,SD,6.16
,,,,,,,,,,,,,,,SP,Colton Gordon (43755969),Colton Gordon,43755969,P,6500,PIT@MIL 08/05/2026 07:40PM ET,MIL,1
,,,,,,,,,,,,,,,SP,Quinn Priester (43755970),Quinn Priester,43755970,P,6500,PIT@MIL 08/05/2026 07:40PM ET,MIL,0
,,,,,,,,,,,,,,,RP,Joey Wentz (43755978),Joey Wentz,43755978,P,6400,MIA@ATL 08/05/2026 07:15PM ET,ATL,0
,,,,,,,,,,,,,,,RP,Victor Mederos (43755979),Victor Mederos,43755979,P,6400,MIA@ATL 08/05/2026 07:15PM ET,ATL,3.66
,,,,,,,,,,,,,,,RP,Didier Fuentes (43755980),Didier Fuentes,43755980,P,6400,MIA@ATL 08/05/2026 07:15PM ET,ATL,4.76
,,,,,,,,,,,,,,,SP,Hurston Waldrep (43755981),Hurston Waldrep,43755981,P,6400,MIA@ATL 08/05/2026 07:15PM ET,ATL,2.33
,,,,,,,,,,,,,,,RP,Janson Junk (43755987),Janson Junk,43755987,P,6300,MIA@ATL 08/05/2026 07:15PM ET,MIA,11.69
,,,,,,,,,,,,,,,RP,Tyler Phillips (43755988),Tyler Phillips,43755988,P,6300,MIA@ATL 08/05/2026 07:15PM ET,MIA,7.16
,,,,,,,,,,,,,,,SP,Dean Kremer (43755566),Dean Kremer,43755566,P,6300,MIN@KC 08/05/2026 07:40PM ET,MIN,11.37
,,,,,,,,,,,,,,,SP,Connor Prielipp (43755982),Connor Prielipp,43755982,P,6300,MIN@KC 08/05/2026 07:40PM ET,MIN,13.50
,,,,,,,,,,,,,,,RP,Jack Anderson (43755983),Jack Anderson,43755983,P,6300,MIN@KC 08/05/2026 07:40PM ET,MIN,5.99
,,,,,,,,,,,,,,,SP,Zebby Matthews (43755984),Zebby Matthews,43755984,P,6300,MIN@KC 08/05/2026 07:40PM ET,MIN,12.63
,,,,,,,,,,,,,,,SP,Bailey Ober (43755985),Bailey Ober,43755985,P,6300,MIN@KC 08/05/2026 07:40PM ET,MIN,12.71
,,,,,,,,,,,,,,,SP,David Festa (43755986),David Festa,43755986,P,6300,MIN@KC 08/05/2026 07:40PM ET,MIN,0
,,,,,,,,,,,,,,,RP,Jose Urquidy (43755989),Jose Urquidy,43755989,P,6200,CWS@BOS 08/05/2026 07:10PM ET,CWS,0.81
,,,,,,,,,,,,,,,RP,Trevor Richards (43755990),Trevor Richards,43755990,P,6200,CWS@BOS 08/05/2026 07:10PM ET,CWS,4.28
,,,,,,,,,,,,,,,RP,Mike Vasil (43755991),Mike Vasil,43755991,P,6200,CWS@BOS 08/05/2026 07:10PM ET,CWS,0
,,,,,,,,,,,,,,,RP,Joe Rock (43755992),Joe Rock,43755992,P,6200,CWS@BOS 08/05/2026 07:10PM ET,CWS,6.21
,,,,,,,,,,,,,,,SP,Erick Fedde (43755993),Erick Fedde,43755993,P,6200,CWS@BOS 08/05/2026 07:10PM ET,CWS,9.55
,,,,,,,,,,,,,,,RP,Anthony Kay (43755994),Anthony Kay,43755994,P,6200,CWS@BOS 08/05/2026 07:10PM ET,CWS,11.22
,,,,,,,,,,,,,,,SP,Luis Castillo (43755995),Luis Castillo,43755995,P,6200,CWS@BOS 08/05/2026 07:10PM ET,CWS,10.49
,,,,,,,,,,,,,,,RP,Grant Taylor (43755996),Grant Taylor,43755996,P,6200,CWS@BOS 08/05/2026 07:10PM ET,CWS,5.61
,,,,,,,,,,,,,,,SP,Noah Schultz (43755997),Noah Schultz,43755997,P,6200,CWS@BOS 08/05/2026 07:10PM ET,CWS,9.43
,,,,,,,,,,,,,,,OF,Fernando Tatis Jr. (43755569),Fernando Tatis Jr.,43755569,OF,6000,SD@ARI 08/05/2026 09:40PM ET,SD,8.26
,,,,,,,,,,,,,,,OF,Aaron Judge (43755774),Aaron Judge,43755774,OF,6000,STL@NYY 08/05/2026 07:05PM ET,NYY,9.71
,,,,,,,,,,,,,,,SP,Tekoah Roby (43755998),Tekoah Roby,43755998,P,6000,STL@NYY 08/05/2026 07:05PM ET,STL,0
,,,,,,,,,,,,,,,SP,Brycen Mautz (43755999),Brycen Mautz,43755999,P,6000,STL@NYY 08/05/2026 07:05PM ET,STL,3.15
,,,,,,,,,,,,,,,SP,Richard Fitts (43756000),Richard Fitts,43756000,P,6000,STL@NYY 08/05/2026 07:05PM ET,STL,0
,,,,,,,,,,,,,,,1B,Ben Rice (43755570),Ben Rice,43755570,1B,5900,STL@NYY 08/05/2026 07:05PM ET,NYY,9.17
,,,,,,,,,,,,,,,1B,Munetaka Murakami (43755571),Munetaka Murakami,43755571,1B,5800,CWS@BOS 08/05/2026 07:10PM ET,CWS,9.51
,,,,,,,,,,,,,,,SP,Brayan Bello (43756006),Brayan Bello,43756006,P,5800,CWS@BOS 08/05/2026 07:10PM ET,BOS,9.20
,,,,,,,,,,,,,,,SP,Johan Oviedo (43756007),Johan Oviedo,43756007,P,5800,CWS@BOS 08/05/2026 07:10PM ET,BOS,1.45
,,,,,,,,,,,,,,,SP,Ty Madden (43755567),Ty Madden,43755567,P,5800,DET@SEA 08/05/2026 09:40PM ET,DET,9.3
,,,,,,,,,,,,,,,SP,Yilber Diaz (43756004),Yilber Diaz,43756004,P,5800,DET@SEA 08/05/2026 09:40PM ET,DET,-5.12
,,,,,,,,,,,,,,,RP,Sawyer Gipson-Long (43756005),Sawyer Gipson-Long,43756005,P,5800,DET@SEA 08/05/2026 09:40PM ET,DET,0
,,,,,,,,,,,,,,,SS,Bobby Witt Jr. (43755775),Bobby Witt Jr.,43755775,SS,5800,MIN@KC 08/05/2026 07:40PM ET,KC,9.28
,,,,,,,,,,,,,,,RP,Kendry Rojas (43756008),Kendry Rojas,43756008,P,5800,MIN@KC 08/05/2026 07:40PM ET,MIN,7.43
,,,,,,,,,,,,,,,RP,Yoendrys Gomez (43756009),Yoendrys Gomez,43756009,P,5800,MIN@KC 08/05/2026 07:40PM ET,MIN,2.88
,,,,,,,,,,,,,,,RP,Marco Raya (43756010),Marco Raya,43756010,P,5800,MIN@KC 08/05/2026 07:40PM ET,MIN,4.23
,,,,,,,,,,,,,,,RP,Mike Paredes (43756011),Mike Paredes,43756011,P,5800,MIN@KC 08/05/2026 07:40PM ET,MIN,5.34
,,,,,,,,,,,,,,,RP,Paul Blackburn (43756001),Paul Blackburn,43756001,P,5800,STL@NYY 08/05/2026 07:05PM ET,NYY,4.47
,,,,,,,,,,,,,,,SP,Elmer Rodriguez (43756002),Elmer Rodriguez,43756002,P,5800,STL@NYY 08/05/2026 07:05PM ET,NYY,5.11
,,,,,,,,,,,,,,,SP,Luis Gil (43756003),Luis Gil,43756003,P,5800,STL@NYY 08/05/2026 07:05PM ET,NYY,5.52
,,,,,,,,,,,,,,,OF,Ronald Acuna Jr. (43755572),Ronald Acuna Jr.,43755572,OF,5700,MIA@ATL 08/05/2026 07:15PM ET,ATL,8.74
,,,,,,,,,,,,,,,OF,Byron Buxton (43755776),Byron Buxton,43755776,OF,5700,MIN@KC 08/05/2026 07:40PM ET,MIN,9.39
,,,,,,,,,,,,,,,C,Ryan Jeffers (43755573),Ryan Jeffers,43755573,C,5600,MIN@KC 08/05/2026 07:40PM ET,MIN,8.5
,,,,,,,,,,,,,,,RP,Stephen Kolek (43756016),Stephen Kolek,43756016,P,5600,MIN@KC 08/05/2026 07:40PM ET,KC,11.51
,,,,,,,,,,,,,,,RP,Antwone Kelly (43756012),Antwone Kelly,43756012,P,5600,PIT@MIL 08/05/2026 07:40PM ET,PIT,2.43
,,,,,,,,,,,,,,,RP,Thomas Harrington (43756013),Thomas Harrington,43756013,P,5600,PIT@MIL 08/05/2026 07:40PM ET,PIT,0
,,,,,,,,,,,,,,,RP,Hunter Barco (43756014),Hunter Barco,43756014,P,5600,PIT@MIL 08/05/2026 07:40PM ET,PIT,1.53
,,,,,,,,,,,,,,,RP,Wilber Dotel (43756015),Wilber Dotel,43756015,P,5600,PIT@MIL 08/05/2026 07:40PM ET,PIT,4.94
,,,,,,,,,,,,,,,SP,Mitch Bratt (43755568),Mitch Bratt,43755568,P,5500,SD@ARI 08/05/2026 09:40PM ET,ARI,4.62
,,,,,,,,,,,,,,,RP,Jhony Brito (43756017),Jhony Brito,43756017,P,5500,SD@ARI 08/05/2026 09:40PM ET,SD,4.33
,,,,,,,,,,,,,,,SP,Randy Vasquez (43756018),Randy Vasquez,43756018,P,5500,SD@ARI 08/05/2026 09:40PM ET,SD,9.23
,,,,,,,,,,,,,,,SP,Kyle Hart (43756019),Kyle Hart,43756019,P,5500,SD@ARI 08/05/2026 09:40PM ET,SD,3.48
,,,,,,,,,,,,,,,SP,Griffin Canning (43756020),Griffin Canning,43756020,P,5500,SD@ARI 08/05/2026 09:40PM ET,SD,7.6
,,,,,,,,,,,,,,,RP,Kohl Drake (43756024),Kohl Drake,43756024,P,5500,SD@ARI 08/05/2026 09:40PM ET,ARI,8.88
,,,,,,,,,,,,,,,SP,Dylan Ray (43756026),Dylan Ray,43756026,P,5500,SD@ARI 08/05/2026 09:40PM ET,ARI,0
,,,,,,,,,,,,,,,RP,Gerardo Carrillo (43756027),Gerardo Carrillo,43756027,P,5500,SD@ARI 08/05/2026 09:40PM ET,ARI,8.05
,,,,,,,,,,,,,,,SP,Cristian Mena (43756028),Cristian Mena,43756028,P,5500,SD@ARI 08/05/2026 09:40PM ET,ARI,0
,,,,,,,,,,,,,,,SP,Zac Gallen (43756029),Zac Gallen,43756029,P,5500,SD@ARI 08/05/2026 09:40PM ET,ARI,6.44
,,,,,,,,,,,,,,,SP,Jose Cabrera (43756030),Jose Cabrera,43756030,P,5500,SD@ARI 08/05/2026 09:40PM ET,ARI,6.09
,,,,,,,,,,,,,,,C,Dillon Dingler (43755574),Dillon Dingler,43755574,C,5500,DET@SEA 08/05/2026 09:40PM ET,DET,8.53
,,,,,,,,,,,,,,,SP,Coleman Crow (43756021),Coleman Crow,43756021,P,5500,PIT@MIL 08/05/2026 07:40PM ET,MIL,4.64
,,,,,,,,,,,,,,,RP,DL Hall (43756022),DL Hall,43756022,P,5500,PIT@MIL 08/05/2026 07:40PM ET,MIL,3.87
,,,,,,,,,,,,,,,RP,Bryse Wilson (43756023),Bryse Wilson,43756023,P,5500,PIT@MIL 08/05/2026 07:40PM ET,MIL,4.49
,,,,,,,,,,,,,,,SP,Antonio Senzatela (43756025),Antonio Senzatela,43756025,P,5500,PIT@MIL 08/05/2026 07:40PM ET,MIL,4.69
,,,,,,,,,,,,,,,OF,Corbin Carroll (43755575),Corbin Carroll,43755575,OF,5400,SD@ARI 08/05/2026 09:40PM ET,ARI,8.64
,,,,,,,,,,,,,,,OF,Jordan Walker (43755576),Jordan Walker,43755576,OF,5400,STL@NYY 08/05/2026 07:05PM ET,STL,9.16
,,,,,,,,,,,,,,,3B,Manny Machado (43755578),Manny Machado,43755578,3B,5300,SD@ARI 08/05/2026 09:40PM ET,SD,7.49
,,,,,,,,,,,,,,,RP,Dax Fulton (43756031),Dax Fulton,43756031,P,5300,MIA@ATL 08/05/2026 07:15PM ET,MIA,5.02
,,,,,,,,,,,,,,,SP,Adam Mazur (43756032),Adam Mazur,43756032,P,5300,MIA@ATL 08/05/2026 07:15PM ET,MIA,0
,,,,,,,,,,,,,,,SP,Bradley Blalock (43756033),Bradley Blalock,43756033,P,5300,MIA@ATL 08/05/2026 07:15PM ET,MIA,0
,,,,,,,,,,,,,,,RP,Ryan Gusto (43756034),Ryan Gusto,43756034,P,5300,MIA@ATL 08/05/2026 07:15PM ET,MIA,6.68
,,,,,,,,,,,,,,,OF,Jackson Chourio (43755577),Jackson Chourio,43755577,OF,5300,PIT@MIL 08/05/2026 07:40PM ET,MIL,9.11
,,,,,,,,,,,,,,,3B,Miguel Vargas (43755580),Miguel Vargas,43755580,3B,5200,CWS@BOS 08/05/2026 07:10PM ET,CWS,8.89
,,,,,,,,,,,,,,,2B,Brice Turang (43755579),Brice Turang,43755579,2B,5200,PIT@MIL 08/05/2026 07:40PM ET,MIL,9.27
,,,,,,,,,,,,,,,OF,Oneil Cruz (43755777),Oneil Cruz,43755777,OF,5200,PIT@MIL 08/05/2026 07:40PM ET,PIT,10.39
,,,,,,,,,,,,,,,1B,Willson Contreras (43755582),Willson Contreras,43755582,1B,5100,CWS@BOS 08/05/2026 07:10PM ET,BOS,8.81
,,,,,,,,,,,,,,,RP,Ryan Bergert (43756035),Ryan Bergert,43756035,P,5100,MIN@KC 08/05/2026 07:40PM ET,KC,0
,,,,,,,,,,,,,,,SP,Ben Kudrna (43756036),Ben Kudrna,43756036,P,5100,MIN@KC 08/05/2026 07:40PM ET,KC,0
,,,,,,,,,,,,,,,SP,Alec Marsh (43756037),Alec Marsh,43756037,P,5100,MIN@KC 08/05/2026 07:40PM ET,KC,0
,,,,,,,,,,,,,,,RP,Daniel Lynch IV (43756038),Daniel Lynch IV,43756038,P,5100,MIN@KC 08/05/2026 07:40PM ET,KC,3.10
,,,,,,,,,,,,,,,RP,Luinder Avila (43756039),Luinder Avila,43756039,P,5100,MIN@KC 08/05/2026 07:40PM ET,KC,6.98
,,,,,,,,,,,,,,,RP,Mitch Spence (43756040),Mitch Spence,43756040,P,5100,MIN@KC 08/05/2026 07:40PM ET,KC,-9.27
,,,,,,,,,,,,,,,RP,Mason Black (43756041),Mason Black,43756041,P,5100,MIN@KC 08/05/2026 07:40PM ET,KC,3.10
,,,,,,,,,,,,,,,2B,Brandon Lowe (43755581),Brandon Lowe,43755581,2B,5100,PIT@MIL 08/05/2026 07:40PM ET,PIT,8.66
,,,,,,,,,,,,,,,2B/OF,Kody Clemens (43755584),Kody Clemens,43755584,2B/OF,5000,MIN@KC 08/05/2026 07:40PM ET,MIN,7.64
,,,,,,,,,,,,,,,1B,Luis Garcia Jr. (43755583),Luis Garcia Jr.,43755583,1B,5000,STL@NYY 08/05/2026 07:05PM ET,NYY,8.03
,,,,,,,,,,,,,,,2B,Ketel Marte (43755587),Ketel Marte,43755587,2B,4900,SD@ARI 08/05/2026 09:40PM ET,ARI,7.88
,,,,,,,,,,,,,,,1B,Matt Olson (43755586),Matt Olson,43755586,1B,4900,MIA@ATL 08/05/2026 07:15PM ET,ATL,9.18
,,,,,,,,,,,,,,,C,Drake Baldwin (43755590),Drake Baldwin,43755590,C,4800,MIA@ATL 08/05/2026 07:15PM ET,ATL,8.71
,,,,,,,,,,,,,,,OF,Randy Arozarena (43755591),Randy Arozarena,43755591,OF,4800,DET@SEA 08/05/2026 09:40PM ET,SEA,8.85
,,,,,,,,,,,,,,,3B/SS,Kevin McGonigle (43755592),Kevin McGonigle,43755592,3B/SS,4800,DET@SEA 08/05/2026 09:40PM ET,DET,8.39
,,,,,,,,,,,,,,,1B,Alec Burleson (43755588),Alec Burleson,43755588,1B,4800,STL@NYY 08/05/2026 07:05PM ET,STL,8.29
,,,,,,,,,,,,,,,2B,JJ Wetherholt (43755589),JJ Wetherholt,43755589,2B,4800,STL@NYY 08/05/2026 07:05PM ET,STL,7.96
,,,,,,,,,,,,,,,OF,Jackson Merrill (43755597),Jackson Merrill,43755597,OF,4700,SD@ARI 08/05/2026 09:40PM ET,SD,7.70
,,,,,,,,,,,,,,,SS,Colson Montgomery (43755601),Colson Montgomery,43755601,SS,4700,CWS@BOS 08/05/2026 07:10PM ET,CWS,7.51
,,,,,,,,,,,,,,,OF,Riley Greene (43755600),Riley Greene,43755600,OF,4700,DET@SEA 08/05/2026 09:40PM ET,DET,7.76
,,,,,,,,,,,,,,,C,Carter Jensen (43755598),Carter Jensen,43755598,C,4700,MIN@KC 08/05/2026 07:40PM ET,KC,6.71
,,,,,,,,,,,,,,,1B/OF,Jake Bauers (43755595),Jake Bauers,43755595,1B/OF,4700,PIT@MIL 08/05/2026 07:40PM ET,MIL,8.64
,,,,,,,,,,,,,,,OF,Christian Yelich (43755599),Christian Yelich,43755599,OF,4700,PIT@MIL 08/05/2026 07:40PM ET,MIL,7.70
,,,,,,,,,,,,,,,2B,Jazz Chisholm Jr. (43755594),Jazz Chisholm Jr.,43755594,2B,4700,STL@NYY 08/05/2026 07:05PM ET,NYY,7.91
,,,,,,,,,,,,,,,OF,Bryan Reynolds (43755602),Bryan Reynolds,43755602,OF,4600,PIT@MIL 08/05/2026 07:40PM ET,PIT,8.44
,,,,,,,,,,,,,,,C,Gabriel Moreno (43755607),Gabriel Moreno,43755607,C,4500,SD@ARI 08/05/2026 09:40PM ET,ARI,7.68
,,,,,,,,,,,,,,,OF,Wilyer Abreu (43755605),Wilyer Abreu,43755605,OF,4500,CWS@BOS 08/05/2026 07:10PM ET,BOS,7.87
,,,,,,,,,,,,,,,2B/3B,Curtis Mead (43755779),Curtis Mead,43755779,2B/3B,4500,CWS@BOS 08/05/2026 07:10PM ET,BOS,7.80
,,,,,,,,,,,,,,,OF,Julio Rodriguez (43755606),Julio Rodriguez,43755606,OF,4500,DET@SEA 08/05/2026 09:40PM ET,SEA,7.76
,,,,,,,,,,,,,,,1B/OF,Jac Caglianone (43755603),Jac Caglianone,43755603,1B/OF,4500,MIN@KC 08/05/2026 07:40PM ET,KC,6.89
,,,,,,,,,,,,,,,1B,Ryan O'Hearn (43755778),Ryan O'Hearn,43755778,1B,4500,PIT@MIL 08/05/2026 07:40PM ET,PIT,7.95
,,,,,,,,,,,,,,,SS,Otto Lopez (43755608),Otto Lopez,43755608,SS,4400,MIA@ATL 08/05/2026 07:15PM ET,MIA,8.96
,,,,,,,,,,,,,,,OF,Sam Antonacci (43755610),Sam Antonacci,43755610,OF,4400,CWS@BOS 08/05/2026 07:10PM ET,CWS,7.58
,,,,,,,,,,,,,,,OF,Roman Anthony (43755781),Roman Anthony,43755781,OF,4400,CWS@BOS 08/05/2026 07:10PM ET,BOS,6.1
,,,,,,,,,,,,,,,2B,Gleyber Torres (43755609),Gleyber Torres,43755609,2B,4400,DET@SEA 08/05/2026 09:40PM ET,DET,7.89
,,,,,,,,,,,,,,,C,Ivan Herrera (43755611),Ivan Herrera,43755611,C,4400,STL@NYY 08/05/2026 07:05PM ET,STL,7.46
,,,,,,,,,,,,,,,1B,Ty France (43755618),Ty France,43755618,1B,4300,SD@ARI 08/05/2026 09:40PM ET,SD,7.01
,,,,,,,,,,,,,,,OF,Michael Harris II (43755614),Michael Harris II,43755614,OF,4300,MIA@ATL 08/05/2026 07:15PM ET,ATL,7.84
,,,,,,,,,,,,,,,OF,Ceddanne Rafaela (43755612),Ceddanne Rafaela,43755612,OF,4300,CWS@BOS 08/05/2026 07:10PM ET,BOS,8.32
,,,,,,,,,,,,,,,OF,Taylor Ward (43755616),Taylor Ward,43755616,OF,4300,DET@SEA 08/05/2026 09:40PM ET,SEA,7.02
,,,,,,,,,,,,,,,OF,Esmerlyn Valdez (43755613),Esmerlyn Valdez,43755613,OF,4300,PIT@MIL 08/05/2026 07:40PM ET,PIT,9.20
,,,,,,,,,,,,,,,C,William Contreras (43755615),William Contreras,43755615,C,4300,PIT@MIL 08/05/2026 07:40PM ET,MIL,7.11
,,,,,,,,,,,,,,,OF,Trent Grisham (43755617),Trent Grisham,43755617,OF,4300,STL@NYY 08/05/2026 07:05PM ET,NYY,6.98
,,,,,,,,,,,,,,,OF,Cody Bellinger (43755782),Cody Bellinger,43755782,OF,4300,STL@NYY 08/05/2026 07:05PM ET,NYY,7.79
,,,,,,,,,,,,,,,SS,Geraldo Perdomo (43755622),Geraldo Perdomo,43755622,SS,4200,SD@ARI 08/05/2026 09:40PM ET,ARI,7.47
,,,,,,,,,,,,,,,C,Adley Rutschman (43755783),Adley Rutschman,43755783,C,4200,CWS@BOS 08/05/2026 07:10PM ET,BOS,7.51
,,,,,,,,,,,,,,,1B,Spencer Torkelson (43755623),Spencer Torkelson,43755623,1B,4200,DET@SEA 08/05/2026 09:40PM ET,DET,6.70
,,,,,,,,,,,,,,,3B/SS,Maikel Garcia (43755784),Maikel Garcia,43755784,3B/SS,4200,MIN@KC 08/05/2026 07:40PM ET,KC,6.84
,,,,,,,,,,,,,,,1B/C,Endy Rodriguez (43755619),Endy Rodriguez,43755619,C/1B,4200,PIT@MIL 08/05/2026 07:40PM ET,PIT,7.29
,,,,,,,,,,,,,,,OF,Heliot Ramos (43755621),Heliot Ramos,43755621,OF,4200,STL@NYY 08/05/2026 07:05PM ET,NYY,6.95
,,,,,,,,,,,,,,,OF,Giancarlo Stanton (43755786),Giancarlo Stanton,43755786,OF,4200,STL@NYY 08/05/2026 07:05PM ET,NYY,6.79
,,,,,,,,,,,,,,,2B,Michael Massey (43755624),Michael Massey,43755624,2B,4100,MIN@KC 08/05/2026 07:40PM ET,KC,5.46
,,,,,,,,,,,,,,,3B,Brooks Lee (43755625),Brooks Lee,43755625,3B,4100,MIN@KC 08/05/2026 07:40PM ET,MIN,7.09
,,,,,,,,,,,,,,,OF,Luis Rengifo (43755629),Luis Rengifo,43755629,OF,4000,SD@ARI 08/05/2026 09:40PM ET,SD,5.60
,,,,,,,,,,,,,,,RP,Blake Walston (43756048),Blake Walston,43756048,P,4000,SD@ARI 08/05/2026 09:40PM ET,ARI,0
,,,,,,,,,,,,,,,RP,Garrett Hawkins (43756056),Garrett Hawkins,43756056,P,4000,SD@ARI 08/05/2026 09:40PM ET,SD,0
,,,,,,,,,,,,,,,RP,Alek Jacob (43756064),Alek Jacob,43756064,P,4000,SD@ARI 08/05/2026 09:40PM ET,SD,5.48
,,,,,,,,,,,,,,,RP,Adrian Morejon (43756066),Adrian Morejon,43756066,P,4000,SD@ARI 08/05/2026 09:40PM ET,SD,4.35
,,,,,,,,,,,,,,,RP,Paul Sewald (43756080),Paul Sewald,43756080,P,4000,SD@ARI 08/05/2026 09:40PM ET,ARI,2.32
,,,,,,,,,,,,,,,RP,Drey Jameson (43756082),Drey Jameson,43756082,P,4000,SD@ARI 08/05/2026 09:40PM ET,ARI,2.86
,,,,,,,,,,,,,,,RP,Philip Abner (43756083),Philip Abner,43756083,P,4000,SD@ARI 08/05/2026 09:40PM ET,ARI,1.72
,,,,,,,,,,,,,,,RP,Justin Martinez (43756087),Justin Martinez,43756087,P,4000,SD@ARI 08/05/2026 09:40PM ET,ARI,0
,,,,,,,,,,,,,,,RP,Jason Adam (43756120),Jason Adam,43756120,P,4000,SD@ARI 08/05/2026 09:40PM ET,SD,2.30
,,,,,,,,,,,,,,,RP,Hunter Stratton (43756122),Hunter Stratton,43756122,P,4000,SD@ARI 08/05/2026 09:40PM ET,SD,1.97
,,,,,,,,,,,,,,,RP,Kevin Ginkel (43756135),Kevin Ginkel,43756135,P,4000,SD@ARI 08/05/2026 09:40PM ET,ARI,2.89
,,,,,,,,,,,,,,,RP,A.J. Puk (43756136),A.J. Puk,43756136,P,4000,SD@ARI 08/05/2026 09:40PM ET,ARI,0
,,,,,,,,,,,,,,,RP,Andrew Hoffmann (43756146),Andrew Hoffmann,43756146,P,4000,SD@ARI 08/05/2026 09:40PM ET,ARI,2.08
,,,,,,,,,,,,,,,RP,Juan Burgos (43756147),Juan Burgos,43756147,P,4000,SD@ARI 08/05/2026 09:40PM ET,ARI,0.8
,,,,,,,,,,,,,,,RP,Ryan Thompson (43756152),Ryan Thompson,43756152,P,4000,SD@ARI 08/05/2026 09:40PM ET,ARI,1.91
,,,,,,,,,,,,,,,RP,Jonathan Loaisiga (43756154),Jonathan Loaisiga,43756154,P,4000,SD@ARI 08/05/2026 09:40PM ET,ARI,2.47
,,,,,,,,,,,,,,,RP,Jeremiah Estrada (43756159),Jeremiah Estrada,43756159,P,4000,SD@ARI 08/05/2026 09:40PM ET,SD,3.22
,,,,,,,,,,,,,,,RP,Bryan Hoeing (43756161),Bryan Hoeing,43756161,P,4000,SD@ARI 08/05/2026 09:40PM ET,SD,0
,,,,,,,,,,,,,,,RP,Bradgley Rodriguez (43756163),Bradgley Rodriguez,43756163,P,4000,SD@ARI 08/05/2026 09:40PM ET,SD,3.46
,,,,,,,,,,,,,,,RP,Wandy Peralta (43756168),Wandy Peralta,43756168,P,4000,SD@ARI 08/05/2026 09:40PM ET,SD,2.31
,,,,,,,,,,,,,,,RP,Mason Miller (43756175),Mason Miller,43756175,P,4000,SD@ARI 08/05/2026 09:40PM ET,SD,5.94
,,,,,,,,,,,,,,,RP,David Morgan (43756181),David Morgan,43756181,P,4000,SD@ARI 08/05/2026 09:40PM ET,SD,3.46
,,,,,,,,,,,,,,,RP,Brandyn Garcia (43756193),Brandyn Garcia,43756193,P,4000,SD@ARI 08/05/2026 09:40PM ET,ARI,3.00
,,,,,,,,,,,,,,,RP,Kade Strowd (43756207),Kade Strowd,43756207,P,4000,SD@ARI 08/05/2026 09:40PM ET,ARI,-0.15
,,,,,,,,,,,,,,,RP,Taylor Clarke (43756208),Taylor Clarke,43756208,P,4000,SD@ARI 08/05/2026 09:40PM ET,ARI,2.50
,,,,,,,,,,,,,,,RP,Andrew Saalfrank (43756210),Andrew Saalfrank,43756210,P,4000,SD@ARI 08/05/2026 09:40PM ET,ARI,0
,,,,,,,,,,,,,,,RP,Yuki Matsui (43756216),Yuki Matsui,43756216,P,4000,SD@ARI 08/05/2026 09:40PM ET,SD,4.53
,,,,,,,,,,,,,,,RP,Juan Morillo (43756225),Juan Morillo,43756225,P,4000,SD@ARI 08/05/2026 09:40PM ET,ARI,3.48
,,,,,,,,,,,,,,,2B,Ozzie Albies (43755626),Ozzie Albies,43755626,2B,4000,MIA@ATL 08/05/2026 07:15PM ET,ATL,7.71
,,,,,,,,,,,,,,,1B,Kyle Stowers (43755630),Kyle Stowers,43755630,1B,4000,MIA@ATL 08/05/2026 07:15PM ET,MIA,7.55
,,,,,,,,,,,,,,,RP,Joe Jimenez (43756057),Joe Jimenez,43756057,P,4000,MIA@ATL 08/05/2026 07:15PM ET,ATL,0
,,,,,,,,,,,,,,,RP,Raisel Iglesias (43756058),Raisel Iglesias,43756058,P,4000,MIA@ATL 08/05/2026 07:15PM ET,ATL,3.22
,,,,,,,,,,,,,,,RP,Brandan Bidois (43756065),Brandan Bidois,43756065,P,4000,MIA@ATL 08/05/2026 07:15PM ET,MIA,2.27
,,,,,,,,,,,,,,,SP,Duncan Davitt (43756073),Duncan Davitt,43756073,P,4000,MIA@ATL 08/05/2026 07:15PM ET,ATL,1.35
,,,,,,,,,,,,,,,RP,Brent Suter (43756074),Brent Suter,43756074,P,4000,MIA@ATL 08/05/2026 07:15PM ET,ATL,3.72
,,,,,,,,,,,,,,,RP,Cade Gibson (43756085),Cade Gibson,43756085,P,4000,MIA@ATL 08/05/2026 07:15PM ET,MIA,2.46
,,,,,,,,,,,,,,,RP,Hayden Harris (43756089),Hayden Harris,43756089,P,4000,MIA@ATL 08/05/2026 07:15PM ET,ATL,0
,,,,,,,,,,,,,,,RP,Pete Fairbanks (43756092),Pete Fairbanks,43756092,P,4000,MIA@ATL 08/05/2026 07:15PM ET,MIA,2.76
,,,,,,,,,,,,,,,RP,Michael Petersen (43756098),Michael Petersen,43756098,P,4000,MIA@ATL 08/05/2026 07:15PM ET,MIA,3.40
,,,,,,,,,,,,,,,RP,Andrew Nardi (43756102),Andrew Nardi,43756102,P,4000,MIA@ATL 08/05/2026 07:15PM ET,MIA,2.85
,,,,,,,,,,,,,,,RP,Tyler Zuber (43756105),Tyler Zuber,43756105,P,4000,MIA@ATL 08/05/2026 07:15PM ET,MIA,2.49
,,,,,,,,,,,,,,,RP,Will Kempner (43756113),Will Kempner,43756113,P,4000,MIA@ATL 08/05/2026 07:15PM ET,MIA,4.82
,,,,,,,,,,,,,,,RP,Zach Brzykcy (43756119),Zach Brzykcy,43756119,P,4000,MIA@ATL 08/05/2026 07:15PM ET,MIA,2.88
,,,,,,,,,,,,,,,RP,Robert Suarez (43756130),Robert Suarez,43756130,P,4000,MIA@ATL 08/05/2026 07:15PM ET,ATL,3.86
,,,,,,,,,,,,,,,RP,Anthony Bender (43756134),Anthony Bender,43756134,P,4000,MIA@ATL 08/05/2026 07:15PM ET,MIA,3.48
,,,,,,,,,,,,,,,RP,Josh Ekness (43756139),Josh Ekness,43756139,P,4000,MIA@ATL 08/05/2026 07:15PM ET,MIA,2.63
,,,,,,,,,,,,,,,RP,Dylan Dodd (43756140),Dylan Dodd,43756140,P,4000,MIA@ATL 08/05/2026 07:15PM ET,ATL,4.37
,,,,,,,,,,,,,,,RP,John King (43756144),John King,43756144,P,4000,MIA@ATL 08/05/2026 07:15PM ET,MIA,3.09
,,,,,,,,,,,,,,,RP,Calvin Faucher (43756164),Calvin Faucher,43756164,P,4000,MIA@ATL 08/05/2026 07:15PM ET,MIA,2.85
,,,,,,,,,,,,,,,RP,Tyler Uberstine (43756183),Tyler Uberstine,43756183,P,4000,MIA@ATL 08/05/2026 07:15PM ET,ATL,5.6
,,,,,,,,,,,,,,,RP,Rolddy Munoz (43756197),Rolddy Munoz,43756197,P,4000,MIA@ATL 08/05/2026 07:15PM ET,ATL,0.9
,,,,,,,,,,,,,,,RP,James Karinchak (43756201),James Karinchak,43756201,P,4000,MIA@ATL 08/05/2026 07:15PM ET,ATL,3.15
,,,,,,,,,,,,,,,RP,Dylan Lee (43756219),Dylan Lee,43756219,P,4000,MIA@ATL 08/05/2026 07:15PM ET,ATL,4.12
,,,,,,,,,,,,,,,RP,Victor Vodnik (43756220),Victor Vodnik,43756220,P,4000,MIA@ATL 08/05/2026 07:15PM ET,MIA,1.95
,,,,,,,,,,,,,,,RP,Josh White (43756223),Josh White,43756223,P,4000,MIA@ATL 08/05/2026 07:15PM ET,MIA,-10.1
,,,,,,,,,,,,,,,RP,Ronny Henriquez (43756224),Ronny Henriquez,43756224,P,4000,MIA@ATL 08/05/2026 07:15PM ET,MIA,0
,,,,,,,,,,,,,,,RP,Danny Young (43756226),Danny Young,43756226,P,4000,MIA@ATL 08/05/2026 07:15PM ET,ATL,1.26
,,,,,,,,,,,,,,,RP,Tyler Kinley (43756229),Tyler Kinley,43756229,P,4000,MIA@ATL 08/05/2026 07:15PM ET,ATL,2.75
,,,,,,,,,,,,,,,SP,Drew Thorpe (43756042),Drew Thorpe,43756042,P,4000,CWS@BOS 08/05/2026 07:10PM ET,CWS,0
,,,,,,,,,,,,,,,SP,Ky Bush (43756044),Ky Bush,43756044,P,4000,CWS@BOS 08/05/2026 07:10PM ET,CWS,0
,,,,,,,,,,,,,,,RP,Prelander Berroa (43756046),Prelander Berroa,43756046,P,4000,CWS@BOS 08/05/2026 07:10PM ET,CWS,0
,,,,,,,,,,,,,,,SP,Tanner McDougal (43756047),Tanner McDougal,43756047,P,4000,CWS@BOS 08/05/2026 07:10PM ET,CWS,0
,,,,,,,,,,,,,,,RP,Alec Gamboa (43756068),Alec Gamboa,43756068,P,4000,CWS@BOS 08/05/2026 07:10PM ET,BOS,5.46
,,,,,,,,,,,,,,,RP,Tyler Schweitzer (43756072),Tyler Schweitzer,43756072,P,4000,CWS@BOS 08/05/2026 07:10PM ET,CWS,4.14
,,,,,,,,,,,,,,,RP,Wikelman Gonzalez (43756078),Wikelman Gonzalez,43756078,P,4000,CWS@BOS 08/05/2026 07:10PM ET,CWS,0
,,,,,,,,,,,,,,,RP,Justin Slaten (43756079),Justin Slaten,43756079,P,4000,CWS@BOS 08/05/2026 07:10PM ET,BOS,2.86
,,,,,,,,,,,,,,,RP,Jordan Hicks (43756093),Jordan Hicks,43756093,P,4000,CWS@BOS 08/05/2026 07:10PM ET,CWS,2.85
,,,,,,,,,,,,,,,RP,Zack Kelly (43756094),Zack Kelly,43756094,P,4000,CWS@BOS 08/05/2026 07:10PM ET,BOS,2.21
,,,,,,,,,,,,,,,RP,Greg Weissert (43756116),Greg Weissert,43756116,P,4000,CWS@BOS 08/05/2026 07:10PM ET,BOS,2.61
,,,,,,,,,,,,,,,RP,Chris Murphy (43756127),Chris Murphy,43756127,P,4000,CWS@BOS 08/05/2026 07:10PM ET,CWS,2.83
,,,,,,,,,,,,,,,RP,Tyron Guerrero (43756145),Tyron Guerrero,43756145,P,4000,CWS@BOS 08/05/2026 07:10PM ET,BOS,3.57
,,,,,,,,,,,,,,,RP,Joe La Sorsa (43756150),Joe La Sorsa,43756150,P,4000,CWS@BOS 08/05/2026 07:10PM ET,BOS,0.15
,,,,,,,,,,,,,,,RP,Erik Miller (43756155),Erik Miller,43756155,P,4000,CWS@BOS 08/05/2026 07:10PM ET,BOS,3.23
,,,,,,,,,,,,,,,RP,Ryan Watson (43756160),Ryan Watson,43756160,P,4000,CWS@BOS 08/05/2026 07:10PM ET,BOS,3.25
,,,,,,,,,,,,,,,RP,Garrett Whitlock (43756186),Garrett Whitlock,43756186,P,4000,CWS@BOS 08/05/2026 07:10PM ET,BOS,3.87
,,,,,,,,,,,,,,,RP,Huascar Brazoban (43756188),Huascar Brazoban,43756188,P,4000,CWS@BOS 08/05/2026 07:10PM ET,CWS,3.78
,,,,,,,,,,,,,,,RP,Tyler Gilbert (43756191),Tyler Gilbert,43756191,P,4000,CWS@BOS 08/05/2026 07:10PM ET,CWS,-1.59
,,,,,,,,,,,,,,,RP,Aroldis Chapman (43756195),Aroldis Chapman,43756195,P,4000,CWS@BOS 08/05/2026 07:10PM ET,BOS,3.88
,,,,,,,,,,,,,,,RP,Tyler Samaniego (43756196),Tyler Samaniego,43756196,P,4000,CWS@BOS 08/05/2026 07:10PM ET,BOS,2.43
,,,,,,,,,,,,,,,RP,Tyler Davis (43756198),Tyler Davis,43756198,P,4000,CWS@BOS 08/05/2026 07:10PM ET,CWS,2.84
,,,,,,,,,,,,,,,RP,Bryan Hudson (43756204),Bryan Hudson,43756204,P,4000,CWS@BOS 08/05/2026 07:10PM ET,CWS,2.86
,,,,,,,,,,,,,,,RP,Jordan Leasure (43756217),Jordan Leasure,43756217,P,4000,CWS@BOS 08/05/2026 07:10PM ET,CWS,2.57
,,,,,,,,,,,,,,,RP,Sean Newcomb (43756221),Sean Newcomb,43756221,P,4000,CWS@BOS 08/05/2026 07:10PM ET,CWS,4.17
,,,,,,,,,,,,,,,RP,Jovani Moran (43756227),Jovani Moran,43756227,P,4000,CWS@BOS 08/05/2026 07:10PM ET,BOS,4.78
,,,,,,,,,,,,,,,C,Cal Raleigh (43755627),Cal Raleigh,43755627,C,4000,DET@SEA 08/05/2026 09:40PM ET,SEA,5.94
,,,,,,,,,,,,,,,SP,Jake Miller (43756049),Jake Miller,43756049,P,4000,DET@SEA 08/05/2026 09:40PM ET,DET,0
,,,,,,,,,,,,,,,SP,River Ryan (43756052),River Ryan,43756052,P,4000,DET@SEA 08/05/2026 09:40PM ET,DET,0
,,,,,,,,,,,,,,,RP,Robinson Ortiz (43756053),Robinson Ortiz,43756053,P,4000,DET@SEA 08/05/2026 09:40PM ET,SEA,0
,,,,,,,,,,,,,,,RP,Eduard Bazardo (43756059),Eduard Bazardo,43756059,P,4000,DET@SEA 08/05/2026 09:40PM ET,SEA,2.84
,,,,,,,,,,,,,,,RP,Ricky Vanasco (43756060),Ricky Vanasco,43756060,P,4000,DET@SEA 08/05/2026 09:40PM ET,DET,-2.35
,,,,,,,,,,,,,,,RP,Beau Brieske (43756070),Beau Brieske,43756070,P,4000,DET@SEA 08/05/2026 09:40PM ET,DET,1.9
,,,,,,,,,,,,,,,RP,Troy Taylor (43756086),Troy Taylor,43756086,P,4000,DET@SEA 08/05/2026 09:40PM ET,SEA,0
,,,,,,,,,,,,,,,RP,Drew Sommers (43756097),Drew Sommers,43756097,P,4000,DET@SEA 08/05/2026 09:40PM ET,DET,2.34
,,,,,,,,,,,,,,,RP,Bailey Horn (43756099),Bailey Horn,43756099,P,4000,DET@SEA 08/05/2026 09:40PM ET,DET,0
,,,,,,,,,,,,,,,RP,Andres Munoz (43756101),Andres Munoz,43756101,P,4000,DET@SEA 08/05/2026 09:40PM ET,SEA,3.96
,,,,,,,,,,,,,,,RP,Carlos Vargas (43756108),Carlos Vargas,43756108,P,4000,DET@SEA 08/05/2026 09:40PM ET,SEA,0
,,,,,,,,,,,,,,,RP,Brenan Hanifee (43756109),Brenan Hanifee,43756109,P,4000,DET@SEA 08/05/2026 09:40PM ET,DET,1.28
,,,,,,,,,,,,,,,RP,Gabe Speier (43756112),Gabe Speier,43756112,P,4000,DET@SEA 08/05/2026 09:40PM ET,SEA,2.66
,,,,,,,,,,,,,,,RP,Jose A. Ferrer (43756121),Jose A. Ferrer,43756121,P,4000,DET@SEA 08/05/2026 09:40PM ET,SEA,2.38
,,,,,,,,,,,,,,,RP,Jacob Waguespack (43756126),Jacob Waguespack,43756126,P,4000,DET@SEA 08/05/2026 09:40PM ET,DET,3.49
,,,,,,,,,,,,,,,RP,Josh Simpson (43756129),Josh Simpson,43756129,P,4000,DET@SEA 08/05/2026 09:40PM ET,SEA,1.76
,,,,,,,,,,,,,,,RP,Brant Hurter (43756132),Brant Hurter,43756132,P,4000,DET@SEA 08/05/2026 09:40PM ET,DET,3.63
,,,,,,,,,,,,,,,RP,Seranthony Dominguez (43756138),Seranthony Dominguez,43756138,P,4000,DET@SEA 08/05/2026 09:40PM ET,SEA,2.72
,,,,,,,,,,,,,,,RP,Will Vest (43756165),Will Vest,43756165,P,4000,DET@SEA 08/05/2026 09:40PM ET,DET,2.44
,,,,,,,,,,,,,,,RP,Sean Guenther (43756166),Sean Guenther,43756166,P,4000,DET@SEA 08/05/2026 09:40PM ET,DET,0
,,,,,,,,,,,,,,,RP,Enmanuel De Jesus (43756170),Enmanuel De Jesus,43756170,P,4000,DET@SEA 08/05/2026 09:40PM ET,DET,4.28
,,,,,,,,,,,,,,,RP,Nick Davila (43756173),Nick Davila,43756173,P,4000,DET@SEA 08/05/2026 09:40PM ET,SEA,1.65
,,,,,,,,,,,,,,,RP,Cole Wilcox (43756187),Cole Wilcox,43756187,P,4000,DET@SEA 08/05/2026 09:40PM ET,SEA,3.18
,,,,,,,,,,,,,,,RP,Kyle Finnegan (43756190),Kyle Finnegan,43756190,P,4000,DET@SEA 08/05/2026 09:40PM ET,DET,2.20
,,,,,,,,,,,,,,,RP,Michael Rucker (43756194),Michael Rucker,43756194,P,4000,DET@SEA 08/05/2026 09:40PM ET,SEA,3.10
,,,,,,,,,,,,,,,RP,Tyler Holton (43756200),Tyler Holton,43756200,P,4000,DET@SEA 08/05/2026 09:40PM ET,DET,2.47
,,,,,,,,,,,,,,,RP,Kenley Jansen (43756202),Kenley Jansen,43756202,P,4000,DET@SEA 08/05/2026 09:40PM ET,DET,2.86
,,,,,,,,,,,,,,,RP,Matt Brash (43756212),Matt Brash,43756212,P,4000,DET@SEA 08/05/2026 09:40PM ET,SEA,3.36
,,,,,,,,,,,,,,,RP,Burch Smith (43756214),Burch Smith,43756214,P,4000,DET@SEA 08/05/2026 09:40PM ET,DET,3.94
,,,,,,,,,,,,,,,1B,Vinnie Pasquantino (43755787),Vinnie Pasquantino,43755787,1B,4000,MIN@KC 08/05/2026 07:40PM ET,KC,6.46
,,,,,,,,,,,,,,,SP,Steven Zobac (43756045),Steven Zobac,43756045,P,4000,MIN@KC 08/05/2026 07:40PM ET,KC,0
,,,,,,,,,,,,,,,RP,James McArthur (43756055),James McArthur,43756055,P,4000,MIN@KC 08/05/2026 07:40PM ET,KC,0
,,,,,,,,,,,,,,,RP,Alex Lange (43756061),Alex Lange,43756061,P,4000,MIN@KC 08/05/2026 07:40PM ET,KC,2.14
,,,,,,,,,,,,,,,RP,Aaron Bummer (43756075),Aaron Bummer,43756075,P,4000,MIN@KC 08/05/2026 07:40PM ET,KC,0.75
,,,,,,,,,,,,,,,RP,Nolan Hoffman (43756077),Nolan Hoffman,43756077,P,4000,MIN@KC 08/05/2026 07:40PM ET,KC,1.7
,,,,,,,,,,,,,,,RP,Easton McGee (43756090),Easton McGee,43756090,P,4000,MIN@KC 08/05/2026 07:40PM ET,KC,2.39
,,,,,,,,,,,,,,,RP,Eric Orze (43756100),Eric Orze,43756100,P,4000,MIN@KC 08/05/2026 07:40PM ET,MIN,2.28
,,,,,,,,,,,,,,,RP,Taylor Rogers (43756104),Taylor Rogers,43756104,P,4000,MIN@KC 08/05/2026 07:40PM ET,MIN,2.03
,,,,,,,,,,,,,,,RP,Jose Cuas (43756106),Jose Cuas,43756106,P,4000,MIN@KC 08/05/2026 07:40PM ET,KC,4.45
,,,,,,,,,,,,,,,RP,Eli Morgan (43756110),Eli Morgan,43756110,P,4000,MIN@KC 08/05/2026 07:40PM ET,KC,2.03
,,,,,,,,,,,,,,,RP,Nick Mears (43756111),Nick Mears,43756111,P,4000,MIN@KC 08/05/2026 07:40PM ET,KC,2.00
,,,,,,,,,,,,,,,RP,Anthony Banda (43756115),Anthony Banda,43756115,P,4000,MIN@KC 08/05/2026 07:40PM ET,MIN,2.18
,,,,,,,,,,,,,,,RP,Beck Way (43756131),Beck Way,43756131,P,4000,MIN@KC 08/05/2026 07:40PM ET,KC,2.93
,,,,,,,,,,,,,,,RP,John Schreiber (43756143),John Schreiber,43756143,P,4000,MIN@KC 08/05/2026 07:40PM ET,KC,1.89
,,,,,,,,,,,,,,,RP,Tommy Nance (43756148),Tommy Nance,43756148,P,4000,MIN@KC 08/05/2026 07:40PM ET,MIN,2.99
,,,,,,,,,,,,,,,RP,A.J. Minter (43756149),A.J. Minter,43756149,P,4000,MIN@KC 08/05/2026 07:40PM ET,MIN,2.95
,,,,,,,,,,,,,,,RP,Taylor Rashi (43756151),Taylor Rashi,43756151,P,4000,MIN@KC 08/05/2026 07:40PM ET,MIN,3.28
,,,,,,,,,,,,,,,RP,Steven Cruz (43756153),Steven Cruz,43756153,P,4000,MIN@KC 08/05/2026 07:40PM ET,KC,3.16
,,,,,,,,,,,,,,,RP,Kody Funderburk (43756156),Kody Funderburk,43756156,P,4000,MIN@KC 08/05/2026 07:40PM ET,MIN,2.42
,,,,,,,,,,,,,,,RP,Carlos Duran (43756162),Carlos Duran,43756162,P,4000,MIN@KC 08/05/2026 07:40PM ET,KC,0
,,,,,,,,,,,,,,,RP,Nate Pearson (43756169),Nate Pearson,43756169,P,4000,MIN@KC 08/05/2026 07:40PM ET,KC,3.07
,,,,,,,,,,,,,,,RP,Connor Seabold (43756174),Connor Seabold,43756174,P,4000,MIN@KC 08/05/2026 07:40PM ET,KC,2.08
,,,,,,,,,,,,,,,RP,Andrew Morris (43756176),Andrew Morris,43756176,P,4000,MIN@KC 08/05/2026 07:40PM ET,MIN,3.69
,,,,,,,,,,,,,,,RP,Garrett Acton (43756179),Garrett Acton,43756179,P,4000,MIN@KC 08/05/2026 07:40PM ET,MIN,7.05
,,,,,,,,,,,,,,,RP,Jeff Hoffman (43756182),Jeff Hoffman,43756182,P,4000,MIN@KC 08/05/2026 07:40PM ET,MIN,3.86
,,,,,,,,,,,,,,,RP,Travis Adams (43756185),Travis Adams,43756185,P,4000,MIN@KC 08/05/2026 07:40PM ET,MIN,3.50
,,,,,,,,,,,,,,,RP,Carlos Estevez (43756192),Carlos Estevez,43756192,P,4000,MIN@KC 08/05/2026 07:40PM ET,KC,-14.85
,,,,,,,,,,,,,,,RP,Cole Sands (43756205),Cole Sands,43756205,P,4000,MIN@KC 08/05/2026 07:40PM ET,MIN,1.42
,,,,,,,,,,,,,,,RP,Woo Suk Go (43756206),Woo Suk Go,43756206,P,4000,MIN@KC 08/05/2026 07:40PM ET,MIN,1.25
,,,,,,,,,,,,,,,RP,Lucas Erceg (43756209),Lucas Erceg,43756209,P,4000,MIN@KC 08/05/2026 07:40PM ET,KC,1.43
,,,,,,,,,,,,,,,RP,Matt Strahm (43756218),Matt Strahm,43756218,P,4000,MIN@KC 08/05/2026 07:40PM ET,KC,1.56
,,,,,,,,,,,,,,,OF,Garrett Mitchell (43755628),Garrett Mitchell,43755628,OF,4000,PIT@MIL 08/05/2026 07:40PM ET,MIL,6.87
,,,,,,,,,,,,,,,RP,Khristian Curtis (43756051),Khristian Curtis,43756051,P,4000,PIT@MIL 08/05/2026 07:40PM ET,PIT,16.85
,,,,,,,,,,,,,,,RP,JoJo Romero (43756062),JoJo Romero,43756062,P,4000,PIT@MIL 08/05/2026 07:40PM ET,MIL,2.70
,,,,,,,,,,,,,,,RP,Mason Montgomery (43756063),Mason Montgomery,43756063,P,4000,PIT@MIL 08/05/2026 07:40PM ET,PIT,4.10
,,,,,,,,,,,,,,,RP,Luke Weaver (43756067),Luke Weaver,43756067,P,4000,PIT@MIL 08/05/2026 07:40PM ET,PIT,3.72
,,,,,,,,,,,,,,,SP,Noah Murdock (43756076),Noah Murdock,43756076,P,4000,PIT@MIL 08/05/2026 07:40PM ET,PIT,5.58
,,,,,,,,,,,,,,,RP,Gregory Soto (43756081),Gregory Soto,43756081,P,4000,PIT@MIL 08/05/2026 07:40PM ET,PIT,3.50
,,,,,,,,,,,,,,,RP,Grant Anderson (43756088),Grant Anderson,43756088,P,4000,PIT@MIL 08/05/2026 07:40PM ET,MIL,2.97
,,,,,,,,,,,,,,,RP,Aaron Ashby (43756095),Aaron Ashby,43756095,P,4000,PIT@MIL 08/05/2026 07:40PM ET,MIL,4.83
,,,,,,,,,,,,,,,RP,Yohan Ramirez (43756096),Yohan Ramirez,43756096,P,4000,PIT@MIL 08/05/2026 07:40PM ET,PIT,4.40
,,,,,,,,,,,,,,,RP,Garrett Stallings (43756103),Garrett Stallings,43756103,P,4000,PIT@MIL 08/05/2026 07:40PM ET,MIL,8.1
,,,,,,,,,,,,,,,RP,Abner Uribe (43756114),Abner Uribe,43756114,P,4000,PIT@MIL 08/05/2026 07:40PM ET,MIL,3.50
,,,,,,,,,,,,,,,RP,Rob Zastryzny (43756117),Rob Zastryzny,43756117,P,4000,PIT@MIL 08/05/2026 07:40PM ET,MIL,0
,,,,,,,,,,,,,,,RP,Trevor Megill (43756124),Trevor Megill,43756124,P,4000,PIT@MIL 08/05/2026 07:40PM ET,MIL,3.48
,,,,,,,,,,,,,,,RP,Camilo Doval (43756133),Camilo Doval,43756133,P,4000,PIT@MIL 08/05/2026 07:40PM ET,PIT,2.46
,,,,,,,,,,,,,,,RP,Isaac Mattson (43756158),Isaac Mattson,43756158,P,4000,PIT@MIL 08/05/2026 07:40PM ET,PIT,2.03
,,,,,,,,,,,,,,,RP,Brandon Eisert (43756177),Brandon Eisert,43756177,P,4000,PIT@MIL 08/05/2026 07:40PM ET,PIT,2.76
,,,,,,,,,,,,,,,RP,Jared Koenig (43756178),Jared Koenig,43756178,P,4000,PIT@MIL 08/05/2026 07:40PM ET,MIL,0.42
,,,,,,,,,,,,,,,RP,Chris Devenski (43756180),Chris Devenski,43756180,P,4000,PIT@MIL 08/05/2026 07:40PM ET,PIT,1.42
,,,,,,,,,,,,,,,RP,Joel Kuhnel (43756189),Joel Kuhnel,43756189,P,4000,PIT@MIL 08/05/2026 07:40PM ET,MIL,1.63
,,,,,,,,,,,,,,,RP,Drew Rom (43756203),Drew Rom,43756203,P,4000,PIT@MIL 08/05/2026 07:40PM ET,MIL,5.75
,,,,,,,,,,,,,,,RP,Brian Fitzpatrick (43756211),Brian Fitzpatrick,43756211,P,4000,PIT@MIL 08/05/2026 07:40PM ET,MIL,3.4
,,,,,,,,,,,,,,,RP,Angel Zerpa (43756213),Angel Zerpa,43756213,P,4000,PIT@MIL 08/05/2026 07:40PM ET,MIL,1.11
,,,,,,,,,,,,,,,RP,Kirby Yates (43756222),Kirby Yates,43756222,P,4000,PIT@MIL 08/05/2026 07:40PM ET,PIT,2.82
,,,,,,,,,,,,,,,RP,Evan Sisk (43756228),Evan Sisk,43756228,P,4000,PIT@MIL 08/05/2026 07:40PM ET,PIT,3.89
,,,,,,,,,,,,,,,RP,Cooper Hjerpe (43756043),Cooper Hjerpe,43756043,P,4000,STL@NYY 08/05/2026 07:05PM ET,STL,0
,,,,,,,,,,,,,,,SP,Chase Hampton (43756050),Chase Hampton,43756050,P,4000,STL@NYY 08/05/2026 07:05PM ET,NYY,0
,,,,,,,,,,,,,,,RP,Bradley Hanner (43756054),Bradley Hanner,43756054,P,4000,STL@NYY 08/05/2026 07:05PM ET,NYY,0
,,,,,,,,,,,,,,,RP,Angel Chivilli (43756069),Angel Chivilli,43756069,P,4000,STL@NYY 08/05/2026 07:05PM ET,NYY,3.09
,,,,,,,,,,,,,,,RP,Luis Gastelum (43756071),Luis Gastelum,43756071,P,4000,STL@NYY 08/05/2026 07:05PM ET,STL,1.59
,,,,,,,,,,,,,,,RP,David Bednar (43756084),David Bednar,43756084,P,4000,STL@NYY 08/05/2026 07:05PM ET,NYY,3.94
,,,,,,,,,,,,,,,SP,Riley O'Brien (43756091),Riley O'Brien,43756091,P,4000,STL@NYY 08/05/2026 07:05PM ET,STL,2.99
,,,,,,,,,,,,,,,RP,Max Rajcic (43756107),Max Rajcic,43756107,P,4000,STL@NYY 08/05/2026 07:05PM ET,STL,3.18
,,,,,,,,,,,,,,,RP,George Soriano (43756118),George Soriano,43756118,P,4000,STL@NYY 08/05/2026 07:05PM ET,STL,2.91
,,,,,,,,,,,,,,,RP,Matt Svanson (43756123),Matt Svanson,43756123,P,4000,STL@NYY 08/05/2026 07:05PM ET,STL,1.72
,,,,,,,,,,,,,,,RP,Yerry de los Santos (43756125),Yerry de los Santos,43756125,P,4000,STL@NYY 08/05/2026 07:05PM ET,NYY,4.86
,,,,,,,,,,,,,,,RP,Ryne Stanek (43756128),Ryne Stanek,43756128,P,4000,STL@NYY 08/05/2026 07:05PM ET,STL,2.34
,,,,,,,,,,,,,,,RP,Brendan Beck (43756137),Brendan Beck,43756137,P,4000,STL@NYY 08/05/2026 07:05PM ET,NYY,0.9
,,,,,,,,,,,,,,,RP,Kervin Castro (43756141),Kervin Castro,43756141,P,4000,STL@NYY 08/05/2026 07:05PM ET,NYY,5.78
,,,,,,,,,,,,,,,RP,Brent Headrick (43756142),Brent Headrick,43756142,P,4000,STL@NYY 08/05/2026 07:05PM ET,NYY,4.07
,,,,,,,,,,,,,,,RP,Fernando Cruz (43756157),Fernando Cruz,43756157,P,4000,STL@NYY 08/05/2026 07:05PM ET,NYY,3.26
,,,,,,,,,,,,,,,RP,Gordon Graceffo (43756167),Gordon Graceffo,43756167,P,4000,STL@NYY 08/05/2026 07:05PM ET,STL,3.28
,,,,,,,,,,,,,,,RP,Justin Bruihl (43756171),Justin Bruihl,43756171,P,4000,STL@NYY 08/05/2026 07:05PM ET,STL,2.21
,,,,,,,,,,,,,,,RP,Tim Hill (43756172),Tim Hill,43756172,P,4000,STL@NYY 08/05/2026 07:05PM ET,NYY,1.43
,,,,,,,,,,,,,,,RP,Caleb Ferguson (43756184),Caleb Ferguson,43756184,P,4000,STL@NYY 08/05/2026 07:05PM ET,STL,2.39
,,,,,,,,,,,,,,,RP,Peter Strzelecki (43756199),Peter Strzelecki,43756199,P,4000,STL@NYY 08/05/2026 07:05PM ET,STL,1.23
,,,,,,,,,,,,,,,RP,Ryan Fernandez (43756215),Ryan Fernandez,43756215,P,4000,STL@NYY 08/05/2026 07:05PM ET,STL,5.02
,,,,,,,,,,,,,,,2B,Xavier Edwards (43755631),Xavier Edwards,43755631,2B,3900,MIA@ATL 08/05/2026 07:15PM ET,MIA,7.38
,,,,,,,,,,,,,,,C,Eduardo Valencia (43755632),Eduardo Valencia,43755632,C,3900,DET@SEA 08/05/2026 09:40PM ET,DET,10.73
,,,,,,,,,,,,,,,1B,Spencer Horwitz (43755633),Spencer Horwitz,43755633,1B,3900,PIT@MIL 08/05/2026 07:40PM ET,PIT,7.12
,,,,,,,,,,,,,,,OF,Dominic Canzone (43755636),Dominic Canzone,43755636,OF,3800,DET@SEA 08/05/2026 09:40PM ET,SEA,6.44
,,,,,,,,,,,,,,,1B/2B,Royce Lewis (43755637),Royce Lewis,43755637,1B/2B,3800,MIN@KC 08/05/2026 07:40PM ET,MIN,7.38
,,,,,,,,,,,,,,,3B,Nick Gonzales (43755634),Nick Gonzales,43755634,3B,3800,PIT@MIL 08/05/2026 07:40PM ET,PIT,7.16
,,,,,,,,,,,,,,,C,Gary Sanchez (43755635),Gary Sanchez,43755635,C,3800,PIT@MIL 08/05/2026 07:40PM ET,MIL,6.03
,,,,,,,,,,,,,,,SS,Xander Bogaerts (43755642),Xander Bogaerts,43755642,SS,3700,SD@ARI 08/05/2026 09:40PM ET,SD,6.47
,,,,,,,,,,,,,,,3B,Austin Riley (43755639),Austin Riley,43755639,3B,3700,MIA@ATL 08/05/2026 07:15PM ET,ATL,6.41
,,,,,,,,,,,,,,,OF,Heriberto Hernandez (43755641),Heriberto Hernandez,43755641,OF,3700,MIA@ATL 08/05/2026 07:15PM ET,MIA,6.94
,,,,,,,,,,,,,,,2B,Chase Meidroth (43755643),Chase Meidroth,43755643,2B,3700,CWS@BOS 08/05/2026 07:10PM ET,CWS,6.80
,,,,,,,,,,,,,,,C,Kyle Teel (43755788),Kyle Teel,43755788,C,3700,CWS@BOS 08/05/2026 07:10PM ET,CWS,6
,,,,,,,,,,,,,,,1B,Paul Goldschmidt (43755640),Paul Goldschmidt,43755640,1B,3700,STL@NYY 08/05/2026 07:05PM ET,NYY,6.81
,,,,,,,,,,,,,,,3B,Nolan Arenado (43755649),Nolan Arenado,43755649,3B,3600,SD@ARI 08/05/2026 09:40PM ET,ARI,6.86
,,,,,,,,,,,,,,,OF,Lane Thomas (43755646),Lane Thomas,43755646,OF,3600,MIA@ATL 08/05/2026 07:15PM ET,ATL,5.66
,,,,,,,,,,,,,,,OF,Esteury Ruiz (43755648),Esteury Ruiz,43755648,OF,3600,MIA@ATL 08/05/2026 07:15PM ET,MIA,5.68
,,,,,,,,,,,,,,,OF,Brenton Doyle (43755654),Brenton Doyle,43755654,OF,3600,CWS@BOS 08/05/2026 07:10PM ET,CWS,4.74
,,,,,,,,,,,,,,,2B,Cole Young (43755651),Cole Young,43755651,2B,3600,DET@SEA 08/05/2026 09:40PM ET,SEA,6.82
,,,,,,,,,,,,,,,OF,John Rave (43755645),John Rave,43755645,OF,3600,MIN@KC 08/05/2026 07:40PM ET,KC,6
,,,,,,,,,,,,,,,OF,Trevor Larnach (43755647),Trevor Larnach,43755647,OF,3600,MIN@KC 08/05/2026 07:40PM ET,MIN,6.82
,,,,,,,,,,,,,,,1B,Josh Bell (43755650),Josh Bell,43755650,1B,3600,MIN@KC 08/05/2026 07:40PM ET,MIN,7.01
,,,,,,,,,,,,,,,OF,Jake Mangum (43755644),Jake Mangum,43755644,OF,3600,PIT@MIL 08/05/2026 07:40PM ET,PIT,6.53
,,,,,,,,,,,,,,,3B/SS,Jose Caballero (43755652),Jose Caballero,43755652,3B/SS,3600,STL@NYY 08/05/2026 07:05PM ET,NYY,7.03
,,,,,,,,,,,,,,,C,Luis Campusano (43755655),Luis Campusano,43755655,C,3500,SD@ARI 08/05/2026 09:40PM ET,SD,6.29
,,,,,,,,,,,,,,,OF,Lars Nootbaar (43755659),Lars Nootbaar,43755659,OF,3500,SD@ARI 08/05/2026 09:40PM ET,ARI,5.84
,,,,,,,,,,,,,,,1B/2B,Ildemaro Vargas (43755661),Ildemaro Vargas,43755661,1B/2B,3500,SD@ARI 08/05/2026 09:40PM ET,ARI,6.11
,,,,,,,,,,,,,,,OF,Jakob Marsee (43755657),Jakob Marsee,43755657,OF,3500,MIA@ATL 08/05/2026 07:15PM ET,MIA,6.28
,,,,,,,,,,,,,,,OF,Jarren Duran (43755656),Jarren Duran,43755656,OF,3500,CWS@BOS 08/05/2026 07:10PM ET,BOS,7.10
,,,,,,,,,,,,,,,OF,Braden Montgomery (43755660),Braden Montgomery,43755660,OF,3500,CWS@BOS 08/05/2026 07:10PM ET,CWS,6.53
,,,,,,,,,,,,,,,SS,Trevor Story (43755790),Trevor Story,43755790,SS,3500,CWS@BOS 08/05/2026 07:10PM ET,BOS,5.98
,,,,,,,,,,,,,,,OF,Kerry Carpenter (43755791),Kerry Carpenter,43755791,OF,3500,DET@SEA 08/05/2026 09:40PM ET,DET,5.27
,,,,,,,,,,,,,,,SS,Cooper Pratt (43755658),Cooper Pratt,43755658,SS,3500,PIT@MIL 08/05/2026 07:40PM ET,MIL,7.32
,,,,,,,,,,,,,,,OF,Jasson Dominguez (43755789),Jasson Dominguez,43755789,OF,3500,STL@NYY 08/05/2026 07:05PM ET,NYY,6.24
,,,,,,,,,,,,,,,3B,Javier Sanoja (43755666),Javier Sanoja,43755666,3B,3400,MIA@ATL 08/05/2026 07:15PM ET,MIA,5.18
,,,,,,,,,,,,,,,3B,Caleb Durbin (43755664),Caleb Durbin,43755664,3B,3400,CWS@BOS 08/05/2026 07:10PM ET,BOS,6.87
,,,,,,,,,,,,,,,1B,Josh Naylor (43755667),Josh Naylor,43755667,1B,3400,DET@SEA 08/05/2026 09:40PM ET,SEA,7.19
,,,,,,,,,,,,,,,3B,Brendan Donovan (43755792),Brendan Donovan,43755792,3B,3400,DET@SEA 08/05/2026 09:40PM ET,SEA,6.69
,,,,,,,,,,,,,,,SS,Tyler Tolbert (43755663),Tyler Tolbert,43755663,SS,3400,MIN@KC 08/05/2026 07:40PM ET,KC,5.06
,,,,,,,,,,,,,,,OF,Luis Lara (43755665),Luis Lara,43755665,OF,3400,PIT@MIL 08/05/2026 07:40PM ET,MIL,6.21
,,,,,,,,,,,,,,,OF,Max Kepler (43755671),Max Kepler,43755671,OF,3300,SD@ARI 08/05/2026 09:40PM ET,ARI,5.25
,,,,,,,,,,,,,,,1B/3B,Jose Fernandez (43755793),Jose Fernandez,43755793,1B/3B,3300,SD@ARI 08/05/2026 09:40PM ET,ARI,5.24
,,,,,,,,,,,,,,,1B/OF,Dominic Smith (43755673),Dominic Smith,43755673,1B/OF,3300,MIA@ATL 08/05/2026 07:15PM ET,ATL,5.2
,,,,,,,,,,,,,,,SS,Andruw Monasterio (43755670),Andruw Monasterio,43755670,SS,3300,CWS@BOS 08/05/2026 07:10PM ET,BOS,5.51
,,,,,,,,,,,,,,,1B/2B,Romy Gonzalez (43755676),Romy Gonzalez,43755676,1B/2B,3300,CWS@BOS 08/05/2026 07:10PM ET,BOS,5.32
,,,,,,,,,,,,,,,2B/3B,Hao-Yu Lee (43755668),Hao-Yu Lee,43755668,2B/3B,3300,DET@SEA 08/05/2026 09:40PM ET,DET,4.73
,,,,,,,,,,,,,,,OF,Luke Keaschall (43755675),Luke Keaschall,43755675,OF,3300,MIN@KC 08/05/2026 07:40PM ET,MIN,6.62
,,,,,,,,,,,,,,,1B/C,Salvador Perez (43755678),Salvador Perez,43755678,C/1B,3300,MIN@KC 08/05/2026 07:40PM ET,KC,6.11
,,,,,,,,,,,,,,,OF,Spencer Jones (43755672),Spencer Jones,43755672,OF,3300,STL@NYY 08/05/2026 07:05PM ET,NYY,4.80
,,,,,,,,,,,,,,,OF,Gavin Sheets (43755683),Gavin Sheets,43755683,OF,3200,SD@ARI 08/05/2026 09:40PM ET,SD,5.87
,,,,,,,,,,,,,,,OF,Samad Taylor (43755795),Samad Taylor,43755795,OF,3200,SD@ARI 08/05/2026 09:40PM ET,SD,7.88
,,,,,,,,,,,,,,,OF,Griffin Conine (43755681),Griffin Conine,43755681,OF,3200,MIA@ATL 08/05/2026 07:15PM ET,MIA,6.64
,,,,,,,,,,,,,,,OF,Randal Grichuk (43755684),Randal Grichuk,43755684,OF,3200,CWS@BOS 08/05/2026 07:10PM ET,CWS,4.43
,,,,,,,,,,,,,,,2B,Anthony Seigler (43755686),Anthony Seigler,43755686,2B,3200,CWS@BOS 08/05/2026 07:10PM ET,BOS,5.75
,,,,,,,,,,,,,,,C,Joey Bart (43755800),Joey Bart,43755800,C,3200,CWS@BOS 08/05/2026 07:10PM ET,CWS,4.43
,,,,,,,,,,,,,,,3B,Colt Keith (43755685),Colt Keith,43755685,3B,3200,DET@SEA 08/05/2026 09:40PM ET,DET,5.38
,,,,,,,,,,,,,,,C,Mitch Garver (43755687),Mitch Garver,43755687,C,3200,DET@SEA 08/05/2026 09:40PM ET,SEA,4.3
,,,,,,,,,,,,,,,2B/3B,Paul DeJong (43755798),Paul DeJong,43755798,2B/3B,3200,DET@SEA 08/05/2026 09:40PM ET,DET,0
,,,,,,,,,,,,,,,3B,David Hamilton (43755682),David Hamilton,43755682,3B,3200,PIT@MIL 08/05/2026 07:40PM ET,MIL,5.55
,,,,,,,,,,,,,,,1B/OF,Tyler Callihan (43755796),Tyler Callihan,43755796,1B/OF,3200,PIT@MIL 08/05/2026 07:40PM ET,PIT,4.5
,,,,,,,,,,,,,,,SS,Masyn Winn (43755680),Masyn Winn,43755680,SS,3200,STL@NYY 08/05/2026 07:05PM ET,STL,6.12
,,,,,,,,,,,,,,,1B/OF,Tim Tawa (43755693),Tim Tawa,43755693,1B/OF,3100,SD@ARI 08/05/2026 09:40PM ET,ARI,4.65
,,,,,,,,,,,,,,,2B,Jake Cronenworth (43755698),Jake Cronenworth,43755698,2B,3100,SD@ARI 08/05/2026 09:40PM ET,SD,5.31
,,,,,,,,,,,,,,,OF,Owen Caissie (43755689),Owen Caissie,43755689,OF,3100,MIA@ATL 08/05/2026 07:15PM ET,MIA,5.93
,,,,,,,,,,,,,,,OF,Andrew Benintendi (43755696),Andrew Benintendi,43755696,OF,3100,CWS@BOS 08/05/2026 07:10PM ET,CWS,6.22
,,,,,,,,,,,,,,,OF,Max Clark (43755697),Max Clark,43755697,OF,3100,DET@SEA 08/05/2026 09:40PM ET,DET,12.75
,,,,,,,,,,,,,,,C,Jhonny Pereda (43755802),Jhonny Pereda,43755802,C,3100,DET@SEA 08/05/2026 09:40PM ET,SEA,5.21
,,,,,,,,,,,,,,,SS,Ryan Kreidler (43755688),Ryan Kreidler,43755688,SS,3100,MIN@KC 08/05/2026 07:40PM ET,MIN,4.88
,,,,,,,,,,,,,,,2B,Jonathan India (43755801),Jonathan India,43755801,2B,3100,MIN@KC 08/05/2026 07:40PM ET,KC,5.41
,,,,,,,,,,,,,,,OF,Marcell Ozuna (43755690),Marcell Ozuna,43755690,OF,3100,PIT@MIL 08/05/2026 07:40PM ET,PIT,5.47
,,,,,,,,,,,,,,,OF,Brandon Lockridge (43755695),Brandon Lockridge,43755695,OF,3100,PIT@MIL 08/05/2026 07:40PM ET,MIL,5.86
,,,,,,,,,,,,,,,3B/OF,Jose Fermin (43755691),Jose Fermin,43755691,3B/OF,3100,STL@NYY 08/05/2026 07:05PM ET,STL,4.49
,,,,,,,,,,,,,,,OF,Ryan Waldschmidt (43755708),Ryan Waldschmidt,43755708,OF,3000,SD@ARI 08/05/2026 09:40PM ET,ARI,6.06
,,,,,,,,,,,,,,,OF,Jordan Lawlar (43755806),Jordan Lawlar,43755806,OF,3000,SD@ARI 08/05/2026 09:40PM ET,ARI,8.25
,,,,,,,,,,,,,,,OF,Mauricio Dubon (43755703),Mauricio Dubon,43755703,OF,3000,MIA@ATL 08/05/2026 07:15PM ET,ATL,6.70
,,,,,,,,,,,,,,,C,Joe Mack (43755712),Joe Mack,43755712,C,3000,MIA@ATL 08/05/2026 07:15PM ET,MIA,5.72
,,,,,,,,,,,,,,,C,Agustin Ramirez (43755805),Agustin Ramirez,43755805,C,3000,MIA@ATL 08/05/2026 07:15PM ET,MIA,6.5
,,,,,,,,,,,,,,,OF,Masataka Yoshida (43755702),Masataka Yoshida,43755702,OF,3000,CWS@BOS 08/05/2026 07:10PM ET,BOS,5.41
,,,,,,,,,,,,,,,OF,Tristan Peters (43755711),Tristan Peters,43755711,OF,3000,CWS@BOS 08/05/2026 07:10PM ET,CWS,5.38
,,,,,,,,,,,,,,,OF/SS,Javier Baez (43755706),Javier Baez,43755706,SS/OF,3000,DET@SEA 08/05/2026 09:40PM ET,DET,6.10
,,,,,,,,,,,,,,,3B/SS,J.P. Crawford (43755803),J.P. Crawford,43755803,3B/SS,3000,DET@SEA 08/05/2026 09:40PM ET,SEA,6.18
,,,,,,,,,,,,,,,OF,Wenceel Perez (43755808),Wenceel Perez,43755808,OF,3000,DET@SEA 08/05/2026 09:40PM ET,DET,5.09
,,,,,,,,,,,,,,,OF,Matt Vierling (43755809),Matt Vierling,43755809,OF,3000,DET@SEA 08/05/2026 09:40PM ET,DET,4.50
,,,,,,,,,,,,,,,2B/3B,Nick Loftin (43755700),Nick Loftin,43755700,2B/3B,3000,MIN@KC 08/05/2026 07:40PM ET,KC,5.83
,,,,,,,,,,,,,,,OF,Austin Martin (43755710),Austin Martin,43755710,OF,3000,MIN@KC 08/05/2026 07:40PM ET,MIN,4.80
,,,,,,,,,,,,,,,1B,Andrew Vaughn (43755699),Andrew Vaughn,43755699,1B,3000,PIT@MIL 08/05/2026 07:40PM ET,MIL,5.99
,,,,,,,,,,,,,,,SS,Jacob Gonzalez (43755704),Jacob Gonzalez,43755704,SS,3000,PIT@MIL 08/05/2026 07:40PM ET,PIT,5.33
,,,,,,,,,,,,,,,SS,Konnor Griffin (43755807),Konnor Griffin,43755807,SS,3000,PIT@MIL 08/05/2026 07:40PM ET,PIT,8.66
,,,,,,,,,,,,,,,3B,Amed Rosario (43755705),Amed Rosario,43755705,3B,3000,STL@NYY 08/05/2026 07:05PM ET,NYY,5.08
,,,,,,,,,,,,,,,OF,Nelson Velazquez (43755709),Nelson Velazquez,43755709,OF,3000,STL@NYY 08/05/2026 07:05PM ET,STL,4.24
,,,,,,,,,,,,,,,C,Adrian Del Castillo (43755715),Adrian Del Castillo,43755715,C,2900,SD@ARI 08/05/2026 09:40PM ET,ARI,4.73
,,,,,,,,,,,,,,,OF,Lourdes Gurriel Jr. (43755812),Lourdes Gurriel Jr.,43755812,OF,2900,SD@ARI 08/05/2026 09:40PM ET,ARI,4.96
,,,,,,,,,,,,,,,OF,Austin Hays (43755813),Austin Hays,43755813,OF,2900,CWS@BOS 08/05/2026 07:10PM ET,CWS,5.08
,,,,,,,,,,,,,,,3B/SS,Joey Ortiz (43755713),Joey Ortiz,43755713,3B/SS,2900,PIT@MIL 08/05/2026 07:40PM ET,MIL,4.75
,,,,,,,,,,,,,,,OF,Nathan Church (43755716),Nathan Church,43755716,OF,2900,STL@NYY 08/05/2026 07:05PM ET,STL,5.27
,,,,,,,,,,,,,,,SS,Anthony Volpe (43755810),Anthony Volpe,43755810,SS,2900,STL@NYY 08/05/2026 07:05PM ET,NYY,5.48
,,,,,,,,,,,,,,,3B,Nolan Gorman (43755811),Nolan Gorman,43755811,3B,2900,STL@NYY 08/05/2026 07:05PM ET,STL,5.06
,,,,,,,,,,,,,,,3B/SS,Sung-Mun Song (43755717),Sung-Mun Song,43755717,3B/SS,2800,SD@ARI 08/05/2026 09:40PM ET,SD,4.30
,,,,,,,,,,,,,,,3B/OF,Miguel Andujar (43755814),Miguel Andujar,43755814,3B/OF,2800,SD@ARI 08/05/2026 09:40PM ET,SD,5.45
,,,,,,,,,,,,,,,C,Sean Murphy (43755720),Sean Murphy,43755720,C,2800,MIA@ATL 08/05/2026 07:15PM ET,ATL,1.25
,,,,,,,,,,,,,,,SS,Colt Emerson (43755724),Colt Emerson,43755724,SS,2800,DET@SEA 08/05/2026 09:40PM ET,SEA,5.28
,,,,,,,,,,,,,,,OF,Isaac Collins (43755719),Isaac Collins,43755719,OF,2800,MIN@KC 08/05/2026 07:40PM ET,KC,5.87
,,,,,,,,,,,,,,,1B/C,Rafael Flores Jr. (43755722),Rafael Flores Jr.,43755722,C/1B,2800,PIT@MIL 08/05/2026 07:40PM ET,PIT,4.11
,,,,,,,,,,,,,,,OF,Sal Frelick (43755817),Sal Frelick,43755817,OF,2800,PIT@MIL 08/05/2026 07:40PM ET,MIL,5.21
,,,,,,,,,,,,,,,OF,Bryan Torres (43755721),Bryan Torres,43755721,OF,2800,STL@NYY 08/05/2026 07:05PM ET,STL,3.82
,,,,,,,,,,,,,,,3B,Ramon Urias (43755816),Ramon Urias,43755816,3B,2800,STL@NYY 08/05/2026 07:05PM ET,STL,3.8
,,,,,,,,,,,,,,,C,Freddy Fermin (43755727),Freddy Fermin,43755727,C,2700,SD@ARI 08/05/2026 09:40PM ET,SD,3.47
,,,,,,,,,,,,,,,1B,Tyler Locklear (43755729),Tyler Locklear,43755729,1B,2700,SD@ARI 08/05/2026 09:40PM ET,ARI,7.33
,,,,,,,,,,,,,,,OF,Tommy Troy (43755819),Tommy Troy,43755819,OF,2700,SD@ARI 08/05/2026 09:40PM ET,ARI,5.46
,,,,,,,,,,,,,,,3B,Leo Jimenez (43755728),Leo Jimenez,43755728,3B,2700,MIA@ATL 08/05/2026 07:15PM ET,MIA,3.82
,,,,,,,,,,,,,,,OF,Nate Eaton (43755818),Nate Eaton,43755818,OF,2700,CWS@BOS 08/05/2026 07:10PM ET,BOS,4.5
,,,,,,,,,,,,,,,OF/SS,Zach McKinstry (43755725),Zach McKinstry,43755725,SS/OF,2700,DET@SEA 08/05/2026 09:40PM ET,DET,4.65
,,,,,,,,,,,,,,,OF,Parker Meadows (43755822),Parker Meadows,43755822,OF,2700,DET@SEA 08/05/2026 09:40PM ET,DET,5.42
,,,,,,,,,,,,,,,OF,Matt Wallner (43755823),Matt Wallner,43755823,OF,2700,MIN@KC 08/05/2026 07:40PM ET,MIN,5.06
,,,,,,,,,,,,,,,C,Henry Davis (43755730),Henry Davis,43755730,C,2700,PIT@MIL 08/05/2026 07:40PM ET,PIT,4.74
,,,,,,,,,,,,,,,OF,Tyler Black (43755820),Tyler Black,43755820,OF,2700,PIT@MIL 08/05/2026 07:40PM ET,MIL,6.11
,,,,,,,,,,,,,,,OF,Robert Hassell III (43755821),Robert Hassell III,43755821,OF,2700,PIT@MIL 08/05/2026 07:40PM ET,PIT,0
,,,,,,,,,,,,,,,SS,Jim Jarvis (43755731),Jim Jarvis,43755731,SS,2600,MIA@ATL 08/05/2026 07:15PM ET,ATL,5
,,,,,,,,,,,,,,,OF,Mike Yastrzemski (43755734),Mike Yastrzemski,43755734,OF,2600,MIA@ATL 08/05/2026 07:15PM ET,ATL,4.86
,,,,,,,,,,,,,,,C,Brian Navarreto (43755737),Brian Navarreto,43755737,C,2600,MIA@ATL 08/05/2026 07:15PM ET,MIA,2.25
,,,,,,,,,,,,,,,OF,Brewer Hicklen (43755826),Brewer Hicklen,43755826,OF,2600,MIA@ATL 08/05/2026 07:15PM ET,ATL,6.62
,,,,,,,,,,,,,,,2B,Nick Sogard (43755732),Nick Sogard,43755732,2B,2600,CWS@BOS 08/05/2026 07:10PM ET,BOS,5.47
,,,,,,,,,,,,,,,C,Mickey Gasper (43755824),Mickey Gasper,43755824,C,2600,CWS@BOS 08/05/2026 07:10PM ET,BOS,4.38
,,,,,,,,,,,,,,,OF,Brooks Baldwin (43755827),Brooks Baldwin,43755827,OF,2600,CWS@BOS 08/05/2026 07:10PM ET,CWS,0
,,,,,,,,,,,,,,,OF,Luke Raley (43755825),Luke Raley,43755825,OF,2600,DET@SEA 08/05/2026 09:40PM ET,SEA,5.10
,,,,,,,,,,,,,,,3B,Josh Rojas (43755733),Josh Rojas,43755733,3B,2600,MIN@KC 08/05/2026 07:40PM ET,KC,3.48
,,,,,,,,,,,,,,,1B/C,Victor Caratini (43755735),Victor Caratini,43755735,C/1B,2600,MIN@KC 08/05/2026 07:40PM ET,MIN,5.29
,,,,,,,,,,,,,,,OF,Jase Bowen (43755741),Jase Bowen,43755741,OF,2500,SD@ARI 08/05/2026 09:40PM ET,SD,2.42
,,,,,,,,,,,,,,,C,James McCann (43755744),James McCann,43755744,C,2500,SD@ARI 08/05/2026 09:40PM ET,ARI,6.39
,,,,,,,,,,,,,,,OF,Jahmai Jones (43755743),Jahmai Jones,43755743,OF,2500,CWS@BOS 08/05/2026 07:10PM ET,BOS,2.53
,,,,,,,,,,,,,,,C,Drew Romo (43755746),Drew Romo,43755746,C,2500,CWS@BOS 08/05/2026 07:10PM ET,CWS,4.04
,,,,,,,,,,,,,,,2B/SS,Isiah Kiner-Falefa (43755828),Isiah Kiner-Falefa,43755828,2B/SS,2500,CWS@BOS 08/05/2026 07:10PM ET,BOS,5.19
,,,,,,,,,,,,,,,3B/OF,Weston Wilson (43755738),Weston Wilson,43755738,3B/OF,2500,DET@SEA 08/05/2026 09:40PM ET,SEA,3.79
,,,,,,,,,,,,,,,OF,Victor Robles (43755745),Victor Robles,43755745,OF,2500,DET@SEA 08/05/2026 09:40PM ET,SEA,3.35
,,,,,,,,,,,,,,,OF,Starling Marte (43755742),Starling Marte,43755742,OF,2500,MIN@KC 08/05/2026 07:40PM ET,KC,3.85
,,,,,,,,,,,,,,,OF,Akil Baddoo (43755830),Akil Baddoo,43755830,OF,2500,PIT@MIL 08/05/2026 07:40PM ET,MIL,0
,,,,,,,,,,,,,,,SS,George Lombard Jr. (43755740),George Lombard Jr.,43755740,SS,2500,STL@NYY 08/05/2026 07:05PM ET,NYY,16
,,,,,,,,,,,,,,,OF,Jorge Barrosa (43755753),Jorge Barrosa,43755753,OF,2400,SD@ARI 08/05/2026 09:40PM ET,ARI,2.64
,,,,,,,,,,,,,,,2B/3B,Gage Workman (43755832),Gage Workman,43755832,2B/3B,2400,SD@ARI 08/05/2026 09:40PM ET,SD,3.18
,,,,,,,,,,,,,,,C,Connor Wong (43755751),Connor Wong,43755751,C,2400,CWS@BOS 08/05/2026 07:10PM ET,BOS,4.66
,,,,,,,,,,,,,,,1B/C,Alex Jackson (43755747),Alex Jackson,43755747,C/1B,2400,MIN@KC 08/05/2026 07:40PM ET,MIN,4.11
,,,,,,,,,,,,,,,OF,Kyle Isbel (43755752),Kyle Isbel,43755752,OF,2400,MIN@KC 08/05/2026 07:40PM ET,KC,4.82
,,,,,,,,,,,,,,,3B/SS,Jared Triolo (43755749),Jared Triolo,43755749,3B/SS,2400,PIT@MIL 08/05/2026 07:40PM ET,PIT,4.74
,,,,,,,,,,,,,,,OF,Victor Scott II (43755831),Victor Scott II,43755831,OF,2400,STL@NYY 08/05/2026 07:05PM ET,STL,4.08
,,,,,,,,,,,,,,,OF,Eli White (43755836),Eli White,43755836,OF,2300,CWS@BOS 08/05/2026 07:10PM ET,BOS,3.77
,,,,,,,,,,,,,,,OF,Stuart Fairchild (43755759),Stuart Fairchild,43755759,OF,2300,DET@SEA 08/05/2026 09:40PM ET,SEA,3
,,,,,,,,,,,,,,,OF,James Outman (43755760),James Outman,43755760,OF,2300,DET@SEA 08/05/2026 09:40PM ET,DET,3.02
,,,,,,,,,,,,,,,2B/3B,Will Wilson (43755834),Will Wilson,43755834,2B/3B,2300,DET@SEA 08/05/2026 09:40PM ET,SEA,9
,,,,,,,,,,,,,,,SS,Andrew Velazquez (43755757),Andrew Velazquez,43755757,SS,2300,MIN@KC 08/05/2026 07:40PM ET,KC,1.33
,,,,,,,,,,,,,,,OF,Jhostynxon Garcia (43755758),Jhostynxon Garcia,43755758,OF,2300,PIT@MIL 08/05/2026 07:40PM ET,PIT,2.38
,,,,,,,,,,,,,,,C,Bo Naylor (43755837),Bo Naylor,43755837,C,2300,PIT@MIL 08/05/2026 07:40PM ET,MIL,3.14
,,,,,,,,,,,,,,,C,Pedro Pages (43755754),Pedro Pages,43755754,C,2300,STL@NYY 08/05/2026 07:05PM ET,STL,3.34
,,,,,,,,,,,,,,,3B,Ryan McMahon (43755755),Ryan McMahon,43755755,3B,2300,STL@NYY 08/05/2026 07:05PM ET,NYY,4.40
,,,,,,,,,,,,,,,C,Ali Sanchez (43755756),Ali Sanchez,43755756,C,2300,STL@NYY 08/05/2026 07:05PM ET,NYY,2.77
,,,,,,,,,,,,,,,SS,Luisangel Acuna (43755761),Luisangel Acuna,43755761,SS,2200,CWS@BOS 08/05/2026 07:10PM ET,CWS,3.66
,,,,,,,,,,,,,,,OF,Ben Malgeri (43755765),Ben Malgeri,43755765,OF,2200,DET@SEA 08/05/2026 09:40PM ET,DET,4.10
,,,,,,,,,,,,,,,C,Luke Maile (43755763),Luke Maile,43755763,C,2200,MIN@KC 08/05/2026 07:40PM ET,KC,7.4
,,,,,,,,,,,,,,,OF,Billy Cook (43755838),Billy Cook,43755838,OF,2200,PIT@MIL 08/05/2026 07:40PM ET,PIT,1.29
,,,,,,,,,,,,,,,3B,Blaze Jordan (43755762),Blaze Jordan,43755762,3B,2200,STL@NYY 08/05/2026 07:05PM ET,STL,5.25
,,,,,,,,,,,,,,,C,Jimmy Crooks (43755764),Jimmy Crooks,43755764,C,2200,STL@NYY 08/05/2026 07:05PM ET,STL,3.62
,,,,,,,,,,,,,,,C,Jake Rogers (43755767),Jake Rogers,43755767,C,2100,CWS@BOS 08/05/2026 07:10PM ET,BOS,3.92
,,,,,,,,,,,,,,,OF,Rob Refsnyder (43755769),Rob Refsnyder,43755769,OF,2100,DET@SEA 08/05/2026 09:40PM ET,SEA,2.64
,,,,,,,,,,,,,,,SS,Tristan Gray (43755766),Tristan Gray,43755766,SS,2100,MIN@KC 08/05/2026 07:40PM ET,MIN,4.23
,,,,,,,,,,,,,,,OF,Alan Roden (43755770),Alan Roden,43755770,OF,2100,MIN@KC 08/05/2026 07:40PM ET,MIN,3.42
,,,,,,,,,,,,,,,C,Austin Wells (43755768),Austin Wells,43755768,C,2100,STL@NYY 08/05/2026 07:05PM ET,NYY,4.02
,,,,,,,,,,,,,,,C,Rodolfo Duran (43755771),Rodolfo Duran,43755771,C,2000,SD@ARI 08/05/2026 09:40PM ET,SD,2.90
,,,,,,,,,,,,,,,OF,Ramon Laureano (43755841),Ramon Laureano,43755841,OF,2000,SD@ARI 08/05/2026 09:40PM ET,SD,6.58
,,,,,,,,,,,,,,,2B/SS,Mason McCoy (43755842),Mason McCoy,43755842,2B/SS,2000,SD@ARI 08/05/2026 09:40PM ET,SD,0
,,,,,,,,,,,,,,,1B,LuJames Groover (43755861),LuJames Groover,43755861,1B,2000,SD@ARI 08/05/2026 09:40PM ET,ARI,4.2
,,,,,,,,,,,,,,,2B,Will Wagner (43755876),Will Wagner,43755876,2B,2000,SD@ARI 08/05/2026 09:40PM ET,SD,3.69
,,,,,,,,,,,,,,,C,Blake Hunt (43755883),Blake Hunt,43755883,C,2000,SD@ARI 08/05/2026 09:40PM ET,SD,0
,,,,,,,,,,,,,,,SS,Ha-Seong Kim (43755773),Ha-Seong Kim,43755773,SS,2000,MIA@ATL 08/05/2026 07:15PM ET,ATL,1.93
,,,,,,,,,,,,,,,3B,Graham Pauley (43755845),Graham Pauley,43755845,3B,2000,MIA@ATL 08/05/2026 07:15PM ET,MIA,3.34
,,,,,,,,,,,,,,,1B,Deyvison De Los Santos (43755846),Deyvison De Los Santos,43755846,1B,2000,MIA@ATL 08/05/2026 07:15PM ET,MIA,2.67
,,,,,,,,,,,,,,,SS,Jared Serna (43755851),Jared Serna,43755851,SS,2000,MIA@ATL 08/05/2026 07:15PM ET,MIA,0
,,,,,,,,,,,,,,,OF,Jurickson Profar (43755854),Jurickson Profar,43755854,OF,2000,MIA@ATL 08/05/2026 07:15PM ET,ATL,0
,,,,,,,,,,,,,,,2B/3B,Maximo Acosta (43755857),Maximo Acosta,43755857,2B/3B,2000,MIA@ATL 08/05/2026 07:15PM ET,MIA,0
,,,,,,,,,,,,,,,OF,DaShawn Keirsey Jr. (43755874),DaShawn Keirsey Jr.,43755874,OF,2000,MIA@ATL 08/05/2026 07:15PM ET,ATL,0
,,,,,,,,,,,,,,,1B/3B,Brett Harris (43755839),Brett Harris,43755839,1B/3B,2000,CWS@BOS 08/05/2026 07:10PM ET,BOS,1
,,,,,,,,,,,,,,,1B,Triston Casas (43755855),Triston Casas,43755855,1B,2000,CWS@BOS 08/05/2026 07:10PM ET,BOS,0
,,,,,,,,,,,,,,,2B,Kristian Campbell (43755856),Kristian Campbell,43755856,2B,2000,CWS@BOS 08/05/2026 07:10PM ET,BOS,0
,,,,,,,,,,,,,,,SS,Tsung-Che Cheng (43755863),Tsung-Che Cheng,43755863,SS,2000,CWS@BOS 08/05/2026 07:10PM ET,BOS,4.57
,,,,,,,,,,,,,,,OF,Rikuu Nishida (43755870),Rikuu Nishida,43755870,OF,2000,CWS@BOS 08/05/2026 07:10PM ET,CWS,2.58
,,,,,,,,,,,,,,,C,Edgar Quero (43755871),Edgar Quero,43755871,C,2000,CWS@BOS 08/05/2026 07:10PM ET,CWS,3.41
,,,,,,,,,,,,,,,OF,Junior Perez (43755875),Junior Perez,43755875,OF,2000,CWS@BOS 08/05/2026 07:10PM ET,CWS,2.86
,,,,,,,,,,,,,,,3B/OF,Tanner Murray (43755877),Tanner Murray,43755877,3B/OF,2000,CWS@BOS 08/05/2026 07:10PM ET,CWS,3.15
,,,,,,,,,,,,,,,3B,Leo Rivas (43755772),Leo Rivas,43755772,3B,2000,DET@SEA 08/05/2026 09:40PM ET,SEA,3.2
,,,,,,,,,,,,,,,2B,Ryan Bliss (43755844),Ryan Bliss,43755844,2B,2000,DET@SEA 08/05/2026 09:40PM ET,SEA,2.33
,,,,,,,,,,,,,,,C,Thayron Liranzo (43755847),Thayron Liranzo,43755847,C,2000,DET@SEA 08/05/2026 09:40PM ET,DET,0
,,,,,,,,,,,,,,,OF,Brennen Davis (43755848),Brennen Davis,43755848,OF,2000,DET@SEA 08/05/2026 09:40PM ET,SEA,0
,,,,,,,,,,,,,,,1B/3B,Patrick Wisdom (43755859),Patrick Wisdom,43755859,1B/3B,2000,DET@SEA 08/05/2026 09:40PM ET,SEA,2.93
,,,,,,,,,,,,,,,SS,Trey Sweeney (43755862),Trey Sweeney,43755862,SS,2000,DET@SEA 08/05/2026 09:40PM ET,DET,0
,,,,,,,,,,,,,,,1B/OF,Connor Joe (43755867),Connor Joe,43755867,1B/OF,2000,DET@SEA 08/05/2026 09:40PM ET,SEA,3.05
,,,,,,,,,,,,,,,3B,Jace Jung (43755884),Jace Jung,43755884,3B,2000,DET@SEA 08/05/2026 09:40PM ET,DET,3
,,,,,,,,,,,,,,,OF,Trei Cruz (43755887),Trei Cruz,43755887,OF,2000,DET@SEA 08/05/2026 09:40PM ET,DET,0
,,,,,,,,,,,,,,,OF,Hendry Mendez (43755849),Hendry Mendez,43755849,OF,2000,MIN@KC 08/05/2026 07:40PM ET,MIN,0
,,,,,,,,,,,,,,,OF,Emmanuel Rodriguez (43755850),Emmanuel Rodriguez,43755850,OF,2000,MIN@KC 08/05/2026 07:40PM ET,MIN,0
,,,,,,,,,,,,,,,OF,Kyler Fedko (43755869),Kyler Fedko,43755869,OF,2000,MIN@KC 08/05/2026 07:40PM ET,MIN,0.57
,,,,,,,,,,,,,,,OF,Matthew Lugo (43755879),Matthew Lugo,43755879,OF,2000,MIN@KC 08/05/2026 07:40PM ET,KC,0
,,,,,,,,,,,,,,,OF,Gabriel Gonzalez (43755888),Gabriel Gonzalez,43755888,OF,2000,MIN@KC 08/05/2026 07:40PM ET,MIN,9
,,,,,,,,,,,,,,,1B/3B,Nick Yorke (43755864),Nick Yorke,43755864,1B/3B,2000,PIT@MIL 08/05/2026 07:40PM ET,PIT,3.70
,,,,,,,,,,,,,,,SS,Jack Brannigan (43755882),Jack Brannigan,43755882,SS,2000,PIT@MIL 08/05/2026 07:40PM ET,PIT,0
,,,,,,,,,,,,,,,OF,Johnathan Rodriguez (43755885),Johnathan Rodriguez,43755885,OF,2000,PIT@MIL 08/05/2026 07:40PM ET,PIT,2.57
,,,,,,,,,,,,,,,C,Jeferson Quero (43755886),Jeferson Quero,43755886,C,2000,PIT@MIL 08/05/2026 07:40PM ET,MIL,2
,,,,,,,,,,,,,,,OF,Joshua Baez (43755852),Joshua Baez,43755852,OF,2000,STL@NYY 08/05/2026 07:05PM ET,STL,0
,,,,,,,,,,,,,,,C,Leo Bernal (43755853),Leo Bernal,43755853,C,2000,STL@NYY 08/05/2026 07:05PM ET,STL,0
,,,,,,,,,,,,,,,3B,Oswaldo Cabrera (43755866),Oswaldo Cabrera,43755866,3B,2000,STL@NYY 08/05/2026 07:05PM ET,NYY,0
,,,,,,,,,,,,,,,C,J.C. Escarra (43755872),J.C. Escarra,43755872,C,2000,STL@NYY 08/05/2026 07:05PM ET,NYY,3.28
,,,,,,,,,,,,,,,3B,Cesar Prieto (43755873),Cesar Prieto,43755873,3B,2000,STL@NYY 08/05/2026 07:05PM ET,STL,0
,,,,,,,,,,,,,,,2B/OF,Thomas Saggese (43755880),Thomas Saggese,43755880,2B/OF,2000,STL@NYY 08/05/2026 07:05PM ET,STL,3.16
